timestamp,t_sec,body_state,upper_body,lower_visible,lean_side,trunk_deg,neck_deg,knee_L,knee_R,hip_L,hip_R,overall_quality_score,risk_level
2025-08-16T01:19:56.269633,1.0,Unknown,Neutral,False,,3.1,9.2,178.2,177.0,174.6,177.3,63.2,Medium
2025-08-16T01:19:56.301025,1.03,Unknown,Neutral,False,,3.1,9.3,178.2,177.1,174.6,177.4,63.1,Medium
2025-08-16T01:19:56.331801,1.06,Unknown,Neutral,False,,3.1,9.5,178.2,177.1,174.7,177.4,63.1,Medium
2025-08-16T01:19:56.366693,1.09,Unknown,Neutral,False,,3.2,9.6,178.3,177.0,174.8,177.4,63.0,Medium
2025-08-16T01:19:56.398441,1.12,Unknown,Neutral,False,,3.2,9.6,178.3,177.0,174.9,177.3,63.0,Medium
2025-08-16T01:19:56.436520,1.16,Unknown,Neutral,False,,3.3,9.7,178.4,176.9,175.0,177.3,63.1,Medium
2025-08-16T01:19:56.482362,1.2,Unknown,Neutral,False,,3.3,9.7,178.4,176.8,175.1,177.2,63.1,Medium
2025-08-16T01:19:56.516033,1.23,Unknown,Neutral,False,,3.3,9.5,178.3,176.7,175.2,177.2,63.1,Medium
2025-08-16T01:19:56.549973,1.28,Unknown,Neutral,False,,3.3,9.2,178.3,176.6,175.5,177.0,63.3,Medium
2025-08-16T01:19:56.586768,1.31,Unknown,Neutral,False,,3.3,8.9,178.3,176.5,175.7,176.9,63.4,Medium
2025-08-16T01:19:56.619947,1.34,Unknown,Neutral,False,,3.3,8.6,178.4,176.6,175.9,176.9,63.4,Medium
2025-08-16T01:19:56.652991,1.38,Unknown,Neutral,False,,3.2,8.4,178.5,176.7,176.0,176.9,63.5,Medium
2025-08-16T01:19:56.687239,1.41,Unknown,Neutral,False,,3.2,8.0,178.6,176.7,176.0,176.9,63.5,Medium
2025-08-16T01:19:56.721170,1.45,Unknown,Neutral,False,,3.2,7.9,178.7,176.9,176.0,176.9,63.5,Medium
2025-08-16T01:19:56.755155,1.48,Unknown,Neutral,False,,3.2,7.6,178.9,177.1,175.9,177.1,63.3,Medium
2025-08-16T01:19:56.788962,1.52,Unknown,Neutral,False,,3.3,7.4,178.9,177.3,175.9,177.3,63.0,Medium
2025-08-16T01:19:56.821905,1.55,Unknown,Neutral,False,,3.3,7.3,179.0,177.5,175.8,177.4,62.8,Medium
2025-08-16T01:19:56.857960,1.58,Unknown,Neutral,False,,3.2,7.4,179.0,177.6,175.6,177.7,62.2,Medium
2025-08-16T01:19:56.891016,1.61,Unknown,Neutral,False,,3.3,7.5,179.1,177.8,175.5,177.9,61.8,Medium
2025-08-16T01:19:56.924448,1.66,Unknown,Neutral,False,,3.4,7.3,179.1,178.0,175.5,177.9,61.8,Medium
2025-08-16T01:19:56.958219,1.69,Unknown,Neutral,False,,3.6,7.1,179.3,178.2,175.6,177.8,61.7,Medium
2025-08-16T01:19:56.992537,1.72,Unknown,Neutral,False,,3.9,7.1,179.4,178.4,175.7,177.4,62.0,Medium
2025-08-16T01:19:57.025969,1.75,Unknown,Neutral,False,,4.4,7.2,179.5,178.6,175.8,176.8,62.5,Medium
2025-08-16T01:19:57.059930,1.78,Unknown,Neutral,False,,4.9,7.0,179.5,178.7,176.0,176.3,63.0,Medium
2025-08-16T01:19:57.092857,1.81,Unknown,Neutral,False,,5.5,6.4,179.5,178.8,176.1,175.7,63.2,Medium
2025-08-16T01:19:57.126093,1.84,Unknown,Neutral,False,,5.9,5.9,179.3,178.6,176.4,174.9,63.4,Medium
2025-08-16T01:19:57.162686,1.89,Unknown,Neutral,False,,6.1,4.8,179.1,178.2,176.5,174.4,63.4,Medium
2025-08-16T01:19:57.194344,1.92,Unknown,Neutral,False,,6.3,3.8,178.8,177.7,176.5,174.1,63.6,Medium
2025-08-16T01:19:57.228507,1.95,Unknown,Neutral,False,,6.6,2.9,178.9,177.7,176.5,173.6,63.6,Medium
2025-08-16T01:19:57.261169,1.98,Unknown,Neutral,False,,6.9,2.1,178.8,177.7,176.7,173.0,63.5,Medium
2025-08-16T01:19:57.295294,2.02,Unknown,Neutral,False,,7.0,1.7,178.6,177.7,177.0,172.2,63.2,Medium
2025-08-16T01:19:57.332752,2.06,Unknown,Neutral,False,,7.1,1.3,178.6,177.8,177.3,171.7,63.0,Medium
2025-08-16T01:19:57.362575,2.09,Unknown,Neutral,False,,7.3,1.1,178.6,177.9,177.3,171.3,62.8,Medium
2025-08-16T01:19:57.396785,2.12,Unknown,Neutral,False,,7.3,0.9,178.6,177.9,177.3,171.1,62.7,Medium
2025-08-16T01:19:57.430610,2.16,Unknown,Neutral,False,,7.5,1.0,178.6,177.9,177.4,170.9,62.6,Medium
2025-08-16T01:19:57.464285,2.19,Unknown,Neutral,False,,7.7,1.1,178.6,178.0,177.5,170.7,62.4,Medium
2025-08-16T01:19:57.492196,2.22,Unknown,Neutral,False,,7.9,1.3,178.6,177.9,177.6,170.5,62.3,Medium
2025-08-16T01:19:57.524566,2.25,Unknown,Neutral,False,,8.0,1.6,178.5,178.0,177.7,170.4,62.2,Medium
2025-08-16T01:19:57.557994,2.28,Unknown,Neutral,False,,8.2,2.0,178.4,178.0,177.7,170.3,62.1,Medium
2025-08-16T01:19:57.591249,2.31,Unknown,Neutral,False,,8.3,2.3,178.4,178.1,177.8,170.2,62.1,Medium
2025-08-16T01:19:57.624622,2.34,Unknown,Neutral,False,,8.5,2.5,178.4,178.1,177.9,170.1,62.1,Medium
2025-08-16T01:19:57.658627,2.39,Unknown,Neutral,False,,8.6,2.7,178.4,178.1,178.0,170.0,62.1,Medium
2025-08-16T01:19:57.692666,2.42,Unknown,Neutral,False,,8.6,3.1,178.3,178.0,178.1,169.9,62.1,Medium
2025-08-16T01:19:57.729071,2.45,Unknown,Neutral,False,,8.6,3.5,178.2,177.8,178.4,169.8,61.9,Medium
2025-08-16T01:19:57.760995,2.48,Unknown,Neutral,False,,8.5,3.9,178.2,177.6,178.6,169.6,61.8,Medium
2025-08-16T01:19:57.794273,2.52,Unknown,Neutral,False,,8.3,4.3,178.2,177.5,178.8,169.4,61.6,Medium
2025-08-16T01:19:57.828987,2.55,Unknown,Neutral,False,,8.1,4.8,178.2,177.5,178.7,169.4,61.6,Medium
2025-08-16T01:19:57.862896,2.59,Unknown,Neutral,False,,7.9,5.3,178.3,177.6,178.6,169.4,61.7,Medium
2025-08-16T01:19:57.897079,2.62,Unknown,Neutral,False,,7.7,5.7,178.4,177.6,178.5,169.5,61.8,Medium
2025-08-16T01:19:57.930863,2.66,Unknown,Neutral,False,,7.4,6.2,178.5,177.7,178.3,169.5,61.9,Medium
2025-08-16T01:19:57.963678,2.69,Unknown,Neutral,False,,6.9,6.3,178.6,177.9,178.1,169.4,62.3,Medium
2025-08-16T01:19:57.997115,2.72,Unknown,Neutral,False,,6.3,6.3,178.8,178.2,177.7,169.5,62.9,Medium
2025-08-16T01:19:58.030775,2.75,Unknown,Neutral,False,,5.6,6.0,178.8,178.4,177.2,169.4,63.6,Medium
2025-08-16T01:19:58.067348,2.8,Unknown,Neutral,False,,4.9,5.8,178.8,178.6,176.8,169.4,64.2,Medium
2025-08-16T01:19:58.099258,2.83,Unknown,Neutral,False,,4.2,5.6,178.8,178.7,176.5,169.3,64.8,Medium
2025-08-16T01:19:58.132336,2.86,Unknown,Neutral,False,,3.6,5.7,178.9,178.9,176.3,169.2,65.1,Medium
2025-08-16T01:19:58.168937,2.89,Unknown,Neutral,False,,3.0,5.9,179.1,179.1,176.0,169.1,65.5,Medium
2025-08-16T01:19:58.200578,2.92,Unknown,Neutral,False,,2.5,6.2,179.2,179.1,175.7,169.1,66.0,Medium
2025-08-16T01:19:58.234745,2.95,Unknown,Neutral,False,,2.0,6.4,179.4,179.2,175.4,169.2,66.4,Medium
2025-08-16T01:19:58.268522,3.0,Unknown,Neutral,False,,1.7,7.0,179.4,179.2,175.2,169.2,66.8,Medium
2025-08-16T01:19:58.302091,3.03,Unknown,Neutral,False,,1.3,7.3,179.4,179.3,174.9,169.2,67.4,Medium
2025-08-16T01:19:58.336036,3.06,Unknown,Neutral,False,,1.2,7.7,179.4,179.4,174.6,169.5,68.0,Medium
2025-08-16T01:19:58.373582,3.09,Unknown,Neutral,False,,1.4,8.3,179.3,179.5,174.3,169.8,68.5,Medium
2025-08-16T01:19:58.412272,3.14,Unknown,Neutral,False,,1.6,8.7,179.2,179.5,174.0,170.1,68.0,Medium
2025-08-16T01:19:58.441850,3.17,Unknown,Neutral,False,,1.7,9.0,179.1,179.4,173.9,170.3,67.6,Medium
2025-08-16T01:19:58.471054,3.2,Unknown,Neutral,False,,1.8,9.1,179.0,179.4,173.7,170.5,67.2,Medium
2025-08-16T01:19:58.507063,3.23,Unknown,Neutral,False,,2.0,9.3,179.0,179.4,173.5,170.5,67.0,Medium
2025-08-16T01:19:58.538483,3.27,Unknown,Neutral,False,,2.1,9.4,179.0,179.4,173.3,170.7,66.8,Medium
2025-08-16T01:19:58.572506,3.3,Unknown,Neutral,False,,2.1,9.4,179.0,179.3,173.3,170.8,66.6,Medium
2025-08-16T01:19:58.606492,3.33,Unknown,Neutral,False,,2.1,9.6,179.1,179.3,173.5,170.8,66.3,Medium
2025-08-16T01:19:58.640464,3.36,Unknown,Neutral,False,,2.0,9.7,179.2,179.4,173.5,170.8,66.1,Medium
2025-08-16T01:19:58.674074,3.41,Unknown,Neutral,False,,1.9,9.8,179.3,179.5,173.6,170.8,66.0,Medium
2025-08-16T01:19:58.708494,3.44,Unknown,Neutral,False,,1.8,9.8,179.4,179.4,173.7,171.0,66.0,Medium
2025-08-16T01:19:58.742643,3.47,Unknown,Neutral,False,,1.8,9.7,179.5,179.4,173.7,171.1,66.0,Medium
2025-08-16T01:19:58.775858,3.5,Unknown,Neutral,False,,1.9,9.6,179.6,179.4,173.7,171.3,66.0,Medium
2025-08-16T01:19:58.810295,3.53,Unknown,Neutral,False,,1.9,9.5,179.6,179.5,173.8,171.4,66.0,Medium
2025-08-16T01:19:58.845890,3.58,Unknown,Neutral,False,,1.9,9.4,179.6,179.6,173.9,171.4,66.0,Medium
2025-08-16T01:19:58.878275,3.61,Unknown,Neutral,False,,1.8,9.3,179.6,179.7,174.1,171.4,65.9,Medium
2025-08-16T01:19:58.912361,3.64,Unknown,Neutral,False,,1.8,9.3,179.6,179.7,174.1,171.5,65.9,Medium
2025-08-16T01:19:58.946331,3.67,Unknown,Neutral,False,,1.7,9.3,179.5,179.7,174.2,171.5,65.8,Medium
2025-08-16T01:19:58.980078,3.7,Unknown,Neutral,False,,1.6,9.3,179.5,179.7,174.4,171.6,65.7,Medium
2025-08-16T01:19:59.013835,3.73,Unknown,Neutral,False,,1.6,9.3,179.5,179.7,174.5,171.6,65.7,Medium
2025-08-16T01:19:59.048108,3.78,Unknown,Neutral,False,,1.5,9.3,179.4,179.7,174.6,171.6,65.6,Medium
2025-08-16T01:19:59.084321,3.81,Unknown,Neutral,False,,1.5,9.3,179.4,179.8,174.6,171.6,65.6,Medium
2025-08-16T01:19:59.115613,3.84,Unknown,Neutral,False,,1.4,9.4,179.4,179.8,174.5,171.7,65.7,Medium
2025-08-16T01:19:59.149453,3.88,Unknown,Neutral,False,,1.3,9.5,179.3,179.7,174.5,171.8,65.9,Medium
2025-08-16T01:19:59.183246,3.91,Unknown,Neutral,False,,1.2,9.4,179.3,179.8,174.3,171.9,66.0,Medium
2025-08-16T01:19:59.217657,3.94,Unknown,Neutral,False,,1.2,9.5,179.3,179.8,174.3,171.9,66.2,Medium
2025-08-16T01:19:59.252287,3.98,Unknown,Neutral,False,,1.0,9.5,179.4,179.8,174.2,171.8,66.4,Medium
2025-08-16T01:19:59.286738,4.02,Unknown,Neutral,False,,0.9,9.6,179.5,179.8,174.1,171.8,66.7,Medium
2025-08-16T01:19:59.320674,4.05,Unknown,Neutral,False,,0.7,9.7,179.6,179.8,174.1,171.7,67.0,Medium
2025-08-16T01:19:59.353832,4.08,Unknown,Neutral,False,,0.6,9.7,179.6,179.9,174.1,171.6,67.3,Medium
2025-08-16T01:19:59.387711,4.11,Unknown,Neutral,False,,0.4,9.4,179.7,179.9,174.1,171.4,67.5,Medium
2025-08-16T01:19:59.422573,4.14,Unknown,Neutral,False,,0.4,8.9,179.8,179.8,174.1,171.3,67.8,Medium
2025-08-16T01:19:59.462268,4.19,Unknown,Neutral,False,,0.5,8.6,179.8,179.8,174.2,171.0,68.1,Medium
2025-08-16T01:19:59.492511,4.22,Unknown,Neutral,False,,0.7,8.1,179.8,179.7,174.2,170.7,68.2,Medium
2025-08-16T01:19:59.522602,4.25,Unknown,Neutral,False,,0.9,7.3,179.8,179.6,174.3,170.5,68.5,Medium
2025-08-16T01:19:59.555742,4.28,Unknown,Neutral,False,,1.1,6.5,179.7,179.5,174.4,170.3,68.6,Medium
2025-08-16T01:19:59.589576,4.31,Unknown,Neutral,False,,1.6,5.6,179.5,179.1,174.7,169.9,67.7,Medium
2025-08-16T01:19:59.623726,4.34,Unknown,Neutral,False,,2.1,4.3,179.3,178.6,174.8,169.9,66.9,Medium
2025-08-16T01:19:59.655988,4.38,Unknown,Neutral,False,,2.7,3.3,179.2,178.3,175.2,169.7,66.1,Medium
2025-08-16T01:19:59.689733,4.42,Unknown,Neutral,False,,3.4,2.7,179.0,178.1,175.7,169.5,65.1,Medium
2025-08-16T01:19:59.723177,4.45,Unknown,Neutral,False,,3.8,2.2,179.0,177.8,175.9,169.5,64.5,Medium
2025-08-16T01:19:59.757003,4.48,Unknown,Neutral,False,,4.2,1.9,179.1,177.6,176.3,169.4,63.9,Medium
2025-08-16T01:19:59.791624,4.52,Unknown,Neutral,False,,4.6,1.6,179.0,177.3,176.7,169.2,63.2,Medium
2025-08-16T01:19:59.825086,4.55,Unknown,Neutral,False,,5.0,1.5,178.9,177.1,177.0,168.9,62.7,Medium
2025-08-16T01:19:59.858799,4.58,Unknown,Neutral,False,,5.4,1.6,178.8,176.9,177.2,168.5,62.4,Medium
2025-08-16T01:19:59.891966,4.62,Unknown,Neutral,False,,5.7,2.0,178.7,176.8,177.6,168.1,62.1,Medium
2025-08-16T01:19:59.925609,4.66,Unknown,Neutral,False,,6.0,2.3,178.7,176.8,177.9,168.0,61.9,Medium
2025-08-16T01:19:59.960138,4.69,Unknown,Neutral,False,,6.3,2.6,178.7,176.8,178.2,167.9,61.8,Medium
2025-08-16T01:19:59.994739,4.72,Unknown,Neutral,False,,6.5,3.1,178.7,177.1,178.4,168.0,61.7,Medium
2025-08-16T01:20:00.031966,4.75,Unknown,Neutral,False,,6.7,3.7,178.7,177.4,178.6,168.2,61.7,Medium
2025-08-16T01:20:00.062065,4.78,Unknown,Neutral,False,,6.9,4.1,178.8,177.6,178.6,168.7,61.9,Medium
2025-08-16T01:20:00.091813,4.81,Unknown,Neutral,False,,7.1,4.4,178.9,177.9,178.5,169.1,62.1,Medium
2025-08-16T01:20:00.128813,4.86,Unknown,Neutral,False,,7.2,4.5,178.9,178.0,178.5,169.4,62.4,Medium
2025-08-16T01:20:00.158546,4.89,Unknown,Neutral,False,,7.0,4.5,179.0,178.1,178.5,169.7,62.7,Medium
2025-08-16T01:20:00.192648,4.92,Unknown,Neutral,False,,6.4,4.6,179.1,178.5,178.2,170.4,63.1,Medium
2025-08-16T01:20:00.229760,4.95,Unknown,Neutral,False,,5.3,4.6,179.2,178.7,177.6,170.9,63.2,Medium
2025-08-16T01:20:00.263943,4.98,Unknown,Neutral,False,,4.2,4.6,179.1,178.5,176.9,171.5,62.4,Medium
2025-08-16T01:20:00.297930,5.02,Unknown,Neutral,False,,3.3,4.5,179.1,178.6,176.4,172.2,61.6,Medium
2025-08-16T01:20:00.331783,5.06,Unknown,RaisedShoulders,False,,2.9,4.6,179.1,178.6,176.1,172.7,60.7,Medium
2025-08-16T01:20:00.365540,5.09,Unknown,RaisedShoulders,False,,2.7,4.6,179.2,178.8,176.1,173.0,59.6,High
2025-08-16T01:20:00.399679,5.12,Unknown,RaisedShoulders,False,,2.5,4.5,179.3,179.1,176.5,173.1,57.2,High
2025-08-16T01:20:00.432894,5.16,Unknown,RaisedShoulders,False,,2.4,4.6,179.4,179.3,176.9,173.2,54.8,High
2025-08-16T01:20:00.466972,5.19,Unknown,RaisedShoulders,False,,2.3,4.7,179.4,179.4,177.2,173.4,52.8,High
2025-08-16T01:20:00.500822,5.22,Unknown,RaisedShoulders,False,,2.3,4.8,179.4,179.3,177.6,173.6,50.9,High
2025-08-16T01:20:00.545210,5.27,Unknown,RaisedShoulders,False,,2.4,4.9,179.3,179.0,178.1,173.8,48.6,High
2025-08-16T01:20:00.585842,5.31,Unknown,RaisedShoulders,False,,2.5,4.9,179.4,178.6,178.4,173.9,46.9,High
2025-08-16T01:20:00.625541,5.34,Unknown,RaisedShoulders,False,,2.5,5.0,179.5,178.2,178.7,173.9,46.2,High
2025-08-16T01:20:00.659225,5.39,Unknown,RaisedShoulders,False,,2.7,5.1,179.4,177.9,178.8,173.7,46.1,High
2025-08-16T01:20:00.694025,5.42,Unknown,RaisedShoulders,False,,3.0,5.2,179.3,177.9,179.0,173.4,46.3,High
2025-08-16T01:20:00.746348,5.47,Unknown,RaisedShoulders,False,,3.2,5.4,179.4,177.8,179.2,173.2,46.6,High
2025-08-16T01:20:00.780550,5.5,Unknown,RaisedShoulders,False,,3.4,5.6,179.2,177.7,179.4,173.2,46.9,High
2025-08-16T01:20:00.814858,5.55,Unknown,RaisedShoulders,False,,3.5,5.7,179.0,177.6,179.5,173.4,47.4,High
2025-08-16T01:20:00.849884,5.58,Unknown,RaisedShoulders,False,,3.5,6.1,178.8,177.6,179.5,173.5,48.8,High
2025-08-16T01:20:00.885033,5.61,Unknown,RaisedShoulders,False,,3.5,6.5,178.8,177.6,179.5,173.6,50.5,High
2025-08-16T01:20:00.916354,5.64,Unknown,RaisedShoulders,False,,3.4,6.8,178.6,177.7,179.2,173.7,52.5,High
2025-08-16T01:20:00.950643,5.67,Unknown,RaisedShoulders,False,,3.4,7.1,178.4,177.9,179.0,173.5,54.5,High
2025-08-16T01:20:00.983489,5.7,Unknown,RaisedShoulders,False,,3.4,7.3,178.1,178.4,178.9,173.2,56.3,High
2025-08-16T01:20:01.018571,5.75,Unknown,RaisedShoulders,False,,3.3,7.4,177.9,178.7,178.8,173.0,57.6,High
2025-08-16T01:20:01.051470,5.78,Unknown,RaisedShoulders,False,,3.3,7.4,177.8,178.9,178.6,173.0,58.9,High
2025-08-16T01:20:01.088886,5.81,Unknown,RaisedShoulders,False,,3.2,7.5,177.8,179.1,178.5,172.9,59.6,High
2025-08-16T01:20:01.113582,5.84,Unknown,RaisedShoulders,False,,3.1,7.6,177.8,179.3,178.3,172.9,60.1,Medium
2025-08-16T01:20:01.148356,5.88,Unknown,RaisedShoulders,False,,3.1,7.7,177.8,179.4,178.2,173.1,60.5,Medium
2025-08-16T01:20:01.179912,5.91,Unknown,RaisedShoulders,False,,3.0,7.8,177.9,179.5,178.0,173.2,60.8,Medium
2025-08-16T01:20:01.214807,5.94,Unknown,RaisedShoulders,False,,3.0,7.7,178.0,179.5,178.0,173.3,60.9,Medium
2025-08-16T01:20:01.241694,5.97,Unknown,RaisedShoulders,False,,3.1,7.6,178.0,179.6,178.1,173.5,60.9,Medium
2025-08-16T01:20:01.274468,6.0,Unknown,RaisedShoulders,False,,3.1,7.4,178.1,179.6,178.2,173.6,60.8,Medium
2025-08-16T01:20:01.306980,6.03,Unknown,RaisedShoulders,False,,3.2,7.4,178.1,179.7,178.3,173.7,60.7,Medium
2025-08-16T01:20:01.341050,6.06,Unknown,RaisedShoulders,False,,3.2,7.4,178.1,179.7,178.4,173.7,60.5,Medium
2025-08-16T01:20:01.374831,6.09,Unknown,RaisedShoulders,False,,3.2,7.4,178.1,179.7,178.4,173.7,60.4,Medium
2025-08-16T01:20:01.409042,6.14,Unknown,RaisedShoulders,False,,3.2,7.5,178.1,179.8,178.4,173.6,60.4,Medium
2025-08-16T01:20:01.442418,6.17,Unknown,RaisedShoulders,False,,3.2,7.6,178.1,179.8,178.4,173.5,60.4,Medium
2025-08-16T01:20:01.476662,6.2,Unknown,RaisedShoulders,False,,3.1,7.8,178.0,179.8,178.4,173.5,60.4,Medium
2025-08-16T01:20:01.513655,6.23,Unknown,RaisedShoulders,False,,3.1,7.9,178.0,179.9,178.3,173.5,60.4,Medium
2025-08-16T01:20:01.549396,6.28,Unknown,RaisedShoulders,False,,3.0,8.0,178.0,179.9,178.2,173.5,60.5,Medium
2025-08-16T01:20:01.583729,6.31,Unknown,RaisedShoulders,False,,2.9,7.9,177.9,179.9,178.1,173.5,60.5,Medium
2025-08-16T01:20:01.625480,6.34,Unknown,RaisedShoulders,False,,2.8,7.9,177.9,179.9,178.0,173.5,60.5,Medium
2025-08-16T01:20:01.663541,6.39,Unknown,RaisedShoulders,False,,2.8,7.7,177.9,179.9,178.0,173.4,60.5,Medium
2025-08-16T01:20:01.704473,6.44,Unknown,RaisedShoulders,False,,2.8,7.4,177.9,179.9,178.0,173.4,60.4,Medium
2025-08-16T01:20:01.742515,6.47,Unknown,RaisedShoulders,False,,2.8,7.2,177.9,179.9,178.0,173.3,60.3,Medium
2025-08-16T01:20:01.779873,6.5,Unknown,RaisedShoulders,False,,2.8,6.9,177.9,179.9,178.0,173.2,60.0,Medium
2025-08-16T01:20:01.812056,6.53,Unknown,RaisedShoulders,False,,2.9,6.8,178.0,179.7,178.1,173.3,59.5,High
2025-08-16T01:20:01.849927,6.58,Unknown,RaisedShoulders,False,,3.0,6.8,178.3,179.6,178.3,173.5,58.8,High
2025-08-16T01:20:01.883394,6.61,Unknown,RaisedShoulders,False,,3.1,7.4,178.6,179.3,178.5,173.8,58.0,High
2025-08-16T01:20:01.914670,6.64,Unknown,RaisedShoulders,False,,3.1,8.1,178.9,178.6,178.5,174.5,56.9,High
2025-08-16T01:20:01.948560,6.67,Unknown,RaisedShoulders,False,,3.1,8.5,179.0,178.1,178.7,175.0,53.2,High
2025-08-16T01:20:01.982652,6.7,Unknown,RaisedShoulders,False,,3.2,8.7,179.1,178.1,179.0,175.0,49.6,High
2025-08-16T01:20:02.017286,6.75,Unknown,RaisedShoulders,False,,3.4,8.9,179.0,178.2,179.1,175.1,48.4,High
2025-08-16T01:20:02.050735,6.78,Unknown,RaisedShoulders,False,,3.5,9.1,178.3,178.5,178.9,174.8,47.4,High
2025-08-16T01:20:02.085776,6.81,Unknown,RaisedShoulders,False,,3.5,9.1,177.6,178.6,178.7,174.5,46.4,High
2025-08-16T01:20:02.125755,6.84,Unknown,RaisedShoulders,False,,3.4,9.0,177.2,178.6,178.6,174.4,47.4,High
2025-08-16T01:20:02.174593,6.91,Unknown,RaisedShoulders,False,,3.3,8.4,177.0,178.2,178.6,174.1,48.6,High
2025-08-16T01:20:02.208667,6.92,Unknown,RaisedShoulders,False,,3.1,7.3,177.1,177.6,178.8,173.6,49.8,High
2025-08-16T01:20:02.237640,6.97,Unknown,RaisedShoulders,False,,2.9,6.1,177.2,177.0,179.0,173.1,50.8,High
2025-08-16T01:20:02.275624,7.0,Unknown,RaisedShoulders,False,,2.9,4.6,177.4,176.4,179.1,172.7,52.1,High
2025-08-16T01:20:02.305724,7.03,Unknown,RaisedShoulders,False,,2.8,4.1,177.6,176.1,179.2,172.5,53.6,High
2025-08-16T01:20:02.339538,7.06,Unknown,RaisedShoulders,False,,2.6,4.3,177.7,175.9,179.4,172.4,55.5,High
2025-08-16T01:20:02.373670,7.09,Unknown,RaisedShoulders,False,,2.4,5.0,177.7,175.8,179.5,172.3,57.9,High
2025-08-16T01:20:02.407737,7.14,Unknown,RaisedShoulders,False,,2.2,5.8,177.7,175.7,179.4,172.3,60.2,Medium
2025-08-16T01:20:02.442257,7.17,Unknown,Neutral,False,,2.2,7.5,177.4,175.6,179.5,172.1,62.3,Medium
2025-08-16T01:20:02.478408,7.2,Unknown,Neutral,False,,2.3,10.6,177.1,175.4,179.5,171.7,65.2,Medium
2025-08-16T01:20:02.509564,7.23,Unknown,Neutral,False,,2.4,13.3,176.8,175.6,179.5,171.5,66.2,Medium
2025-08-16T01:20:02.544839,7.27,Unknown,Neutral,False,,2.3,15.4,176.6,175.8,179.2,171.5,66.1,Medium
2025-08-16T01:20:02.589642,7.31,Unknown,Neutral,False,,2.1,16.8,176.4,176.0,178.9,171.5,65.4,Medium
2025-08-16T01:20:02.626157,7.36,Unknown,Neutral,False,,2.0,18.1,176.3,176.2,178.8,171.4,64.7,Medium
2025-08-16T01:20:02.662696,7.39,Unknown,Neutral,False,,1.8,19.0,176.3,176.4,178.5,171.4,64.3,Medium
2025-08-16T01:20:02.700195,7.42,Unknown,Neutral,False,,1.7,19.7,176.2,176.4,178.3,171.4,64.0,Medium
2025-08-16T01:20:02.743848,7.47,Unknown,ForwardHead,False,,1.5,20.3,176.1,176.5,178.1,171.6,63.9,Medium
2025-08-16T01:20:02.781283,7.5,Unknown,ForwardHead,False,,1.2,20.7,176.1,176.6,177.7,171.9,64.2,Medium
2025-08-16T01:20:02.820773,7.55,Unknown,ForwardHead,False,,1.0,20.7,176.1,176.6,177.5,171.8,64.5,Medium
2025-08-16T01:20:02.852178,7.58,Unknown,ForwardHead,False,,1.0,20.5,175.8,176.6,177.3,171.8,64.9,Medium
2025-08-16T01:20:02.882143,7.61,Unknown,ForwardHead,False,,1.1,20.2,175.1,176.0,177.5,171.3,65.4,Medium
2025-08-16T01:20:02.914645,7.64,Unknown,Neutral,False,,1.2,19.8,174.6,175.5,177.5,170.8,65.3,Medium
2025-08-16T01:20:02.953739,7.67,Unknown,Neutral,False,,1.4,19.0,174.2,175.1,177.5,170.5,65.0,Medium
2025-08-16T01:20:02.987730,7.72,Unknown,Neutral,False,,1.7,18.4,173.9,174.7,177.4,170.2,64.8,Medium
2025-08-16T01:20:03.010474,7.73,Unknown,Neutral,False,,1.9,17.9,174.0,174.7,177.2,170.3,64.6,Medium
2025-08-16T01:20:03.045158,7.77,Unknown,Neutral,False,,2.2,17.5,174.2,174.9,177.0,170.5,64.5,Medium
2025-08-16T01:20:03.080742,7.8,Unknown,Neutral,False,,2.5,17.3,174.5,175.1,176.7,170.9,64.3,Medium
2025-08-16T01:20:03.112801,7.84,Unknown,Neutral,False,,2.7,17.1,174.8,175.4,176.5,171.3,64.3,Medium
2025-08-16T01:20:03.136725,7.86,Unknown,Neutral,False,,2.9,16.8,175.1,175.8,176.2,171.8,64.3,Medium
2025-08-16T01:20:03.172705,7.89,Unknown,Neutral,False,,3.1,16.7,175.5,176.2,176.0,172.3,64.3,Medium
2025-08-16T01:20:03.204354,7.94,Unknown,Neutral,False,,3.3,16.6,175.7,176.5,175.9,172.7,64.2,Medium
2025-08-16T01:20:03.238266,7.97,Unknown,Neutral,False,,3.4,16.5,176.1,176.8,175.7,173.2,64.3,Medium
2025-08-16T01:20:03.271834,8.0,Unknown,Neutral,False,,3.6,16.3,176.4,177.1,175.5,173.6,64.4,Medium
2025-08-16T01:20:03.306130,8.03,Unknown,Neutral,False,,3.7,16.3,176.6,177.4,175.3,173.9,64.5,Medium
2025-08-16T01:20:03.341964,8.06,Unknown,Neutral,False,,3.7,16.4,176.8,177.5,175.4,174.1,64.4,Medium
2025-08-16T01:20:03.365495,8.09,Unknown,Neutral,False,,3.8,16.5,176.9,177.7,175.4,174.2,64.2,Medium
2025-08-16T01:20:03.388819,8.11,Unknown,Neutral,False,,3.8,16.6,177.1,177.8,175.3,174.2,64.1,Medium
2025-08-16T01:20:03.421336,8.14,Unknown,Neutral,False,,3.9,16.8,177.3,178.0,175.4,174.2,64.0,Medium
2025-08-16T01:20:03.468806,8.19,Unknown,Neutral,False,,3.9,17.0,177.4,178.1,175.4,174.2,63.8,Medium
2025-08-16T01:20:03.502622,8.23,Unknown,Neutral,False,,4.0,17.0,177.5,178.2,175.4,174.3,63.8,Medium
2025-08-16T01:20:03.536096,8.27,Unknown,Neutral,False,,4.0,17.1,177.5,178.3,175.4,174.3,63.7,Medium
2025-08-16T01:20:03.569241,8.3,Unknown,Neutral,False,,4.1,17.1,177.5,178.3,175.4,174.2,63.6,Medium
2025-08-16T01:20:03.603686,8.33,Unknown,Neutral,False,,4.1,17.1,177.4,178.3,175.4,174.2,63.6,Medium
2025-08-16T01:20:03.638348,8.36,Unknown,Neutral,False,,4.2,17.0,177.4,178.3,175.4,174.2,63.6,Medium
2025-08-16T01:20:03.665480,8.39,Unknown,Neutral,False,,4.3,16.9,177.3,178.3,175.5,174.1,63.5,Medium
2025-08-16T01:20:03.684955,8.41,Unknown,Neutral,False,,4.3,16.7,177.3,178.4,175.5,174.2,63.5,Medium
2025-08-16T01:20:03.722583,8.45,Unknown,Neutral,False,,4.3,16.5,177.2,178.5,175.5,174.2,63.6,Medium
2025-08-16T01:20:03.756304,8.48,Unknown,Neutral,False,,4.3,16.3,177.2,178.6,175.5,174.3,63.6,Medium
2025-08-16T01:20:03.789060,8.52,Unknown,Neutral,False,,4.3,16.2,177.2,178.6,175.5,174.3,63.8,Medium
2025-08-16T01:20:03.820722,8.55,Unknown,Neutral,False,,4.3,16.1,177.2,178.7,175.4,174.4,63.8,Medium
2025-08-16T01:20:03.858974,8.58,Unknown,Neutral,False,,4.3,16.0,177.2,178.7,175.4,174.4,63.9,Medium
2025-08-16T01:20:03.893169,8.62,Unknown,Neutral,False,,4.3,15.9,177.3,178.9,175.3,174.5,64.0,Medium
2025-08-16T01:20:03.922704,8.64,Unknown,Neutral,False,,4.2,15.8,177.4,179.0,175.3,174.7,64.1,Medium
2025-08-16T01:20:03.949164,8.67,Unknown,Neutral,False,,4.2,15.7,177.5,179.1,175.2,174.8,64.2,Medium
2025-08-16T01:20:03.979230,8.7,Unknown,Neutral,False,,4.2,15.7,177.5,179.2,175.1,174.9,64.2,Medium
2025-08-16T01:20:04.012992,8.73,Unknown,Neutral,False,,4.1,15.6,177.6,179.3,175.1,174.9,64.2,Medium
2025-08-16T01:20:04.057895,8.78,Unknown,Neutral,False,,4.0,15.6,177.6,179.4,175.1,174.9,64.3,Medium
2025-08-16T01:20:04.091730,8.81,Unknown,Neutral,False,,4.0,15.5,177.6,179.4,175.1,175.0,64.3,Medium
2025-08-16T01:20:04.127251,8.84,Unknown,Neutral,False,,3.9,15.5,177.7,179.5,175.1,174.9,64.3,Medium
2025-08-16T01:20:04.236049,8.97,Unknown,Neutral,False,,3.8,15.5,177.7,179.6,175.2,174.9,64.3,Medium
2025-08-16T01:20:04.269949,9.0,Unknown,Neutral,False,,3.8,15.4,177.8,179.7,175.2,174.9,64.3,Medium
2025-08-16T01:20:04.300361,9.03,Unknown,Neutral,False,,3.7,15.4,177.8,179.7,175.2,174.8,64.3,Medium
2025-08-16T01:20:04.335327,9.06,Unknown,Neutral,False,,3.7,15.4,177.9,179.7,175.2,174.8,64.3,Medium
2025-08-16T01:20:04.367331,9.09,Unknown,Neutral,False,,3.6,15.4,177.9,179.7,175.3,174.7,64.3,Medium
2025-08-16T01:20:04.403995,9.12,Unknown,Neutral,False,,3.6,15.4,177.9,179.7,175.3,174.7,64.3,Medium
2025-08-16T01:20:04.436226,9.16,Unknown,Neutral,False,,3.6,15.5,177.9,179.7,175.3,174.6,64.2,Medium
2025-08-16T01:20:04.462513,9.19,Unknown,Neutral,False,,3.6,15.5,177.9,179.7,175.4,174.5,64.2,Medium
2025-08-16T01:20:04.497088,9.22,Unknown,Neutral,False,,3.5,15.5,177.9,179.7,175.4,174.4,64.2,Medium
2025-08-16T01:20:04.538491,9.27,Unknown,Neutral,False,,3.5,15.5,177.9,179.6,175.4,174.4,64.2,Medium
2025-08-16T01:20:04.569419,9.3,Unknown,Neutral,False,,3.5,15.5,177.9,179.6,175.5,174.3,64.2,Medium
2025-08-16T01:20:04.603920,9.33,Unknown,Neutral,False,,3.5,15.4,177.8,179.5,175.5,174.3,64.2,Medium
2025-08-16T01:20:04.637955,9.36,Unknown,Neutral,False,,3.5,15.4,177.8,179.5,175.5,174.3,64.3,Medium
2025-08-16T01:20:04.672620,9.39,Unknown,Neutral,False,,3.5,15.3,177.7,179.4,175.6,174.2,64.3,Medium
2025-08-16T01:20:04.707210,9.44,Unknown,Neutral,False,,3.5,15.3,177.7,179.4,175.6,174.2,64.3,Medium
2025-08-16T01:20:04.741258,9.47,Unknown,Neutral,False,,3.4,15.2,177.6,179.4,175.6,174.2,64.3,Medium
2025-08-16T01:20:04.774548,9.5,Unknown,Neutral,False,,3.4,15.2,177.6,179.4,175.6,174.2,64.4,Medium
2025-08-16T01:20:04.808049,9.53,Unknown,Neutral,False,,3.4,15.1,177.5,179.5,175.6,174.2,64.4,Medium
2025-08-16T01:20:04.843401,9.56,Unknown,Neutral,False,,3.4,15.0,177.4,179.5,175.6,174.2,64.4,Medium
2025-08-16T01:20:04.877613,9.61,Unknown,Neutral,False,,3.4,15.0,177.3,179.5,175.7,174.1,64.4,Medium
2025-08-16T01:20:04.912635,9.64,Unknown,Neutral,False,,3.3,14.9,177.2,179.5,175.7,174.0,64.4,Medium
2025-08-16T01:20:04.952362,9.67,Unknown,Neutral,False,,3.3,14.9,177.1,179.5,175.7,173.9,64.4,Medium
2025-08-16T01:20:04.979623,9.7,Unknown,Neutral,False,,3.3,14.9,177.1,179.5,175.8,173.8,64.4,Medium
2025-08-16T01:20:05.013702,9.73,Unknown,Neutral,False,,3.2,15.1,177.0,179.5,175.8,173.7,64.5,Medium
2025-08-16T01:20:05.051919,9.78,Unknown,Neutral,False,,3.1,14.7,177.0,179.6,175.8,173.8,64.7,Medium
2025-08-16T01:20:05.085817,9.8,Unknown,Neutral,False,,2.9,14.3,177.0,179.6,175.9,173.9,65.1,Medium
2025-08-16T01:20:05.119585,9.84,Unknown,Neutral,False,,2.7,13.8,177.1,179.4,175.9,174.3,65.7,Medium
2025-08-16T01:20:05.163534,9.89,Unknown,Neutral,False,,2.4,13.0,177.2,179.3,176.0,174.4,66.2,Medium
2025-08-16T01:20:05.196896,9.92,Unknown,Neutral,False,,2.0,12.2,177.3,179.4,176.1,174.4,66.7,Medium
2025-08-16T01:20:05.230201,9.94,Unknown,Neutral,False,,1.6,11.0,177.5,179.5,176.1,174.3,67.2,Medium
2025-08-16T01:20:05.270721,10.0,Unknown,Neutral,False,,1.3,10.1,177.5,179.6,176.2,174.3,67.6,Medium
2025-08-16T01:20:05.305141,10.03,Unknown,Neutral,False,,1.0,9.2,177.6,179.5,176.2,174.1,68.1,Medium
2025-08-16T01:20:05.339646,10.06,Unknown,Neutral,False,,0.8,8.4,177.5,179.2,176.3,173.8,68.5,Medium
2025-08-16T01:20:05.374146,10.09,Unknown,Neutral,False,,0.9,7.6,177.4,178.9,176.6,173.3,68.5,Medium
2025-08-16T01:20:05.408369,10.14,Unknown,Neutral,False,,1.2,6.7,177.3,178.6,177.1,172.7,68.2,Medium
2025-08-16T01:20:05.441948,10.17,Unknown,Neutral,False,,1.4,5.8,177.3,178.3,177.5,172.5,68.2,Medium
2025-08-16T01:20:05.476479,10.2,Unknown,Neutral,False,,1.5,5.1,177.2,178.0,177.6,172.3,68.0,Medium
2025-08-16T01:20:05.510298,10.22,Unknown,Neutral,False,,1.4,4.5,177.1,177.6,177.4,172.4,67.7,Medium
2025-08-16T01:20:05.544675,10.27,Unknown,Neutral,False,,1.4,3.9,177.2,177.3,177.3,172.4,67.5,Medium
2025-08-16T01:20:05.583188,10.3,Unknown,Neutral,False,,1.5,3.5,177.2,177.2,177.2,172.1,67.0,Medium
2025-08-16T01:20:05.611784,10.34,Unknown,Neutral,False,,1.3,3.3,177.6,177.4,176.9,172.3,65.6,Medium
2025-08-16T01:20:05.645959,10.38,Unknown,Neutral,False,,1.2,3.1,177.9,177.7,176.6,172.5,63.6,Medium
2025-08-16T01:20:05.679552,10.41,Unknown,RaisedShoulders,False,,1.1,2.9,178.2,178.0,176.4,172.7,61.6,Medium
2025-08-16T01:20:05.713071,10.44,Unknown,RaisedShoulders,False,,1.1,2.7,178.3,178.1,176.2,172.9,59.7,High
2025-08-16T01:20:05.746538,10.45,Unknown,RaisedShoulders,False,,1.1,2.5,178.5,178.2,176.1,172.9,57.8,High
2025-08-16T01:20:05.779636,10.5,Unknown,RaisedShoulders,False,,1.1,2.5,178.5,178.2,176.1,172.9,56.0,High
2025-08-16T01:20:05.813840,10.55,Unknown,RaisedShoulders,False,,1.2,2.5,178.5,178.2,176.1,173.0,54.5,High
2025-08-16T01:20:05.849484,10.58,Unknown,RaisedShoulders,False,,1.3,2.5,178.5,178.4,176.2,173.1,53.5,High
2025-08-16T01:20:05.884624,10.61,Unknown,RaisedShoulders,False,,1.5,2.5,178.4,178.7,176.3,173.3,52.6,High
2025-08-16T01:20:05.919460,10.64,Unknown,RaisedShoulders,False,,1.7,2.5,178.4,179.0,176.4,173.5,51.9,High
2025-08-16T01:20:05.953415,10.67,Unknown,RaisedShoulders,False,,1.7,2.5,178.4,179.2,176.5,173.5,51.4,High
2025-08-16T01:20:05.986467,10.72,Unknown,RaisedShoulders,False,,1.8,2.4,178.4,179.4,176.6,173.5,51.1,High
2025-08-16T01:20:06.027594,10.75,Unknown,RaisedShoulders,False,,1.8,2.4,178.4,179.5,176.6,173.4,50.9,High
2025-08-16T01:20:06.070575,10.8,Unknown,RaisedShoulders,False,,1.8,2.3,178.4,179.5,176.7,173.3,50.9,High
2025-08-16T01:20:06.103577,10.83,Unknown,RaisedShoulders,False,,1.7,2.3,178.4,179.4,176.6,173.2,50.9,High
2025-08-16T01:20:06.137473,10.86,Unknown,RaisedShoulders,False,,1.5,2.3,178.5,179.2,176.5,173.1,51.0,High
2025-08-16T01:20:06.172524,10.89,Unknown,RaisedShoulders,False,,1.4,2.4,178.5,179.1,176.4,173.0,51.1,High
2025-08-16T01:20:06.206651,10.94,Unknown,RaisedShoulders,False,,1.2,2.7,178.6,179.0,176.3,173.0,51.2,High
2025-08-16T01:20:06.240024,10.97,Unknown,RaisedShoulders,False,,1.1,3.1,178.6,178.9,176.2,172.9,51.3,High
2025-08-16T01:20:06.268412,11.0,Unknown,RaisedShoulders,False,,1.0,3.6,178.6,178.8,176.2,172.9,51.3,High
2025-08-16T01:20:06.302741,11.03,Unknown,RaisedShoulders,False,,0.9,4.0,178.5,178.7,176.1,172.8,51.3,High
2025-08-16T01:20:06.337082,11.06,Unknown,RaisedShoulders,False,,0.9,4.5,178.5,178.8,176.0,172.8,51.3,High
2025-08-16T01:20:06.374484,11.09,Unknown,RaisedShoulders,False,,0.8,5.0,178.6,178.8,175.9,172.9,51.3,High
2025-08-16T01:20:06.404904,11.12,Unknown,RaisedShoulders,False,,0.7,5.5,178.6,178.9,175.8,173.0,51.3,High
2025-08-16T01:20:06.437882,11.16,Unknown,RaisedShoulders,False,,0.6,6.0,178.7,179.0,175.7,173.1,51.2,High
2025-08-16T01:20:06.471791,11.2,Unknown,RaisedShoulders,False,,0.5,6.5,178.7,179.2,175.7,173.2,51.2,High
2025-08-16T01:20:06.505773,11.23,Unknown,RaisedShoulders,False,,0.4,6.8,178.7,179.3,175.6,173.2,51.2,High
2025-08-16T01:20:06.538923,11.27,Unknown,RaisedShoulders,False,,0.3,7.1,178.7,179.3,175.5,173.3,51.3,High
2025-08-16T01:20:06.572234,11.3,Unknown,RaisedShoulders,False,,0.2,7.3,178.7,179.3,175.5,173.3,51.3,High
2025-08-16T01:20:06.606381,11.33,Unknown,RaisedShoulders,False,,0.2,7.5,178.7,179.2,175.4,173.2,51.3,High
2025-08-16T01:20:06.640801,11.36,Unknown,RaisedShoulders,False,,0.2,7.6,178.7,179.2,175.3,173.2,51.4,High
2025-08-16T01:20:06.667122,11.39,Unknown,RaisedShoulders,False,,0.2,7.7,178.7,179.1,175.3,173.2,51.4,High
2025-08-16T01:20:06.701324,11.42,Unknown,RaisedShoulders,False,,0.2,7.7,178.8,179.0,175.2,173.2,51.4,High
2025-08-16T01:20:06.735034,11.45,Unknown,RaisedShoulders,False,,0.3,7.7,178.8,179.0,175.1,173.2,51.4,High
2025-08-16T01:20:06.769335,11.5,Unknown,RaisedShoulders,False,,0.3,7.7,178.8,179.0,175.1,173.3,51.4,High
2025-08-16T01:20:06.802489,11.53,Unknown,RaisedShoulders,False,,0.4,7.7,178.8,179.0,175.0,173.3,51.4,High
2025-08-16T01:20:06.836582,11.56,Unknown,RaisedShoulders,False,,0.5,7.6,178.9,179.0,174.9,173.4,51.4,High
2025-08-16T01:20:06.872644,11.59,Unknown,RaisedShoulders,False,,0.6,7.5,178.9,179.0,174.8,173.4,51.4,High
2025-08-16T01:20:06.903211,11.62,Unknown,RaisedShoulders,False,,0.6,7.4,179.0,179.1,174.7,173.5,51.5,High
2025-08-16T01:20:06.936945,11.66,Unknown,RaisedShoulders,False,,0.7,7.3,179.0,179.2,174.7,173.5,51.5,High
2025-08-16T01:20:06.971053,11.7,Unknown,RaisedShoulders,False,,0.7,7.1,179.0,179.2,174.7,173.5,51.5,High
2025-08-16T01:20:07.005521,11.73,Unknown,RaisedShoulders,False,,0.7,6.9,179.1,179.3,174.7,173.4,51.5,High
2025-08-16T01:20:07.038430,11.77,Unknown,RaisedShoulders,False,,0.7,6.7,179.1,179.3,174.7,173.4,51.6,High
2025-08-16T01:20:07.075008,11.8,Unknown,RaisedShoulders,False,,0.7,6.5,179.1,179.3,174.7,173.4,51.6,High
2025-08-16T01:20:07.114198,11.84,Unknown,RaisedShoulders,False,,0.7,6.3,179.1,179.3,174.7,173.4,51.7,High
2025-08-16T01:20:07.145284,11.88,Unknown,RaisedShoulders,False,,0.7,6.2,179.2,179.3,174.6,173.4,51.9,High
2025-08-16T01:20:07.201061,11.92,Unknown,RaisedShoulders,False,,0.7,6.1,179.2,179.3,174.6,173.4,52.1,High
2025-08-16T01:20:07.229042,11.95,Unknown,RaisedShoulders,False,,0.6,6.0,179.3,179.3,174.6,173.4,52.5,High
2025-08-16T01:20:07.262995,11.98,Unknown,RaisedShoulders,False,,0.6,5.9,179.2,179.1,174.7,173.4,52.9,High
2025-08-16T01:20:07.296979,12.02,Unknown,RaisedShoulders,False,,0.5,5.7,179.1,178.8,174.9,173.3,53.4,High
2025-08-16T01:20:07.346517,12.08,Unknown,RaisedShoulders,False,,0.5,5.0,178.7,178.4,175.2,173.3,54.2,High
2025-08-16T01:20:07.380317,12.11,Unknown,RaisedShoulders,False,,0.7,4.2,178.5,178.0,175.5,173.2,55.0,High
2025-08-16T01:20:07.414373,12.14,Unknown,RaisedShoulders,False,,0.7,3.7,178.4,177.8,175.8,173.2,56.0,High
2025-08-16T01:20:07.448714,12.17,Unknown,RaisedShoulders,False,,0.7,3.4,178.3,177.7,176.1,173.2,57.0,High
2025-08-16T01:20:07.483037,12.2,Unknown,RaisedShoulders,False,,0.6,3.4,178.2,177.7,176.3,173.2,58.1,High
2025-08-16T01:20:07.531255,12.25,Unknown,RaisedShoulders,False,,0.5,3.4,178.1,177.7,176.4,173.4,59.1,High
2025-08-16T01:20:07.565252,12.3,Unknown,RaisedShoulders,False,,0.5,3.4,178.1,177.6,176.5,173.5,59.9,High
2025-08-16T01:20:07.599374,12.33,Unknown,RaisedShoulders,False,,0.4,3.5,178.1,177.7,176.6,173.6,60.6,Medium
2025-08-16T01:20:07.633673,12.36,Unknown,RaisedShoulders,False,,0.3,3.5,177.8,177.6,176.9,173.5,61.0,Medium
2025-08-16T01:20:07.668253,12.39,Unknown,RaisedShoulders,False,,0.3,3.5,177.5,177.5,177.1,173.4,61.3,Medium
2025-08-16T01:20:07.706727,12.44,Unknown,RaisedShoulders,False,,0.3,3.6,177.4,177.5,177.2,173.4,61.5,Medium
2025-08-16T01:20:07.739635,12.47,Unknown,RaisedShoulders,False,,0.4,3.7,177.4,177.6,177.3,173.5,61.6,Medium
2025-08-16T01:20:07.772918,12.5,Unknown,RaisedShoulders,False,,0.4,3.9,177.4,177.6,177.3,173.5,61.5,Medium
2025-08-16T01:20:07.807093,12.53,Unknown,RaisedShoulders,False,,0.5,4.1,177.4,177.6,177.4,173.4,61.4,Medium
2025-08-16T01:20:07.842080,12.56,Unknown,RaisedShoulders,False,,0.5,4.4,177.5,177.3,177.3,173.0,61.2,Medium
2025-08-16T01:20:07.875266,12.59,Unknown,RaisedShoulders,False,,0.4,4.5,177.5,176.9,177.0,172.6,61.0,Medium
2025-08-16T01:20:07.909519,12.64,Unknown,RaisedShoulders,False,,0.3,4.5,177.6,176.5,176.6,172.3,60.9,Medium
2025-08-16T01:20:07.942980,12.66,Unknown,RaisedShoulders,False,,0.3,4.1,177.7,176.4,176.4,172.2,61.0,Medium
2025-08-16T01:20:07.976829,12.7,Unknown,RaisedShoulders,False,,0.3,3.7,177.7,176.4,176.5,172.2,61.3,Medium
2025-08-16T01:20:08.009380,12.73,Unknown,RaisedShoulders,False,,0.4,3.4,177.8,176.4,176.6,172.2,61.8,Medium
2025-08-16T01:20:08.044175,12.77,Unknown,RaisedShoulders,False,,0.5,3.3,177.8,176.3,176.9,172.2,62.3,Medium
2025-08-16T01:20:08.078237,12.78,Unknown,Neutral,False,,0.7,3.1,177.9,176.3,177.0,172.2,62.8,Medium
2025-08-16T01:20:08.112643,12.84,Unknown,Neutral,False,,1.0,2.9,178.0,176.2,177.1,172.4,63.3,Medium
2025-08-16T01:20:08.136580,12.86,Unknown,Neutral,False,,1.1,2.7,178.1,176.2,177.0,172.6,63.8,Medium
2025-08-16T01:20:08.172438,12.89,Unknown,Neutral,False,,1.2,2.4,178.2,176.2,176.9,172.8,64.3,Medium
2025-08-16T01:20:08.211904,12.94,Unknown,Neutral,False,,1.4,2.1,178.3,176.3,176.9,173.0,64.7,Medium
2025-08-16T01:20:08.236869,12.97,Unknown,Neutral,False,,1.6,1.8,178.4,176.3,176.9,173.2,65.2,Medium
2025-08-16T01:20:08.269950,13.0,Unknown,Neutral,False,,1.7,1.6,178.4,176.4,177.0,173.2,65.5,Medium
2025-08-16T01:20:08.307696,13.03,Unknown,Neutral,False,,1.8,1.3,178.4,176.5,177.1,173.3,65.9,Medium
2025-08-16T01:20:08.337207,13.06,Unknown,Neutral,False,,1.8,1.0,178.4,176.5,177.2,173.3,66.2,Medium
2025-08-16T01:20:08.370178,13.09,Unknown,Neutral,False,,1.9,0.8,178.2,176.4,177.3,173.2,66.4,Medium
2025-08-16T01:20:08.404167,13.11,Unknown,Neutral,False,,1.9,0.7,178.0,176.2,177.4,173.0,66.6,Medium
2025-08-16T01:20:08.443393,13.17,Unknown,Neutral,False,,1.9,0.7,177.8,176.0,177.4,172.9,66.8,Medium
2025-08-16T01:20:08.476840,13.2,Unknown,Neutral,False,,1.9,0.7,177.6,175.8,177.5,172.8,67.0,Medium
2025-08-16T01:20:08.511294,13.23,Unknown,Neutral,False,,1.8,0.8,177.5,175.7,177.5,172.8,67.1,Medium
2025-08-16T01:20:08.544882,13.27,Unknown,Neutral,False,,1.8,0.8,177.5,175.7,177.4,172.8,67.2,Medium
2025-08-16T01:20:08.579386,13.31,Unknown,Neutral,False,,1.7,0.9,177.5,175.7,177.4,172.8,67.3,Medium
2025-08-16T01:20:08.612218,13.33,Unknown,Neutral,False,,1.7,1.0,177.4,175.7,177.3,172.9,67.4,Medium
2025-08-16T01:20:08.637476,13.36,Unknown,Neutral,False,,1.7,1.1,177.4,175.7,177.3,172.9,67.5,Medium
2025-08-16T01:20:08.680447,13.41,Unknown,Neutral,False,,1.7,1.1,177.4,175.8,177.3,173.0,67.5,Medium
2025-08-16T01:20:08.714802,13.44,Unknown,Neutral,False,,1.7,1.0,177.4,175.8,177.3,173.0,67.6,Medium
2025-08-16T01:20:08.748654,13.47,Unknown,Neutral,False,,1.6,0.9,177.5,175.9,177.3,173.1,67.7,Medium
2025-08-16T01:20:08.783042,13.5,Unknown,Neutral,False,,1.6,0.9,177.6,176.1,177.2,173.2,67.7,Medium
2025-08-16T01:20:08.817705,13.55,Unknown,Neutral,False,,1.6,0.8,177.7,176.2,177.1,173.3,67.8,Medium
2025-08-16T01:20:08.851403,13.58,Unknown,Neutral,False,,1.6,0.8,177.8,176.4,177.1,173.4,67.9,Medium
2025-08-16T01:20:08.884779,13.61,Unknown,Neutral,False,,1.5,0.8,177.9,176.5,177.0,173.5,67.9,Medium
2025-08-16T01:20:08.918985,13.64,Unknown,Neutral,False,,1.5,0.8,178.0,176.6,177.0,173.6,67.8,Medium
2025-08-16T01:20:08.954100,13.67,Unknown,Neutral,False,,1.4,0.9,178.2,176.6,176.9,173.6,67.7,Medium
2025-08-16T01:20:08.988080,13.72,Unknown,Neutral,False,,1.4,0.8,178.4,176.7,176.8,173.7,67.5,Medium
2025-08-16T01:20:09.022393,13.75,Unknown,Neutral,False,,1.4,0.8,178.5,176.7,176.6,173.7,67.4,Medium
2025-08-16T01:20:09.055785,13.78,Unknown,Neutral,False,,1.4,0.9,178.6,176.7,176.3,173.8,67.3,Medium
2025-08-16T01:20:09.089256,13.81,Unknown,Neutral,False,,1.4,1.0,178.7,176.9,176.2,173.8,67.2,Medium
2025-08-16T01:20:09.123121,13.84,Unknown,Neutral,False,,1.4,1.0,178.8,176.9,176.2,173.7,67.0,Medium
2025-08-16T01:20:09.157132,13.88,Unknown,Neutral,False,,1.6,0.8,179.0,177.1,176.2,173.6,66.6,Medium
2025-08-16T01:20:09.191849,13.92,Unknown,Neutral,False,,1.7,0.8,179.0,177.3,176.3,173.6,66.2,Medium
2025-08-16T01:20:09.226548,13.95,Unknown,Neutral,False,,1.9,0.9,179.0,177.5,176.3,173.5,65.9,Medium
2025-08-16T01:20:09.266291,13.98,Unknown,Neutral,False,,1.9,1.2,178.8,177.5,176.5,173.4,65.6,Medium
2025-08-16T01:20:09.294618,14.02,Unknown,Neutral,False,,1.8,1.4,178.6,177.5,176.6,173.4,65.4,Medium
2025-08-16T01:20:09.328313,14.05,Unknown,Neutral,False,,1.6,1.5,178.4,177.7,176.7,173.4,65.4,Medium
2025-08-16T01:20:09.363005,14.09,Unknown,Neutral,False,,1.4,1.7,178.2,177.8,176.8,173.5,65.7,Medium
2025-08-16T01:20:09.397530,14.12,Unknown,Neutral,False,,1.3,1.9,178.1,177.9,176.8,173.7,66.1,Medium
2025-08-16T01:20:09.432024,14.16,Unknown,Neutral,False,,1.2,2.0,178.0,178.0,176.8,173.9,66.6,Medium
2025-08-16T01:20:09.466049,14.19,Unknown,Neutral,False,,1.1,2.2,178.0,178.1,176.8,173.9,66.8,Medium
2025-08-16T01:20:09.500158,14.22,Unknown,Neutral,False,,1.1,2.4,177.9,178.3,176.7,174.0,66.9,Medium
2025-08-16T01:20:09.533564,14.27,Unknown,Neutral,False,,1.0,2.6,177.9,178.3,176.7,174.0,66.9,Medium
2025-08-16T01:20:09.568151,14.3,Unknown,Neutral,False,,0.9,2.8,177.9,178.4,176.6,173.9,67.0,Medium
2025-08-16T01:20:09.602428,14.33,Unknown,Neutral,False,,0.8,3.0,177.8,178.3,176.6,173.9,67.1,Medium
2025-08-16T01:20:09.635491,14.36,Unknown,Neutral,False,,0.8,3.1,177.8,178.1,176.6,173.9,67.2,Medium
2025-08-16T01:20:09.668957,14.39,Unknown,Neutral,False,,0.7,3.1,177.7,178.0,176.5,173.8,67.2,Medium
2025-08-16T01:20:09.701931,14.42,Unknown,Neutral,False,,0.6,3.1,177.7,177.9,176.4,173.8,67.3,Medium
2025-08-16T01:20:09.735034,14.45,Unknown,Neutral,False,,0.6,3.1,177.6,177.8,176.3,173.9,67.3,Medium
2025-08-16T01:20:09.769165,14.5,Unknown,Neutral,False,,0.5,3.0,177.6,177.7,176.2,173.8,67.3,Medium
2025-08-16T01:20:09.802729,14.52,Unknown,Neutral,False,,0.4,2.9,177.6,177.6,176.1,173.8,67.4,Medium
2025-08-16T01:20:09.837549,14.56,Unknown,Neutral,False,,0.4,2.8,177.6,177.5,176.1,173.8,67.3,Medium
2025-08-16T01:20:09.872185,14.58,Unknown,Neutral,False,,0.3,2.7,177.5,177.3,176.0,173.8,67.3,Medium
2025-08-16T01:20:09.907194,14.62,Unknown,Neutral,False,,0.3,2.6,177.5,177.2,176.0,173.8,67.3,Medium
2025-08-16T01:20:09.940337,14.67,Unknown,Neutral,False,,0.4,2.5,177.5,177.0,176.0,173.8,67.2,Medium
2025-08-16T01:20:09.973832,14.7,Unknown,Neutral,False,,0.5,2.6,177.5,176.8,175.9,173.8,67.2,Medium
2025-08-16T01:20:10.008284,14.73,Unknown,Neutral,False,,0.6,2.7,177.6,176.6,175.8,173.8,67.2,Medium
2025-08-16T01:20:10.040324,14.77,Unknown,Neutral,False,,0.8,2.8,177.6,176.6,175.8,173.8,67.2,Medium
2025-08-16T01:20:10.073835,14.8,Unknown,Neutral,False,,0.9,3.0,177.7,176.6,175.8,173.7,67.2,Medium
2025-08-16T01:20:10.107279,14.83,Unknown,Neutral,False,,1.1,3.2,177.8,176.6,175.9,173.6,67.2,Medium
2025-08-16T01:20:10.140679,14.86,Unknown,Neutral,False,,1.2,3.3,178.0,176.7,175.9,173.6,67.2,Medium
2025-08-16T01:20:10.175087,14.91,Unknown,Neutral,False,,1.3,3.4,178.0,176.7,176.0,173.5,67.1,Medium
2025-08-16T01:20:10.208196,14.92,Unknown,Neutral,False,,1.4,3.4,178.0,176.8,176.0,173.3,67.1,Medium
2025-08-16T01:20:10.242034,14.97,Unknown,Neutral,False,,1.4,3.3,178.0,176.8,176.1,173.2,67.1,Medium
2025-08-16T01:20:10.276314,15.0,Unknown,Neutral,False,,1.5,3.1,178.0,176.8,176.2,173.0,67.1,Medium
2025-08-16T01:20:10.313491,15.03,Unknown,Neutral,False,,1.6,3.0,178.0,176.8,176.3,172.9,67.1,Medium
2025-08-16T01:20:10.350465,15.08,Unknown,Neutral,False,,1.6,2.9,178.1,176.9,176.2,172.9,67.2,Medium
2025-08-16T01:20:10.378276,15.11,Unknown,Neutral,False,,1.6,2.9,178.2,177.1,176.2,172.9,67.3,Medium
2025-08-16T01:20:10.412208,15.14,Unknown,Neutral,False,,1.6,2.9,178.3,177.2,176.2,172.9,67.4,Medium
2025-08-16T01:20:10.436312,15.16,Unknown,Neutral,False,,1.6,2.8,178.3,177.3,176.1,172.8,67.4,Medium
2025-08-16T01:20:10.470771,15.2,Unknown,Neutral,False,,1.7,2.8,178.5,177.4,176.1,172.8,67.5,Medium
2025-08-16T01:20:10.504943,15.23,Unknown,Neutral,False,,1.7,2.5,178.6,177.5,176.2,172.7,67.6,Medium
2025-08-16T01:20:10.539210,15.27,Unknown,Neutral,False,,1.8,2.0,178.7,177.6,176.2,172.7,67.7,Medium
2025-08-16T01:20:10.557194,15.28,Unknown,Neutral,False,,1.7,1.7,178.8,177.9,176.2,172.6,67.9,Medium
2025-08-16T01:20:10.607299,15.33,Unknown,Neutral,False,,1.7,1.7,178.9,178.1,176.1,172.6,68.1,Medium
2025-08-16T01:20:10.641307,15.36,Unknown,Neutral,False,,1.6,2.0,178.9,178.1,176.1,172.6,68.2,Medium
2025-08-16T01:20:10.676111,15.41,Unknown,Neutral,False,,1.5,2.3,178.9,178.1,176.1,172.4,68.3,Medium
2025-08-16T01:20:10.710481,15.44,Unknown,Neutral,False,,1.3,2.7,178.8,178.0,176.1,172.4,68.4,Medium
2025-08-16T01:20:10.743668,15.47,Unknown,Neutral,False,,1.3,3.0,178.7,177.9,176.1,172.3,68.5,Medium
2025-08-16T01:20:10.777906,15.5,Unknown,Neutral,False,,1.2,3.4,178.7,177.8,176.2,172.3,68.5,Medium
2025-08-16T01:20:10.811640,15.53,Unknown,Neutral,False,,1.1,3.8,178.6,177.7,176.2,172.3,68.4,Medium
2025-08-16T01:20:10.845800,15.58,Unknown,Neutral,False,,1.1,4.0,178.5,177.7,176.2,172.4,68.3,Medium
2025-08-16T01:20:10.879214,15.61,Unknown,Neutral,False,,1.1,4.3,178.4,177.6,176.2,172.5,68.2,Medium
2025-08-16T01:20:10.913022,15.64,Unknown,Neutral,False,,1.1,4.4,178.4,177.6,176.2,172.5,68.2,Medium
2025-08-16T01:20:10.946012,15.67,Unknown,Neutral,False,,1.1,4.5,178.4,177.6,176.2,172.5,68.1,Medium
2025-08-16T01:20:10.980265,15.7,Unknown,Neutral,False,,1.0,4.5,178.3,177.6,176.2,172.6,68.2,Medium
2025-08-16T01:20:11.015013,15.73,Unknown,Neutral,False,,1.0,4.4,178.4,177.7,176.1,172.8,68.3,Medium
2025-08-16T01:20:11.049409,15.78,Unknown,Neutral,False,,1.0,3.9,178.4,177.8,176.1,172.9,68.4,Medium
2025-08-16T01:20:11.083572,15.81,Unknown,Neutral,False,,1.0,3.2,178.5,177.9,176.0,173.0,68.5,Medium
2025-08-16T01:20:11.117347,15.84,Unknown,Neutral,False,,1.2,2.6,178.6,178.0,175.9,173.3,68.6,Medium
2025-08-16T01:20:11.151147,15.88,Unknown,Neutral,False,,1.2,2.2,178.7,178.1,175.9,173.5,68.9,Medium
2025-08-16T01:20:11.184855,15.91,Unknown,Neutral,False,,1.2,1.9,178.9,178.2,175.8,173.8,69.1,Medium
2025-08-16T01:20:11.218424,15.94,Unknown,Neutral,False,,1.1,1.7,179.0,178.2,175.8,174.1,69.1,Medium
2025-08-16T01:20:11.251620,15.97,Unknown,Neutral,False,,1.0,1.6,179.0,178.2,175.8,174.3,69.0,Medium
2025-08-16T01:20:11.286250,16.02,Unknown,Neutral,False,,1.0,1.6,179.2,178.4,175.9,174.4,68.9,Medium
2025-08-16T01:20:11.320071,16.05,Unknown,Neutral,False,,0.9,1.6,179.3,178.5,175.9,174.5,68.8,Medium
2025-08-16T01:20:11.353159,16.08,Unknown,Neutral,False,,0.9,1.8,179.3,178.5,175.9,174.4,68.7,Medium
2025-08-16T01:20:11.387683,16.11,Unknown,Neutral,False,,0.8,1.9,179.4,178.4,176.0,174.2,68.3,Medium
2025-08-16T01:20:11.426087,16.16,Unknown,Neutral,False,,0.7,2.1,179.5,178.3,176.1,174.0,67.9,Medium
2025-08-16T01:20:11.454505,16.19,Unknown,Neutral,False,,0.6,2.1,179.5,178.3,176.0,173.9,67.5,Medium
2025-08-16T01:20:11.486844,16.22,Unknown,Neutral,False,,0.5,2.3,179.5,178.1,176.0,173.9,66.2,Medium
2025-08-16T01:20:11.520754,16.25,Unknown,Neutral,False,,0.4,2.2,179.2,177.8,176.0,173.8,64.2,Medium
2025-08-16T01:20:11.554823,16.28,Unknown,RaisedShoulders,False,,0.3,2.2,179.0,177.5,176.0,173.5,62.1,Medium
2025-08-16T01:20:11.588907,16.31,Unknown,RaisedShoulders,False,,0.2,2.1,178.5,177.0,176.0,173.1,59.8,High
2025-08-16T01:20:11.623345,16.34,Unknown,RaisedShoulders,False,,0.2,2.5,178.3,176.8,175.9,172.8,57.6,High
2025-08-16T01:20:11.656655,16.38,Unknown,RaisedShoulders,False,,0.3,2.9,178.1,176.7,176.0,172.6,55.5,High
2025-08-16T01:20:11.690476,16.42,Unknown,RaisedShoulders,False,,0.3,3.5,177.9,176.7,176.1,172.4,53.8,High
2025-08-16T01:20:11.725025,16.45,Unknown,RaisedShoulders,False,,0.4,4.4,177.8,176.9,176.1,172.5,52.6,High
2025-08-16T01:20:11.758581,16.47,Unknown,RaisedShoulders,False,,0.4,5.2,177.7,177.1,176.1,172.5,51.7,High
2025-08-16T01:20:11.792816,16.52,Unknown,RaisedShoulders,False,,0.4,5.7,177.8,177.2,175.8,172.7,50.9,High
2025-08-16T01:20:11.827268,16.55,Unknown,RaisedShoulders,False,,0.3,6.2,177.8,177.4,175.5,172.9,50.3,High
2025-08-16T01:20:11.859817,16.58,Unknown,RaisedShoulders,False,,0.4,6.9,178.1,177.7,175.1,173.2,49.8,High
2025-08-16T01:20:11.894217,16.62,Unknown,RaisedShoulders,False,,0.4,7.5,178.2,177.9,174.9,173.3,49.5,High
2025-08-16T01:20:11.928651,16.66,Unknown,RaisedShoulders,False,,0.4,8.3,178.4,178.1,174.8,173.4,49.4,High
2025-08-16T01:20:11.963404,16.69,Unknown,RaisedShoulders,False,,0.4,9.4,178.6,178.2,174.7,173.4,49.6,High
2025-08-16T01:20:11.997774,16.72,Unknown,RaisedShoulders,False,,0.3,10.3,178.7,178.4,174.6,173.5,50.1,High
2025-08-16T01:20:12.032252,16.75,Unknown,RaisedShoulders,False,,0.3,11.0,178.8,178.6,174.4,173.6,50.6,High
2025-08-16T01:20:12.065442,16.8,Unknown,RaisedShoulders,False,,0.5,11.8,178.9,178.9,174.3,173.6,50.7,High
2025-08-16T01:20:12.098493,16.83,Unknown,RaisedShoulders,False,,0.9,12.7,178.1,178.7,174.5,173.1,50.2,High
2025-08-16T01:20:12.133108,16.84,Unknown,RaisedShoulders,False,,1.4,13.4,177.4,178.4,174.6,172.5,50.1,High
2025-08-16T01:20:12.167095,16.89,Unknown,RaisedShoulders,False,,1.9,14.1,176.8,178.0,174.3,172.2,50.2,High
2025-08-16T01:20:12.200320,16.92,Unknown,RaisedShoulders,False,,2.7,15.3,176.0,177.5,174.2,171.8,50.6,High
2025-08-16T01:20:12.234778,16.95,Unknown,RaisedShoulders,False,,3.4,16.9,175.6,177.3,173.8,171.3,50.7,High
2025-08-16T01:20:12.268871,17.0,Unknown,RaisedShoulders,False,,4.4,18.5,176.0,177.0,172.3,170.5,51.5,High
2025-08-16T01:20:12.302447,17.03,Unknown,ForwardHead,False,,5.2,20.2,175.5,176.6,171.2,169.9,51.6,High
2025-08-16T01:20:12.335721,17.06,Unknown,ForwardHead,False,,5.9,21.8,175.4,175.8,170.5,169.1,52.4,High
2025-08-16T01:20:12.369379,17.09,Unknown,ForwardHead,False,,6.4,23.2,175.2,174.2,170.4,168.4,52.8,High
2025-08-16T01:20:12.407582,17.12,Unknown,ForwardHead,False,,7.0,24.4,175.3,172.6,171.4,167.7,52.5,High
2025-08-16T01:20:12.436771,17.16,Unknown,ForwardHead,False,,7.5,24.8,176.4,172.7,170.3,168.0,53.7,High
2025-08-16T01:20:12.478036,17.2,Unknown,ForwardHead,False,,8.0,24.8,177.1,173.2,169.7,168.8,55.1,High
2025-08-16T01:20:12.519522,17.25,Unknown,ForwardHead,False,,8.4,24.4,176.7,174.8,168.3,170.3,56.4,High
2025-08-16T01:20:12.552396,17.28,Unknown,ForwardHead,False,,8.8,23.8,176.5,175.8,167.3,171.7,56.9,High
2025-08-16T01:20:12.569879,17.3,Unknown,ForwardHead,False,,9.2,22.6,176.5,175.8,166.3,173.4,57.0,High
2025-08-16T01:20:12.604156,17.33,Unknown,ForwardHead,False,,9.3,21.5,171.5,174.6,162.7,173.7,55.9,High
2025-08-16T01:20:12.653471,17.38,Unknown,ForwardHead,False,,9.4,21.0,163.6,168.1,157.8,172.6,54.8,High
2025-08-16T01:20:12.686927,17.39,Unknown,ForwardHead,False,,9.5,20.5,160.4,168.0,155.6,172.5,53.5,High
2025-08-16T01:20:12.721356,17.45,Unknown,ForwardHead,False,,9.7,20.4,159.3,168.9,154.7,172.9,52.6,High
2025-08-16T01:20:12.756056,17.48,Unknown,ForwardHead,False,,9.9,20.5,158.1,170.2,153.7,173.5,52.2,High
2025-08-16T01:20:12.790488,17.52,Unknown,ForwardHead,False,,9.9,20.8,156.7,171.8,152.5,173.7,52.2,High
2025-08-16T01:20:12.824396,17.55,Unknown,ForwardHead,False,,10.0,20.9,155.3,172.7,151.7,173.6,52.4,High
2025-08-16T01:20:12.859391,17.58,Unknown,ForwardHead,False,,10.1,20.8,156.4,174.2,151.7,174.1,52.4,High
2025-08-16T01:20:12.892070,17.62,Unknown,ForwardHead,False,,10.0,20.5,158.3,175.4,152.4,174.8,52.6,High
2025-08-16T01:20:12.926073,17.66,Unknown,Neutral,False,,9.9,19.0,159.9,175.9,153.2,175.5,53.1,High
2025-08-16T01:20:12.958919,17.69,Unknown,Neutral,False,,9.6,17.5,162.9,176.5,155.1,175.8,53.7,High
2025-08-16T01:20:12.992674,17.72,Unknown,Neutral,False,,9.2,16.0,165.9,177.2,157.1,175.8,54.3,High
2025-08-16T01:20:13.026814,17.75,Unknown,Neutral,False,,8.6,14.5,168.3,177.2,158.9,175.9,55.1,High
2025-08-16T01:20:13.061392,17.78,Unknown,Neutral,False,,7.7,13.3,170.2,177.2,160.7,175.7,56.5,High
2025-08-16T01:20:13.098676,17.83,Unknown,Neutral,False,,6.6,12.6,171.8,177.3,162.6,175.2,58.0,High
2025-08-16T01:20:13.129726,17.86,Unknown,Neutral,False,,5.4,11.6,173.4,177.4,164.6,174.7,59.6,High
2025-08-16T01:20:13.162993,17.89,Unknown,Neutral,False,,4.3,10.8,174.9,177.6,166.4,174.3,60.8,Medium
2025-08-16T01:20:13.197420,17.92,Unknown,Neutral,False,,3.3,10.1,176.1,177.5,168.1,174.2,62.0,Medium
2025-08-16T01:20:13.230857,17.95,Unknown,Neutral,False,,2.5,9.6,176.6,177.9,169.7,174.1,62.6,Medium
2025-08-16T01:20:13.265188,17.98,Unknown,Neutral,False,,1.9,9.3,176.5,178.4,171.1,174.4,63.0,Medium
2025-08-16T01:20:13.299290,18.03,Unknown,Neutral,False,,1.6,9.0,176.4,178.7,172.2,175.0,63.0,Medium
2025-08-16T01:20:13.332466,18.06,Unknown,Neutral,False,,1.2,8.7,176.0,179.0,173.0,175.3,63.0,Medium
2025-08-16T01:20:13.365254,18.09,Standing,Neutral,True,,0.9,8.3,176.2,179.1,173.2,175.2,63.3,Medium
2025-08-16T01:20:13.398844,18.12,Standing,Neutral,True,,0.7,8.1,176.9,179.1,173.3,175.1,63.8,Medium
2025-08-16T01:20:13.432873,18.16,Standing,Neutral,True,,0.6,7.5,177.1,179.0,172.9,175.0,64.1,Medium
2025-08-16T01:20:13.466672,18.19,Standing,Neutral,True,,0.6,6.9,177.4,179.2,172.6,175.0,64.4,Medium
2025-08-16T01:20:13.499378,18.22,Standing,Neutral,True,,0.6,6.5,177.7,179.4,172.5,175.1,64.8,Medium
2025-08-16T01:20:13.537555,18.27,Standing,Neutral,True,,0.6,6.0,178.1,179.5,172.5,175.3,65.2,Medium
2025-08-16T01:20:13.575167,18.3,Standing,Neutral,True,,0.6,5.5,178.5,179.5,172.6,175.6,65.9,Medium
2025-08-16T01:20:13.616136,18.34,Standing,Neutral,True,,0.6,5.1,178.7,179.5,172.7,175.8,67.0,Medium
2025-08-16T01:20:13.650051,18.38,Standing,Neutral,True,,0.5,4.9,178.9,179.4,172.8,176.1,68.0,Medium
2025-08-16T01:20:13.684008,18.41,Standing,Neutral,True,,0.4,4.5,179.1,179.2,172.7,176.4,68.6,Medium
2025-08-16T01:20:13.718412,18.44,Standing,Neutral,True,,0.4,4.1,179.3,179.2,172.8,176.5,68.7,Medium
2025-08-16T01:20:13.757354,18.48,Standing,Neutral,True,,0.4,3.6,179.3,179.1,173.3,176.5,68.5,Medium
2025-08-16T01:20:13.787168,18.52,Standing,Neutral,True,,0.6,3.1,179.0,179.1,173.8,176.3,68.6,Medium
2025-08-16T01:20:13.821325,18.55,Standing,Neutral,True,,0.8,2.8,178.7,179.2,174.1,176.1,68.6,Medium
2025-08-16T01:20:13.854473,18.58,Standing,Neutral,True,,0.9,2.6,178.5,179.2,174.3,175.8,68.8,Medium
2025-08-16T01:20:13.888440,18.61,Standing,Neutral,True,,0.8,2.4,178.4,179.3,174.4,175.7,68.9,Medium
2025-08-16T01:20:13.920808,18.64,Standing,Neutral,True,,0.7,2.2,178.3,179.4,174.3,175.8,69.1,Medium
2025-08-16T01:20:13.955622,18.69,Standing,Neutral,True,,0.5,2.0,178.3,179.3,174.2,175.9,69.1,Medium
2025-08-16T01:20:13.989936,18.72,Standing,Neutral,True,,0.5,1.9,178.2,179.2,174.2,176.1,68.7,Medium
2025-08-16T01:20:14.024237,18.75,Standing,Neutral,True,,0.4,1.9,178.0,179.2,174.3,176.1,68.4,Medium
2025-08-16T01:20:14.058401,18.78,Standing,Neutral,True,,0.5,2.0,177.7,179.2,174.5,176.2,68.1,Medium
2025-08-16T01:20:14.091238,18.81,Standing,Neutral,True,,0.4,2.0,177.6,179.4,174.6,176.1,67.8,Medium
2025-08-16T01:20:14.125204,18.84,Standing,Neutral,True,,0.4,2.1,177.5,179.5,174.7,176.1,67.7,Medium
2025-08-16T01:20:14.159177,18.89,Standing,Neutral,True,,0.4,2.2,177.4,179.5,174.8,176.1,67.6,Medium
2025-08-16T01:20:14.193235,18.92,Standing,Neutral,True,,0.3,2.3,177.4,179.4,174.8,176.0,67.7,Medium
2025-08-16T01:20:14.228032,18.95,Standing,Neutral,True,,0.3,2.3,177.7,179.5,174.5,176.0,67.8,Medium
2025-08-16T01:20:14.247573,18.97,Standing,Neutral,True,,0.3,2.4,178.2,179.6,174.1,176.0,67.9,Medium
2025-08-16T01:20:14.295696,19.02,Standing,Neutral,True,,0.4,2.4,178.5,179.6,173.9,175.9,68.0,Medium
2025-08-16T01:20:14.329494,19.06,Standing,Neutral,True,,0.4,2.5,178.8,179.5,173.8,175.8,68.3,Medium
2025-08-16T01:20:14.363827,19.08,Standing,Neutral,True,,0.5,2.5,178.9,179.3,173.8,175.5,68.4,Medium
2025-08-16T01:20:14.397995,19.12,Standing,Neutral,True,,0.6,2.5,179.0,179.2,173.9,175.3,68.5,Medium
2025-08-16T01:20:14.431707,19.14,Standing,Neutral,True,,0.6,2.4,178.9,179.1,174.1,175.1,68.6,Medium
2025-08-16T01:20:14.466514,19.19,Standing,Neutral,True,,0.7,2.3,178.8,179.2,174.4,174.8,68.7,Medium
2025-08-16T01:20:14.501200,19.23,Standing,Neutral,True,,0.8,2.2,178.7,179.3,174.6,174.5,68.8,Medium
2025-08-16T01:20:14.534978,19.27,Standing,Neutral,True,,0.9,2.0,178.6,179.4,174.9,174.3,68.6,Medium
2025-08-16T01:20:14.568183,19.3,Standing,Neutral,True,,0.9,1.9,178.5,179.5,175.1,174.1,68.4,Medium
2025-08-16T01:20:14.601575,19.33,Standing,Neutral,True,,0.9,1.6,178.5,179.5,175.3,174.3,68.5,Medium
2025-08-16T01:20:14.642434,19.38,Standing,Neutral,True,,0.8,1.4,178.4,179.2,175.4,174.8,68.7,Medium
2025-08-16T01:20:14.677333,19.41,Standing,Neutral,True,,0.7,1.3,178.3,178.9,175.5,175.5,68.9,Medium
2025-08-16T01:20:14.717993,19.44,Standing,Neutral,True,,0.5,1.3,178.1,178.6,175.6,176.2,68.8,Medium
2025-08-16T01:20:14.751032,19.47,Standing,Neutral,True,,0.4,1.3,178.0,178.3,175.7,176.9,68.7,Medium
2025-08-16T01:20:14.783838,19.52,Standing,Neutral,True,,0.3,1.4,177.8,178.3,175.6,177.4,68.5,Medium
2025-08-16T01:20:14.817923,19.55,Standing,Neutral,True,,0.3,1.4,177.5,178.4,175.7,177.7,68.3,Medium
2025-08-16T01:20:14.851278,19.58,Standing,Neutral,True,,0.2,1.4,177.2,178.5,175.8,178.0,68.0,Medium
2025-08-16T01:20:14.885974,19.61,Standing,Neutral,True,,0.2,1.4,177.0,178.6,175.8,178.3,67.8,Medium
2025-08-16T01:20:14.920602,19.64,Standing,Neutral,True,,0.2,1.4,176.9,178.6,175.9,178.5,67.7,Medium
2025-08-16T01:20:14.955165,19.69,Standing,Neutral,True,,0.2,1.4,176.8,178.7,176.0,178.6,67.6,Medium
2025-08-16T01:20:14.989219,19.72,Standing,Neutral,True,,0.2,1.4,176.7,178.7,176.0,178.7,67.5,Medium
2025-08-16T01:20:15.022500,19.75,Standing,Neutral,True,,0.1,1.3,176.7,178.7,176.0,178.8,67.5,Medium
2025-08-16T01:20:15.056855,19.78,Standing,Neutral,True,,0.1,1.3,176.7,178.7,176.1,178.8,67.4,Medium
2025-08-16T01:20:15.090188,19.81,Standing,Neutral,True,,0.1,1.3,176.7,178.8,176.1,178.8,67.4,Medium
2025-08-16T01:20:15.129557,19.84,Standing,Neutral,True,,0.1,1.4,176.7,179.0,176.2,178.8,67.3,Medium
2025-08-16T01:20:15.158932,19.89,Standing,Neutral,True,,0.1,1.4,176.7,179.1,176.3,178.8,67.3,Medium
2025-08-16T01:20:15.192642,19.92,Standing,Neutral,True,,0.1,1.4,176.7,179.1,176.3,178.7,67.3,Medium
2025-08-16T01:20:15.227162,19.95,Standing,Neutral,True,,0.0,1.5,176.7,179.2,176.4,178.7,67.2,Medium
2025-08-16T01:20:15.248888,19.97,Standing,Neutral,True,,0.0,1.5,176.7,179.3,176.4,178.6,67.3,Medium
2025-08-16T01:20:15.295410,20.02,Standing,Neutral,True,,0.0,1.6,176.8,179.3,176.4,178.5,67.3,Medium
2025-08-16T01:20:15.327946,20.05,Standing,Neutral,True,,0.1,1.7,176.9,179.4,176.3,178.3,67.3,Medium
2025-08-16T01:20:15.361352,20.09,Standing,Neutral,True,,0.1,1.9,177.0,179.4,176.3,178.2,67.4,Medium
2025-08-16T01:20:15.395992,20.12,Standing,Neutral,True,,0.1,2.0,177.3,179.5,176.2,178.1,67.5,Medium
2025-08-16T01:20:15.430367,20.16,Standing,Neutral,True,,0.2,2.2,177.4,179.4,176.1,177.9,67.5,Medium
2025-08-16T01:20:15.465958,20.19,Standing,Neutral,True,,0.2,2.3,177.5,179.4,176.1,177.8,67.6,Medium
2025-08-16T01:20:15.497577,20.22,Standing,Neutral,True,,0.2,2.4,177.6,179.3,176.1,177.6,67.7,Medium
2025-08-16T01:20:15.530500,20.25,Unknown,Neutral,False,,0.3,2.4,177.7,179.4,176.1,177.4,67.8,Medium
2025-08-16T01:20:15.564265,20.3,Unknown,Neutral,False,,0.3,2.4,177.7,179.4,176.1,177.3,67.9,Medium
2025-08-16T01:20:15.597586,20.33,Unknown,Neutral,False,,0.3,2.4,177.7,179.4,176.2,177.3,67.9,Medium
2025-08-16T01:20:15.631607,20.36,Unknown,Neutral,False,,0.2,2.4,177.6,179.3,176.2,177.2,68.0,Medium
2025-08-16T01:20:15.665962,20.38,Unknown,Neutral,False,,0.2,2.4,177.5,179.3,176.3,177.3,68.0,Medium
2025-08-16T01:20:15.700423,20.42,Unknown,Neutral,False,,0.2,2.4,177.4,179.3,176.3,177.3,68.0,Medium
2025-08-16T01:20:15.734568,20.45,Standing,Neutral,True,,0.2,2.3,177.4,179.3,176.4,177.3,68.1,Medium
2025-08-16T01:20:15.764395,20.48,Standing,Neutral,True,,0.1,2.3,177.3,179.3,176.4,177.4,68.1,Medium
2025-08-16T01:20:15.798921,20.53,Standing,Neutral,True,,0.1,2.3,177.3,179.3,176.5,177.5,68.2,Medium
2025-08-16T01:20:15.832870,20.56,Standing,Neutral,True,,0.1,2.2,177.3,179.3,176.5,177.5,68.2,Medium
2025-08-16T01:20:15.866773,20.59,Standing,Neutral,True,,0.1,2.2,177.3,179.2,176.5,177.5,68.2,Medium
2025-08-16T01:20:15.931124,20.66,Standing,Neutral,True,,0.1,2.2,177.3,179.2,176.6,177.6,68.3,Medium
2025-08-16T01:20:15.965080,20.69,Standing,Neutral,True,,0.0,2.1,177.3,179.2,176.6,177.6,68.3,Medium
2025-08-16T01:20:15.998852,20.72,Unknown,Neutral,False,,0.1,2.1,177.3,179.2,176.5,177.6,68.3,Medium
2025-08-16T01:20:16.033461,20.77,Standing,Neutral,True,,0.1,2.1,177.3,179.2,176.5,177.6,68.3,Medium
2025-08-16T01:20:16.066683,20.8,Standing,Neutral,True,,0.2,2.1,177.4,179.2,176.4,177.6,68.2,Medium
2025-08-16T01:20:16.101367,20.83,Standing,Neutral,True,,0.3,2.2,177.4,179.2,176.2,177.6,68.2,Medium
2025-08-16T01:20:16.139813,20.86,Standing,Neutral,True,,0.4,2.4,177.4,179.3,176.0,177.5,68.1,Medium
2025-08-16T01:20:16.174298,20.91,Standing,Neutral,True,,0.5,2.6,177.5,179.3,175.9,177.5,68.0,Medium
2025-08-16T01:20:16.208367,20.94,Standing,Neutral,True,,0.6,2.7,177.5,179.2,175.6,177.6,67.8,Medium
2025-08-16T01:20:16.241470,20.97,Standing,Neutral,True,,0.7,2.9,177.6,179.2,175.2,177.7,67.6,Medium
2025-08-16T01:20:16.275474,21.0,Standing,Neutral,True,,0.9,3.1,177.7,179.1,174.7,177.9,67.3,Medium
2025-08-16T01:20:16.309895,21.03,Unknown,Neutral,False,,1.0,3.3,177.8,179.0,174.4,178.0,67.1,Medium
2025-08-16T01:20:16.343907,21.06,Unknown,Neutral,False,,1.1,3.4,177.8,178.9,174.1,178.1,66.9,Medium
2025-08-16T01:20:16.378368,21.11,Unknown,Neutral,False,,1.3,3.7,177.9,178.9,173.7,178.4,66.7,Medium
2025-08-16T01:20:16.411731,21.14,Unknown,Neutral,False,,1.5,4.0,178.0,178.7,173.3,178.6,66.5,Medium
2025-08-16T01:20:16.446208,21.17,Unknown,Neutral,False,,1.7,4.2,178.2,178.7,172.9,178.7,66.3,Medium
2025-08-16T01:20:16.483642,21.2,Unknown,Neutral,False,,1.8,4.5,178.5,178.2,172.5,179.0,66.0,Medium
2025-08-16T01:20:16.514165,21.23,Unknown,Neutral,False,,1.8,4.8,178.7,177.6,172.2,179.1,65.5,Medium
2025-08-16T01:20:16.546582,21.27,Unknown,Neutral,False,,1.8,5.3,178.8,177.0,171.9,179.1,65.1,Medium
2025-08-16T01:20:16.580421,21.31,Unknown,Neutral,False,,1.8,5.8,178.9,176.6,171.7,179.2,64.7,Medium
2025-08-16T01:20:16.616749,21.34,Unknown,Neutral,False,,1.9,6.4,179.1,176.4,171.2,179.3,64.2,Medium
2025-08-16T01:20:16.648103,21.38,Unknown,Neutral,False,,2.1,7.2,179.2,176.6,170.4,179.4,63.8,Medium
2025-08-16T01:20:16.680790,21.41,Unknown,Neutral,False,,2.5,8.1,179.1,176.8,169.4,179.3,63.3,Medium
2025-08-16T01:20:16.715368,21.44,Unknown,Neutral,False,,2.9,8.9,178.8,177.0,168.1,179.1,62.7,Medium
2025-08-16T01:20:16.750478,21.47,Unknown,Neutral,False,,3.5,9.7,178.6,177.0,166.8,178.7,62.2,Medium
2025-08-16T01:20:16.788037,21.52,Unknown,Neutral,False,,4.1,10.6,178.1,177.7,165.6,178.5,61.8,Medium
2025-08-16T01:20:16.822002,21.55,Unknown,Neutral,False,,4.7,11.2,177.1,178.1,164.2,178.3,61.0,Medium
2025-08-16T01:20:16.850810,21.58,Unknown,Neutral,False,,5.3,11.9,175.7,178.5,162.9,178.1,59.7,High
2025-08-16T01:20:16.884062,21.61,Unknown,Neutral,False,,5.7,12.4,174.2,178.9,161.5,178.0,58.4,High
2025-08-16T01:20:16.918562,21.64,Unknown,Neutral,False,,6.1,12.9,173.2,179.0,160.4,177.8,57.3,High
2025-08-16T01:20:16.952723,21.67,Unknown,Neutral,False,,6.4,13.1,172.2,179.2,159.4,177.8,56.1,High
2025-08-16T01:20:16.986882,21.72,Unknown,Neutral,False,,6.6,13.6,170.8,179.3,158.4,177.8,55.0,High
2025-08-16T01:20:17.020564,21.75,Unknown,Neutral,False,,6.6,14.4,168.6,179.3,157.1,177.9,54.6,High
2025-08-16T01:20:17.054667,21.78,Unknown,Neutral,False,,6.6,15.3,166.6,178.9,155.7,178.1,53.8,High
2025-08-16T01:20:17.089531,21.81,Unknown,Neutral,False,,6.6,16.1,163.6,179.0,154.0,178.1,52.7,High
2025-08-16T01:20:17.122741,21.84,Unknown,RaisedShoulders,False,,6.5,16.7,161.3,179.2,153.4,178.3,51.6,High
2025-08-16T01:20:17.157326,21.88,Unknown,RaisedShoulders,False,,6.4,17.3,160.7,178.7,153.9,178.2,50.1,High
2025-08-16T01:20:17.191679,21.92,Unknown,RaisedShoulders,False,,6.3,17.6,162.1,178.4,155.6,178.4,48.7,High
2025-08-16T01:20:17.225575,21.95,Unknown,RaisedShoulders,False,,6.1,18.0,165.8,178.8,158.5,177.8,47.4,High
2025-08-16T01:20:17.258595,21.98,Unknown,RaisedShoulders,False,,6.0,18.0,169.0,178.8,161.4,177.2,46.4,High
2025-08-16T01:20:17.291636,22.02,Unknown,RaisedShoulders,False,,5.9,17.6,171.5,179.0,163.5,176.8,45.8,High
2025-08-16T01:20:17.325625,22.05,Unknown,RaisedShoulders,False,,5.8,17.0,173.4,179.2,165.2,176.7,45.4,High
2025-08-16T01:20:17.358958,22.08,Unknown,RaisedShoulders,False,,5.8,16.3,174.7,179.1,166.4,176.7,45.1,High
2025-08-16T01:20:17.391981,22.12,Unknown,RaisedShoulders,False,,5.8,15.2,175.7,179.3,167.4,176.7,44.9,High
2025-08-16T01:20:17.426267,22.16,Unknown,RaisedShoulders,False,,5.7,14.1,176.5,179.3,168.0,176.8,45.0,High
2025-08-16T01:20:17.460895,22.19,Unknown,RaisedShoulders,False,,5.5,13.1,177.0,179.1,168.8,176.9,45.0,High
2025-08-16T01:20:17.493860,22.22,Unknown,RaisedShoulders,False,,5.1,12.5,176.8,178.9,169.9,176.9,45.0,High
2025-08-16T01:20:17.528257,22.25,Unknown,RaisedShoulders,False,,4.7,12.2,176.9,178.8,170.6,176.9,44.7,High
2025-08-16T01:20:17.562516,22.28,Unknown,RaisedShoulders,False,,4.2,11.7,175.1,178.7,169.8,176.8,44.2,High
2025-08-16T01:20:17.596063,22.33,Unknown,RaisedShoulders,False,,3.8,10.8,171.1,178.6,167.3,176.6,42.8,High
2025-08-16T01:20:17.629472,22.36,Unknown,RaisedShoulders,False,,3.4,10.0,166.9,178.7,164.4,176.3,41.3,High
2025-08-16T01:20:17.662820,22.39,Unknown,RaisedShoulders,False,,3.1,9.0,164.2,179.0,162.5,176.1,40.4,High
2025-08-16T01:20:17.699164,22.42,Unknown,RaisedShoulders,False,,2.7,7.9,163.3,178.9,161.7,175.6,41.0,High
2025-08-16T01:20:17.731617,22.45,Unknown,RaisedShoulders,False,,2.3,6.7,164.1,179.0,161.9,175.5,42.6,High
2025-08-16T01:20:17.764052,22.48,Unknown,RaisedShoulders,False,,1.9,5.7,166.8,179.0,163.5,175.3,45.3,High
2025-08-16T01:20:17.798289,22.53,Unknown,RaisedShoulders,False,,1.6,4.9,170.0,178.4,165.4,174.9,48.5,High
2025-08-16T01:20:17.833123,22.56,Unknown,RaisedShoulders,False,,1.3,4.4,171.6,177.4,167.3,174.2,51.8,High
2025-08-16T01:20:17.868780,22.59,Unknown,RaisedShoulders,False,,1.0,3.9,173.1,176.7,168.8,173.7,54.7,High
2025-08-16T01:20:17.916589,22.64,Unknown,RaisedShoulders,False,,0.8,3.4,173.7,176.2,170.0,173.4,57.2,High
2025-08-16T01:20:17.949538,22.67,Unknown,RaisedShoulders,False,,0.8,3.0,174.0,176.0,170.9,173.1,59.6,High
2025-08-16T01:20:17.984073,22.7,Unknown,RaisedShoulders,False,,0.8,2.7,174.0,176.1,171.8,173.0,62.0,Medium
2025-08-16T01:20:18.018291,22.75,Unknown,Neutral,False,,0.9,2.5,173.7,175.9,172.6,172.7,64.3,Medium
2025-08-16T01:20:18.052341,22.78,Unknown,Neutral,False,,0.9,2.3,173.5,175.8,173.4,172.4,65.5,Medium
2025-08-16T01:20:18.090342,22.81,Unknown,Neutral,False,,0.9,2.1,173.5,175.7,173.9,172.3,66.1,Medium
2025-08-16T01:20:18.124468,22.84,Unknown,Neutral,False,,0.8,2.0,173.6,175.7,174.2,172.4,66.4,Medium
2025-08-16T01:20:18.157463,22.89,Unknown,Neutral,False,,0.7,2.0,173.8,175.9,174.3,172.7,66.7,Medium
2025-08-16T01:20:18.191437,22.92,Unknown,Neutral,False,,0.7,2.0,174.1,176.1,174.4,173.0,66.9,Medium
2025-08-16T01:20:18.225891,22.95,Unknown,Neutral,False,,0.6,2.0,174.3,176.4,174.5,173.3,66.8,Medium
2025-08-16T01:20:18.262257,22.98,Unknown,Neutral,False,,0.6,2.0,174.5,177.0,174.5,173.7,66.7,Medium
2025-08-16T01:20:18.292200,23.02,Unknown,Neutral,False,,0.6,2.1,174.6,177.3,174.6,174.0,66.6,Medium
2025-08-16T01:20:18.326669,23.05,Unknown,Neutral,False,,0.6,2.2,174.7,177.7,174.7,174.3,66.6,Medium
2025-08-16T01:20:18.360203,23.08,Unknown,Neutral,False,,0.5,2.3,174.7,177.9,174.7,174.7,66.6,Medium
2025-08-16T01:20:18.393991,23.12,Unknown,Neutral,False,,0.5,2.4,174.8,178.2,174.7,175.0,66.4,Medium
2025-08-16T01:20:18.428107,23.16,Unknown,Neutral,False,,0.4,2.5,174.9,178.3,174.6,175.3,66.2,Medium
2025-08-16T01:20:18.462359,23.19,Unknown,Neutral,False,,0.4,2.6,175.1,178.5,174.4,175.5,66.1,Medium
2025-08-16T01:20:18.495613,23.22,Unknown,Neutral,False,,0.3,2.7,175.2,178.7,174.3,175.8,65.9,Medium
2025-08-16T01:20:18.529296,23.25,Unknown,Neutral,False,,0.2,2.8,175.3,178.8,174.2,175.9,65.8,Medium
2025-08-16T01:20:18.562892,23.28,Unknown,Neutral,False,,0.2,2.9,175.4,178.9,174.1,176.0,65.7,Medium
2025-08-16T01:20:18.596216,23.33,Unknown,Neutral,False,,0.2,3.0,175.6,179.0,174.0,176.1,65.5,Medium
2025-08-16T01:20:18.629912,23.36,Unknown,Neutral,False,,0.1,3.2,175.7,179.1,173.9,176.3,65.4,Medium
2025-08-16T01:20:18.664043,23.39,Unknown,Neutral,False,,0.1,3.2,175.8,179.1,173.7,176.4,65.3,Medium
2025-08-16T01:20:18.698406,23.42,Unknown,Neutral,False,,0.2,3.2,175.9,179.1,173.5,176.5,65.2,Medium
2025-08-16T01:20:18.732251,23.45,Unknown,Neutral,False,,0.2,3.3,175.9,179.1,173.4,176.6,65.1,Medium
2025-08-16T01:20:18.766540,23.48,Unknown,Neutral,False,,0.2,3.3,176.0,179.1,173.2,176.6,65.0,Medium
2025-08-16T01:20:18.799641,23.53,Unknown,Neutral,False,,0.2,3.3,176.1,179.1,173.2,176.5,65.0,Medium
2025-08-16T01:20:18.833095,23.56,Unknown,Neutral,False,,0.2,3.4,176.1,179.1,173.2,176.5,65.0,Medium
2025-08-16T01:20:18.866200,23.59,Unknown,Neutral,False,,0.2,3.5,176.1,179.1,173.2,176.5,65.0,Medium
2025-08-16T01:20:18.899607,23.62,Unknown,Neutral,False,,0.2,3.5,176.0,179.1,173.2,176.4,65.0,Medium
2025-08-16T01:20:18.933953,23.66,Unknown,Neutral,False,,0.3,3.6,176.0,178.9,173.3,176.3,65.1,Medium
2025-08-16T01:20:18.974481,23.7,Unknown,Neutral,False,,0.3,3.7,176.1,178.7,173.3,176.2,65.2,Medium
2025-08-16T01:20:19.001796,23.73,Unknown,Neutral,False,,0.4,3.7,176.2,178.6,173.2,176.1,65.3,Medium
2025-08-16T01:20:19.035634,23.77,Unknown,Neutral,False,,0.3,3.8,176.2,178.5,173.2,175.9,65.4,Medium
2025-08-16T01:20:19.083122,23.81,Unknown,Neutral,False,,0.3,4.0,176.3,178.4,173.2,175.7,65.6,Medium
2025-08-16T01:20:19.116658,23.84,Unknown,Neutral,False,,0.3,4.1,176.6,178.0,173.1,175.1,66.0,Medium
2025-08-16T01:20:19.150808,23.86,Unknown,Neutral,False,,0.3,4.1,177.1,177.8,172.9,174.6,66.2,Medium
2025-08-16T01:20:19.184738,23.91,Unknown,Neutral,False,,0.3,4.2,177.5,177.3,172.6,174.1,66.1,Medium
2025-08-16T01:20:19.219092,23.92,Unknown,Neutral,False,,0.4,4.3,177.6,177.0,172.0,173.9,64.9,Medium
2025-08-16T01:20:19.253451,23.98,Unknown,Neutral,False,,0.4,4.5,173.2,176.6,168.9,173.8,62.4,Medium
2025-08-16T01:20:19.287211,24.02,Unknown,Neutral,False,,0.4,4.6,163.7,175.4,162.2,173.7,57.2,High
2025-08-16T01:20:19.321048,24.05,Unknown,RaisedShoulders,False,,0.5,4.7,151.7,173.5,154.4,173.2,52.1,High
2025-08-16T01:20:19.353837,24.08,Unknown,RaisedShoulders,False,,0.6,4.6,140.4,171.2,145.2,170.8,51.9,High
2025-08-16T01:20:19.388221,24.11,Unknown,RaisedShoulders,False,,0.7,4.4,123.0,168.5,128.7,169.1,57.0,High
2025-08-16T01:20:19.422856,24.14,Unknown,RaisedShoulders,False,,0.8,4.1,108.2,171.2,113.7,168.0,61.5,Medium
2025-08-16T01:20:19.457131,24.19,Unknown,RaisedShoulders,False,,0.8,3.8,103.3,171.5,110.0,167.4,61.8,Medium
2025-08-16T01:20:19.490873,24.22,Unknown,RaisedShoulders,False,,0.8,3.6,93.8,173.5,100.6,166.9,61.9,Medium
2025-08-16T01:20:19.524065,24.25,Unknown,RaisedShoulders,False,,0.8,3.4,86.3,175.0,92.6,167.1,61.4,Medium
2025-08-16T01:20:19.558119,24.28,Sitting,RaisedShoulders,True,,0.8,3.3,80.4,175.0,86.0,167.9,60.1,Medium
2025-08-16T01:20:19.593127,24.31,Sitting,RaisedShoulders,True,,0.8,3.1,74.9,170.4,81.0,168.9,58.1,High
2025-08-16T01:20:19.626351,24.36,Squatting,RaisedShoulders,True,,0.8,3.0,66.7,164.0,72.6,169.5,54.9,High
2025-08-16T01:20:19.659590,24.39,Squatting,RaisedShoulders,True,,0.9,2.9,64.8,162.7,70.4,169.8,54.2,High
2025-08-16T01:20:19.694025,24.42,Squatting,RaisedShoulders,True,,0.9,2.8,62.4,160.8,67.8,170.6,53.4,High
2025-08-16T01:20:19.728642,24.45,Squatting,RaisedShoulders,True,,0.8,2.8,59.2,156.6,64.2,171.5,52.4,High
2025-08-16T01:20:19.761826,24.48,Squatting,RaisedShoulders,True,,0.8,2.8,56.2,155.4,61.0,173.0,51.7,High
2025-08-16T01:20:19.795420,24.52,Squatting,RaisedShoulders,True,,0.8,2.8,54.9,156.3,59.5,174.6,51.6,High
2025-08-16T01:20:19.829842,24.56,Squatting,RaisedShoulders,True,,0.8,2.8,51.2,147.6,56.5,173.2,50.7,High
2025-08-16T01:20:19.863039,24.59,Squatting,RaisedShoulders,True,,0.7,2.9,48.1,139.7,54.0,172.0,51.0,High
2025-08-16T01:20:19.897800,24.62,Squatting,RaisedShoulders,True,,0.7,3.0,45.1,129.5,51.7,171.2,52.3,High
2025-08-16T01:20:19.931205,24.66,Squatting,RaisedShoulders,True,,0.7,3.1,42.9,125.8,50.4,170.2,53.1,High
2025-08-16T01:20:19.964032,24.69,Squatting,RaisedShoulders,True,,0.6,3.2,41.2,125.0,49.6,169.8,53.6,High
2025-08-16T01:20:19.998266,24.72,Squatting,RaisedShoulders,True,,0.6,3.3,40.2,125.6,49.3,169.9,54.0,High
2025-08-16T01:20:20.034515,24.77,Squatting,RaisedShoulders,True,,0.6,3.4,39.6,124.4,49.2,170.2,55.1,High
2025-08-16T01:20:20.068365,24.8,Squatting,RaisedShoulders,True,,0.5,3.4,39.1,123.7,49.3,170.2,56.2,High
2025-08-16T01:20:20.102626,24.83,Squatting,RaisedShoulders,True,,0.4,3.4,37.5,129.7,47.7,172.5,55.7,High
2025-08-16T01:20:20.136055,24.86,Squatting,Neutral,True,,0.3,3.4,35.2,136.7,46.1,173.0,54.8,High
2025-08-16T01:20:20.169227,24.89,Squatting,Neutral,True,,0.3,3.3,33.9,142.6,45.4,173.5,54.2,High
2025-08-16T01:20:20.201896,24.92,Squatting,Neutral,True,,0.3,3.1,35.1,150.7,45.9,173.0,54.4,High
2025-08-16T01:20:20.223389,24.95,Squatting,Neutral,True,,0.3,2.9,35.5,156.3,45.8,173.0,54.8,High
2025-08-16T01:20:20.272753,25.0,Squatting,Neutral,True,,0.3,2.7,32.7,159.3,43.2,173.5,54.9,High
2025-08-16T01:20:20.307071,25.03,Squatting,Neutral,True,,0.3,2.6,30.8,162.1,41.2,173.9,55.0,High
2025-08-16T01:20:20.343606,25.06,Squatting,Neutral,True,,0.2,2.4,29.6,164.5,39.8,174.6,55.0,High
2025-08-16T01:20:20.391441,25.11,Squatting,Neutral,True,,0.2,2.3,28.2,168.3,38.8,175.3,55.0,High
2025-08-16T01:20:20.425764,25.16,Squatting,Neutral,True,,0.2,2.3,27.2,171.1,38.2,175.8,55.0,High
2025-08-16T01:20:20.459062,25.19,Squatting,Neutral,True,,0.2,2.3,26.3,171.9,37.3,176.3,55.0,High
2025-08-16T01:20:20.493641,25.22,Squatting,Neutral,True,,0.2,2.3,24.8,170.0,36.0,176.4,55.0,High
2025-08-16T01:20:20.524979,25.25,Squatting,Neutral,True,,0.2,2.3,24.5,168.1,35.6,176.7,55.0,High
2025-08-16T01:20:20.564391,25.3,Squatting,Neutral,True,,0.2,2.4,25.2,167.4,35.9,177.3,55.0,High
2025-08-16T01:20:20.591913,25.31,Squatting,Neutral,True,,0.2,2.4,25.1,166.9,35.6,177.7,55.0,High
2025-08-16T01:20:20.625758,25.34,Squatting,Neutral,True,,0.2,2.4,24.3,168.6,34.9,177.7,55.0,High
2025-08-16T01:20:20.659709,25.39,Squatting,Neutral,True,,0.2,2.4,24.9,169.5,35.8,177.7,55.0,High
2025-08-16T01:20:20.693616,25.42,Squatting,Neutral,True,,0.3,2.5,26.3,170.8,37.1,177.3,55.0,High
2025-08-16T01:20:20.726292,25.45,Squatting,Neutral,True,,0.3,2.5,27.6,170.9,38.3,177.0,55.0,High
2025-08-16T01:20:20.760896,25.48,Squatting,Neutral,True,,0.3,2.6,28.6,170.5,39.1,176.6,55.0,High
2025-08-16T01:20:20.793890,25.52,Squatting,Neutral,True,,0.3,2.6,29.6,169.6,39.9,176.5,55.0,High
2025-08-16T01:20:20.828113,25.55,Squatting,Neutral,True,,0.3,2.7,31.8,169.6,41.4,175.8,55.0,High
2025-08-16T01:20:20.864000,25.59,Squatting,Neutral,True,,0.4,2.7,35.7,171.1,44.1,174.6,54.9,High
2025-08-16T01:20:20.896784,25.62,Squatting,Neutral,True,,0.5,2.7,39.2,170.9,46.6,173.8,55.0,High
2025-08-16T01:20:20.931269,25.66,Squatting,Neutral,True,,0.6,2.7,43.3,171.1,49.9,172.9,55.4,High
2025-08-16T01:20:20.965843,25.69,Squatting,Neutral,True,,0.8,2.7,45.8,170.0,51.6,172.2,55.6,High
2025-08-16T01:20:20.999669,25.72,Squatting,Neutral,True,,0.9,2.7,48.7,170.1,53.7,171.5,56.4,High
2025-08-16T01:20:21.033456,25.77,Squatting,Neutral,True,,1.1,2.6,50.1,168.9,54.9,170.9,56.7,High
2025-08-16T01:20:21.070859,25.8,Squatting,Neutral,True,,1.3,2.6,53.3,170.6,57.3,170.2,57.5,High
2025-08-16T01:20:21.099981,25.83,Squatting,Neutral,True,,1.5,2.6,58.6,172.4,61.8,169.3,59.1,High
2025-08-16T01:20:21.134151,25.86,Sitting,Neutral,True,,1.7,2.6,71.6,173.6,73.9,168.9,63.4,Medium
2025-08-16T01:20:21.168313,25.89,Sitting,Neutral,True,,1.9,2.6,86.6,173.3,88.0,168.8,67.5,Medium
2025-08-16T01:20:21.201567,25.92,Sitting,RaisedShoulders,True,,2.1,2.6,104.5,172.9,105.4,169.0,66.8,Medium
2025-08-16T01:20:21.236033,25.97,Sitting,RaisedShoulders,True,,2.3,2.6,116.6,171.5,117.2,169.1,61.8,Medium
2025-08-16T01:20:21.270449,26.0,Unknown,RaisedShoulders,True,,2.4,2.6,126.3,170.3,126.9,169.0,57.5,High
2025-08-16T01:20:21.304918,26.03,Unknown,RaisedShoulders,True,,2.5,2.6,133.2,169.9,134.1,169.7,54.2,High
2025-08-16T01:20:21.339109,26.06,Unknown,RaisedShoulders,True,,2.5,2.5,126.4,167.3,127.0,169.8,56.3,High
2025-08-16T01:20:21.373122,26.09,Sitting,RaisedShoulders,True,,2.6,2.5,117.8,168.6,118.1,169.7,59.1,High
2025-08-16T01:20:21.413064,26.14,Unknown,RaisedShoulders,False,,2.7,2.5,115.8,169.2,115.7,169.0,59.5,High
2025-08-16T01:20:21.456433,26.17,Unknown,RaisedShoulders,False,,2.8,2.5,116.3,169.6,115.9,168.4,59.3,High
2025-08-16T01:20:21.489303,26.22,Unknown,RaisedShoulders,False,,2.9,2.5,115.5,169.2,114.8,167.6,59.7,High
2025-08-16T01:20:21.515271,26.23,Unknown,RaisedShoulders,False,,3.0,2.5,115.4,170.1,114.7,167.1,60.0,High
2025-08-16T01:20:21.549052,26.28,Unknown,RaisedShoulders,False,,3.1,2.6,107.0,171.1,106.9,166.9,63.4,Medium
2025-08-16T01:20:21.583160,26.31,Unknown,RaisedShoulders,False,,3.2,2.7,103.3,171.7,103.6,166.7,64.4,Medium
2025-08-16T01:20:21.619519,26.34,Unknown,RaisedShoulders,False,,3.3,2.8,115.6,171.7,116.4,166.9,60.7,Medium
2025-08-16T01:20:21.653428,26.38,Unknown,RaisedShoulders,False,,3.3,2.9,126.2,171.9,126.8,167.5,57.2,High
2025-08-16T01:20:21.685768,26.41,Unknown,RaisedShoulders,False,,3.4,3.0,137.1,172.2,136.4,168.2,53.9,High
2025-08-16T01:20:21.719746,26.44,Unknown,RaisedShoulders,False,,3.5,3.0,144.4,172.4,142.9,168.7,51.7,High
2025-08-16T01:20:21.756409,26.48,Unknown,RaisedShoulders,False,,3.5,3.0,149.4,172.5,147.6,169.0,51.6,High
2025-08-16T01:20:21.788825,26.52,Unknown,RaisedShoulders,False,,3.6,3.0,153.5,172.9,151.3,169.6,51.8,High
2025-08-16T01:20:21.822594,26.55,Unknown,RaisedShoulders,False,,3.6,3.0,156.5,173.2,154.0,170.0,52.0,High
2025-08-16T01:20:21.852283,26.58,Unknown,RaisedShoulders,False,,3.6,2.9,159.5,173.5,156.4,170.3,52.9,High
2025-08-16T01:20:21.886527,26.61,Unknown,RaisedShoulders,False,,3.6,2.9,161.5,173.6,158.0,170.5,54.1,High
2025-08-16T01:20:21.923656,26.66,Unknown,RaisedShoulders,False,,3.6,3.0,163.5,173.8,159.5,170.6,55.0,High
2025-08-16T01:20:21.956252,26.67,Unknown,RaisedShoulders,False,,3.6,3.0,164.7,174.1,160.3,171.1,54.8,High
2025-08-16T01:20:21.989463,26.72,Unknown,RaisedShoulders,False,,3.5,3.1,164.2,174.2,159.9,171.4,53.0,High
2025-08-16T01:20:22.021448,26.75,Unknown,RaisedShoulders,False,,3.4,3.2,163.5,173.9,159.4,171.5,51.1,High
2025-08-16T01:20:22.065324,26.8,Unknown,RaisedShoulders,False,,3.4,3.3,163.1,173.8,159.2,171.7,49.8,High
2025-08-16T01:20:22.096071,26.83,Unknown,RaisedShoulders,False,,3.3,3.3,163.2,173.9,159.2,171.9,49.1,High
2025-08-16T01:20:22.135324,26.86,Unknown,RaisedShoulders,False,,3.3,3.4,163.1,173.9,159.0,172.2,48.5,High
2025-08-16T01:20:22.166409,26.89,Unknown,RaisedShoulders,False,,3.2,3.7,163.4,174.3,159.2,172.6,48.1,High
2025-08-16T01:20:22.198782,26.92,Unknown,RaisedShoulders,False,,3.1,3.8,163.6,174.5,159.1,172.7,47.8,High
2025-08-16T01:20:22.232563,26.95,Unknown,RaisedShoulders,False,,2.9,3.9,158.6,174.3,153.9,172.9,47.5,High
2025-08-16T01:20:22.266625,26.98,Unknown,RaisedShoulders,False,,2.7,3.8,157.5,175.4,152.8,173.6,47.2,High
2025-08-16T01:20:22.299918,27.03,Unknown,RaisedShoulders,False,,2.5,3.8,156.3,176.1,152.0,174.5,47.0,High
2025-08-16T01:20:22.333984,27.06,Unknown,RaisedShoulders,False,,2.2,3.7,155.4,176.8,151.6,175.1,46.8,High
2025-08-16T01:20:22.368510,27.09,Unknown,RaisedShoulders,False,,1.9,3.6,150.8,177.0,148.7,175.5,46.8,High
2025-08-16T01:20:22.403283,27.12,Unknown,RaisedShoulders,False,,1.6,3.6,145.2,177.6,144.6,176.0,46.9,High
2025-08-16T01:20:22.435899,27.16,Unknown,RaisedShoulders,False,,1.2,3.7,141.7,178.1,142.4,176.3,48.1,High
2025-08-16T01:20:22.471768,27.2,Unknown,RaisedShoulders,False,,1.0,3.9,138.9,178.3,140.9,176.5,49.3,High
2025-08-16T01:20:22.504022,27.23,Unknown,RaisedShoulders,False,,0.7,3.8,138.4,178.5,141.1,176.0,49.9,High
2025-08-16T01:20:22.538391,27.27,Unknown,RaisedShoulders,False,,0.6,3.9,135.9,178.6,139.3,176.0,51.3,High
2025-08-16T01:20:22.573180,27.3,Unknown,RaisedShoulders,False,,0.5,4.1,134.6,178.1,138.7,175.4,52.4,High
2025-08-16T01:20:22.609421,27.33,Unknown,RaisedShoulders,False,,0.7,4.3,132.8,176.2,137.6,174.3,53.9,High
2025-08-16T01:20:22.642610,27.38,Unknown,RaisedShoulders,False,,1.1,4.1,142.7,175.5,144.7,173.4,51.6,High
2025-08-16T01:20:22.676253,27.41,Unknown,RaisedShoulders,False,,1.9,3.9,151.9,175.2,151.5,172.1,52.1,High
2025-08-16T01:20:22.716309,27.44,Unknown,Neutral,False,,2.6,3.5,158.8,174.9,157.0,171.1,56.4,High
2025-08-16T01:20:22.749889,27.47,Unknown,Neutral,False,,3.2,3.2,163.7,175.1,161.3,170.7,60.9,Medium
2025-08-16T01:20:22.784287,27.52,Unknown,Neutral,False,,3.6,2.8,166.8,175.3,164.9,170.4,63.9,Medium
2025-08-16T01:20:22.817674,27.55,Unknown,Neutral,False,,3.9,2.6,169.3,175.5,167.4,170.2,66.2,Medium
2025-08-16T01:20:22.852016,27.58,Unknown,Neutral,False,,4.0,2.4,170.7,175.6,169.7,170.1,67.7,Medium
2025-08-16T01:20:22.886563,27.61,Unknown,Neutral,False,,4.0,2.4,171.8,175.6,171.5,170.1,67.8,Medium
2025-08-16T01:20:22.920956,27.64,Unknown,Neutral,False,,3.9,2.3,172.6,175.4,172.8,170.0,67.7,Medium
2025-08-16T01:20:22.955124,27.69,Unknown,Neutral,False,,3.9,2.3,173.3,175.2,173.7,169.9,67.7,Medium
2025-08-16T01:20:22.989072,27.72,Unknown,Neutral,False,,3.8,2.3,174.0,175.1,174.3,169.8,67.8,Medium
2025-08-16T01:20:23.023974,27.73,Unknown,Neutral,False,,3.8,2.2,174.7,175.0,174.7,169.9,68.0,Medium
2025-08-16T01:20:23.057809,27.78,Unknown,Neutral,False,,3.7,2.2,175.2,175.0,175.0,169.9,67.9,Medium
2025-08-16T01:20:23.097924,27.83,Unknown,Neutral,False,,3.7,2.2,175.7,174.9,175.1,170.0,67.8,Medium
2025-08-16T01:20:23.131725,27.86,Unknown,Neutral,False,,3.6,2.2,175.8,175.0,175.2,170.2,67.8,Medium
2025-08-16T01:20:23.165096,27.89,Unknown,Neutral,False,,3.6,2.2,176.0,175.1,175.3,170.4,67.8,Medium
2025-08-16T01:20:23.198990,27.92,Unknown,Neutral,False,,3.6,2.2,176.1,175.2,175.3,170.5,67.8,Medium
2025-08-16T01:20:23.232799,27.95,Unknown,Neutral,False,,3.5,2.3,176.2,175.3,175.4,170.7,67.8,Medium
2025-08-16T01:20:23.266826,28.0,Unknown,Neutral,False,,3.5,2.4,176.3,175.3,175.4,170.7,67.7,Medium
2025-08-16T01:20:23.291523,28.02,Unknown,Neutral,False,,3.4,2.5,176.3,175.2,175.5,170.6,67.6,Medium
2025-08-16T01:20:23.326180,28.03,Unknown,Neutral,False,,3.4,2.7,176.3,175.1,175.5,170.6,67.5,Medium
2025-08-16T01:20:23.359976,28.08,Unknown,Neutral,False,,3.3,2.8,176.3,175.1,175.5,170.6,67.5,Medium
2025-08-16T01:20:23.394641,28.12,Unknown,Neutral,False,,3.3,3.0,176.3,175.1,175.4,170.7,67.5,Medium
2025-08-16T01:20:23.428213,28.16,Unknown,Neutral,False,,3.2,3.1,176.4,175.1,175.3,170.9,67.5,Medium
2025-08-16T01:20:23.468513,28.19,Unknown,Neutral,False,,3.2,3.2,176.5,175.2,175.2,171.0,67.6,Medium
2025-08-16T01:20:23.485381,28.2,Unknown,Neutral,False,,3.1,3.3,176.6,175.3,175.1,171.2,67.6,Medium
2025-08-16T01:20:23.536014,28.27,Unknown,Neutral,False,,3.1,3.3,176.7,175.3,175.0,171.3,67.7,Medium
2025-08-16T01:20:23.569853,28.3,Unknown,Neutral,False,,3.2,3.4,177.1,175.6,174.8,171.4,67.7,Medium
2025-08-16T01:20:23.604028,28.31,Unknown,Neutral,False,,3.3,3.4,177.6,175.8,174.5,171.5,67.7,Medium
2025-08-16T01:20:23.638488,28.36,Unknown,Neutral,False,,3.4,3.5,177.9,176.1,174.3,171.5,67.7,Medium
2025-08-16T01:20:23.672906,28.39,Unknown,Neutral,False,,3.5,3.5,178.2,176.2,174.3,171.5,67.6,Medium
2025-08-16T01:20:23.707527,28.44,Unknown,Neutral,False,,3.5,3.5,178.5,176.1,174.2,171.6,67.1,Medium
2025-08-16T01:20:23.741283,28.47,Unknown,Neutral,False,,3.4,3.7,178.7,176.1,174.1,171.8,66.6,Medium
2025-08-16T01:20:23.774653,28.48,Unknown,Neutral,False,,3.1,3.7,178.4,176.6,173.2,172.4,66.0,Medium
2025-08-16T01:20:23.808043,28.52,Unknown,Neutral,False,,2.5,3.9,170.7,174.5,167.3,171.8,62.7,Medium
2025-08-16T01:20:23.841725,28.56,Unknown,RaisedShoulders,False,,2.0,4.1,164.1,174.2,162.1,172.1,57.4,High
2025-08-16T01:20:23.874963,28.59,Unknown,RaisedShoulders,False,,1.7,4.2,156.9,174.1,156.6,172.2,52.1,High
2025-08-16T01:20:23.892175,28.62,Unknown,RaisedShoulders,False,,1.5,4.6,146.3,174.4,148.4,171.7,47.6,High
2025-08-16T01:20:23.925686,28.66,Unknown,RaisedShoulders,False,,1.6,5.3,138.7,174.7,141.7,171.7,47.7,High
2025-08-16T01:20:23.975655,28.7,Unknown,RaisedShoulders,False,,1.7,6.2,129.0,175.5,131.9,171.6,50.0,High
2025-08-16T01:20:24.010129,28.73,Unknown,RaisedShoulders,False,,1.7,7.5,126.3,176.0,129.3,171.6,49.5,High
2025-08-16T01:20:24.043804,28.77,Unknown,RaisedShoulders,False,,1.8,9.0,119.7,176.8,122.0,171.5,50.9,High
2025-08-16T01:20:24.078139,28.8,Unknown,RaisedShoulders,False,,2.1,10.2,115.7,176.6,117.2,171.2,51.5,High
2025-08-16T01:20:24.113742,28.84,Unknown,RaisedShoulders,False,,2.6,11.1,111.3,174.7,112.4,170.2,52.1,High
2025-08-16T01:20:24.145554,28.88,Unknown,RaisedShoulders,False,,3.0,11.7,110.4,173.1,110.8,169.4,51.9,High
2025-08-16T01:20:24.179917,28.91,Unknown,RaisedShoulders,False,,3.2,12.6,121.5,173.0,120.7,169.8,47.4,High
2025-08-16T01:20:24.215820,28.94,Unknown,RaisedShoulders,False,,3.4,13.7,130.6,172.8,128.9,170.0,43.8,High
2025-08-16T01:20:24.248307,28.97,Unknown,RaisedShoulders,False,,3.5,14.6,136.6,172.6,134.6,170.0,41.2,High
2025-08-16T01:20:24.281539,29.0,Unknown,RaisedShoulders,False,,3.6,16.0,139.4,172.1,139.1,170.2,39.2,High
2025-08-16T01:20:24.315274,29.05,Unknown,RaisedShoulders,False,,3.7,17.1,141.3,169.6,142.5,170.0,37.6,High
2025-08-16T01:20:24.349532,29.08,Unknown,RaisedShoulders,False,,4.1,18.1,145.7,168.4,146.8,169.6,36.9,High
2025-08-16T01:20:24.383286,29.11,Unknown,ForwardHead,False,,4.5,20.8,144.5,167.6,147.7,169.8,37.2,High
2025-08-16T01:20:24.416973,29.14,Unknown,ForwardHead,False,,5.4,23.8,143.4,168.9,146.8,171.0,37.9,High
2025-08-16T01:20:24.451318,29.17,Unknown,ForwardHead,False,,6.3,26.2,141.0,171.5,144.4,173.2,39.3,High
2025-08-16T01:20:24.485071,29.2,Unknown,ForwardHead,False,,7.3,28.0,139.0,172.5,141.6,174.6,41.1,High
2025-08-16T01:20:24.518159,29.25,Unknown,ForwardHead,False,,8.4,30.2,135.6,171.0,138.3,173.8,41.4,High
2025-08-16T01:20:24.551917,29.28,Unknown,ForwardHead,False,,9.9,32.5,130.5,170.6,133.4,173.0,42.2,High
2025-08-16T01:20:24.585426,29.31,Unknown,ForwardHead,False,,11.5,33.7,125.8,170.8,128.6,171.6,43.3,High
2025-08-16T01:20:24.619008,29.34,Unknown,ForwardHead,False,,12.7,34.4,119.5,170.2,123.4,170.6,45.5,High
2025-08-16T01:20:24.652418,29.38,Unknown,ForwardHead,False,,13.8,34.5,115.8,171.5,120.3,171.3,47.1,High
2025-08-16T01:20:24.688310,29.41,Unknown,ForwardHead,False,,14.9,34.3,113.2,171.5,117.9,171.7,48.7,High
2025-08-16T01:20:24.721653,29.45,Unknown,ForwardHead,False,LeanRight,15.9,34.7,109.1,168.8,116.3,171.5,50.0,High
2025-08-16T01:20:24.756583,29.48,Unknown,ForwardHead,False,LeanRight,16.7,34.9,107.6,165.0,116.8,171.4,50.6,High
2025-08-16T01:20:24.789768,29.52,Unknown,ForwardHead,False,LeanRight,17.1,34.7,108.9,161.4,119.9,172.2,50.3,High
2025-08-16T01:20:24.824194,29.55,Unknown,ForwardHead,False,LeanRight,17.2,34.0,114.2,161.4,124.9,173.8,49.0,High
2025-08-16T01:20:24.856273,29.58,Unknown,ForwardHead,False,LeanRight,16.9,33.1,121.9,162.3,130.4,175.0,47.4,High
2025-08-16T01:20:24.889209,29.61,Unknown,ForwardHead,False,,16.4,32.2,128.2,160.8,135.0,176.0,46.3,High
2025-08-16T01:20:24.922923,29.64,Unknown,ForwardHead,False,,15.7,31.4,135.5,162.4,139.4,176.7,45.1,High
2025-08-16T01:20:24.957465,29.69,Unknown,ForwardHead,False,,14.9,30.3,142.5,164.1,143.2,177.4,44.3,High
2025-08-16T01:20:24.991019,29.72,Unknown,ForwardHead,False,,14.3,29.3,148.3,165.6,146.3,177.8,44.4,High
2025-08-16T01:20:25.025347,29.75,Unknown,ForwardHead,False,,13.6,28.0,153.9,167.1,149.4,178.0,45.6,High
2025-08-16T01:20:25.060101,29.78,Unknown,ForwardHead,False,,12.7,26.8,158.8,168.5,152.5,178.5,46.8,High
2025-08-16T01:20:25.094406,29.81,Unknown,ForwardHead,False,,11.7,25.5,162.4,169.0,155.4,178.4,48.2,High
2025-08-16T01:20:25.128700,29.86,Unknown,ForwardHead,False,,10.7,24.3,165.4,169.5,158.1,178.7,51.1,High
2025-08-16T01:20:25.163450,29.89,Unknown,ForwardHead,False,,9.6,22.8,167.7,169.9,160.3,178.7,54.2,High
2025-08-16T01:20:25.197385,29.92,Standing,ForwardHead,True,,8.6,21.6,169.5,170.3,162.3,178.3,56.6,High
2025-08-16T01:20:25.231585,29.95,Unknown,ForwardHead,False,,7.7,20.6,171.1,170.7,163.7,177.8,58.3,High
2025-08-16T01:20:25.266280,29.98,Unknown,Neutral,False,,7.0,19.7,172.4,171.1,165.1,177.5,59.0,High
2025-08-16T01:20:25.300272,30.03,Unknown,Neutral,False,,6.3,18.9,173.5,171.9,166.1,176.8,59.8,High
2025-08-16T01:20:25.333436,30.06,Unknown,Neutral,False,,5.7,18.3,174.8,172.9,167.2,176.3,60.5,Medium
2025-08-16T01:20:25.367634,30.09,Unknown,Neutral,False,,5.3,17.9,175.9,173.8,168.0,176.0,61.0,Medium
2025-08-16T01:20:25.402260,30.12,Unknown,Neutral,False,,4.9,17.6,176.9,174.6,168.6,175.7,61.4,Medium
2025-08-16T01:20:25.436215,30.16,Unknown,Neutral,False,,4.6,17.5,177.5,175.3,169.2,175.4,61.8,Medium
2025-08-16T01:20:25.468907,30.19,Unknown,Neutral,False,,4.4,17.2,178.1,175.9,169.5,175.4,62.0,Medium
2025-08-16T01:20:25.503450,30.23,Unknown,Neutral,False,,4.2,17.3,178.5,176.4,169.7,175.4,62.0,Medium
2025-08-16T01:20:25.537754,30.27,Unknown,Neutral,False,,4.2,17.4,178.9,176.8,169.7,175.4,62.0,Medium
2025-08-16T01:20:25.571734,30.3,Unknown,Neutral,False,,4.3,17.7,179.0,177.6,169.4,175.1,62.1,Medium
2025-08-16T01:20:25.595630,30.33,Unknown,Neutral,False,,4.6,18.8,178.6,178.2,169.4,174.8,62.0,Medium
2025-08-16T01:20:25.629694,30.36,Unknown,ForwardHead,False,,5.0,20.2,177.9,178.5,169.5,174.7,61.6,Medium
2025-08-16T01:20:25.662796,30.39,Unknown,ForwardHead,False,,5.7,21.8,177.7,178.7,169.2,174.8,60.7,Medium
2025-08-16T01:20:25.697368,30.42,Unknown,ForwardHead,False,,6.4,23.6,178.1,178.9,168.4,174.8,59.8,High
2025-08-16T01:20:25.731538,30.45,Unknown,ForwardHead,False,,7.1,25.2,178.5,179.0,167.6,174.9,59.0,High
2025-08-16T01:20:25.764658,30.48,Unknown,ForwardHead,False,,7.9,26.5,174.5,179.1,164.7,175.0,56.4,High
2025-08-16T01:20:25.798074,30.53,Unknown,ForwardHead,False,,8.8,27.8,163.3,177.1,156.7,175.0,50.8,High
2025-08-16T01:20:25.831436,30.56,Unknown,ForwardHead,False,,9.8,29.2,142.7,171.4,142.0,175.4,49.8,High
2025-08-16T01:20:25.865821,30.59,Unknown,ForwardHead,False,,10.7,31.4,128.5,140.5,131.5,175.7,54.0,High
2025-08-16T01:20:25.900041,30.62,Unknown,ForwardHead,False,,11.8,33.5,112.7,107.7,119.7,175.6,63.8,Medium
2025-08-16T01:20:25.934315,30.66,Unknown,ForwardHead,False,,12.7,36.0,103.4,93.7,113.0,174.6,65.1,Medium
2025-08-16T01:20:25.966997,30.69,Unknown,ForwardHead,False,,13.9,40.3,97.1,84.4,109.7,175.6,62.5,Medium
2025-08-16T01:20:26.000797,30.72,Unknown,ForwardHead,False,,15.3,44.2,93.8,88.9,108.6,175.0,59.8,High
2025-08-16T01:20:26.039740,30.77,Unknown,ForwardHead,False,,16.5,47.0,95.6,92.7,110.0,175.4,57.2,High
2025-08-16T01:20:26.069872,30.8,Unknown,ForwardHead,False,,17.4,49.9,96.3,99.5,112.0,175.1,54.8,High
2025-08-16T01:20:26.103514,30.83,Unknown,Slouch,False,LeanRight,18.2,52.0,96.2,102.4,113.6,174.9,52.9,High
2025-08-16T01:20:26.137896,30.86,Unknown,Slouch,False,LeanRight,19.1,53.7,98.2,106.4,115.1,174.2,50.8,High
2025-08-16T01:20:26.171302,30.89,Unknown,Slouch,False,LeanRight,20.0,55.0,99.6,109.7,115.5,173.6,49.0,High
2025-08-16T01:20:26.205352,30.92,Unknown,Slouch,False,LeanRight,20.7,55.9,100.8,112.0,116.0,172.9,47.9,High
2025-08-16T01:20:26.239590,30.97,Unknown,Slouch,False,LeanRight,21.4,56.1,101.4,115.4,117.1,173.5,46.7,High
2025-08-16T01:20:26.273635,31.0,Unknown,Slouch,False,LeanRight,22.0,56.3,104.5,119.1,118.2,174.4,45.7,High
2025-08-16T01:20:26.310598,31.03,Unknown,Slouch,False,LeanRight,22.2,55.6,107.5,120.1,119.5,174.4,44.8,High
2025-08-16T01:20:26.345638,31.08,Unknown,Slouch,False,LeanRight,22.2,53.3,110.2,120.1,120.9,173.7,45.0,High
2025-08-16T01:20:26.375885,31.09,Unknown,Slouch,False,LeanRight,21.8,50.5,119.0,125.8,123.9,173.9,43.4,High
2025-08-16T01:20:26.409837,31.14,Unknown,Slouch,False,LeanRight,21.0,47.8,125.2,132.5,127.2,175.2,42.1,High
2025-08-16T01:20:26.444098,31.17,Unknown,Slouch,False,LeanRight,20.1,45.1,134.1,140.6,132.6,176.2,39.9,High
2025-08-16T01:20:26.478090,31.2,Unknown,Slouch,False,LeanRight,19.2,43.4,141.0,146.6,137.2,176.8,38.3,High
2025-08-16T01:20:26.512423,31.23,Unknown,Slouch,False,LeanRight,18.3,41.1,147.0,152.2,141.4,177.0,38.3,High
2025-08-16T01:20:26.546504,31.27,Unknown,ForwardHead,False,LeanRight,17.2,38.4,152.0,157.6,145.2,177.1,39.5,High
2025-08-16T01:20:26.580754,31.31,Unknown,ForwardHead,False,,16.1,35.1,156.3,161.9,148.7,176.9,42.0,High
2025-08-16T01:20:26.613992,31.34,Unknown,ForwardHead,False,,14.8,31.9,159.9,165.1,151.9,176.7,44.7,High
2025-08-16T01:20:26.648374,31.38,Unknown,ForwardHead,False,,13.6,28.8,162.6,167.4,154.6,176.5,47.4,High
2025-08-16T01:20:26.682179,31.41,Unknown,ForwardHead,False,,12.4,26.1,164.9,169.4,157.0,176.4,49.6,High
2025-08-16T01:20:26.715447,31.44,Unknown,ForwardHead,False,,11.3,23.3,166.9,171.0,159.5,176.4,51.9,High
2025-08-16T01:20:26.749660,31.47,Unknown,ForwardHead,False,,10.3,20.5,169.3,172.5,162.3,176.2,54.8,High
2025-08-16T01:20:26.799285,31.53,Unknown,Neutral,False,,9.4,18.2,171.0,174.2,164.7,175.7,56.7,High
2025-08-16T01:20:26.834172,31.56,Unknown,Neutral,False,,8.6,16.8,172.5,175.4,166.5,175.4,58.3,High
2025-08-16T01:20:26.868523,31.59,Unknown,Neutral,False,,7.9,15.7,173.5,176.3,167.9,175.2,59.4,High
2025-08-16T01:20:26.903284,31.62,Unknown,Neutral,False,,7.3,14.4,174.7,177.1,169.0,175.0,60.3,Medium
2025-08-16T01:20:26.937095,31.66,Unknown,Neutral,False,,6.7,13.5,175.6,177.5,169.9,175.2,60.6,Medium
2025-08-16T01:20:26.971653,31.7,Unknown,Neutral,False,,6.2,12.6,176.5,177.7,170.7,175.3,60.9,Medium
2025-08-16T01:20:27.005687,31.73,Unknown,Neutral,False,,5.5,11.7,177.2,177.8,171.6,175.2,62.1,Medium
2025-08-16T01:20:27.040130,31.77,Standing,Neutral,True,,4.8,10.7,177.4,177.9,172.6,175.1,63.0,Medium
2025-08-16T01:20:27.074523,31.8,Standing,Neutral,True,,4.1,10.0,177.8,178.0,173.3,174.9,64.0,Medium
2025-08-16T01:20:27.147759,31.88,Standing,Neutral,True,,3.5,9.2,178.1,178.2,174.0,174.6,65.1,Medium
2025-08-16T01:20:27.181844,31.91,Standing,Neutral,True,,3.0,8.6,178.3,178.2,174.6,174.4,65.8,Medium
2025-08-16T01:20:27.214981,31.94,Standing,Neutral,True,,2.6,8.1,178.5,178.3,175.0,174.2,65.9,Medium
2025-08-16T01:20:27.251879,31.98,Standing,Neutral,True,,2.2,7.8,178.6,178.4,175.4,174.0,65.9,Medium
2025-08-16T01:20:27.284972,32.02,Standing,Neutral,True,,2.0,7.7,178.6,178.3,175.8,174.0,65.9,Medium
2025-08-16T01:20:27.319724,32.05,Standing,Neutral,True,,1.8,7.6,178.6,178.1,176.1,174.2,66.0,Medium
2025-08-16T01:20:27.354170,32.08,Standing,Neutral,True,,1.6,7.4,178.6,178.2,176.5,174.3,66.2,Medium
2025-08-16T01:20:27.390080,32.11,Standing,Neutral,True,,1.4,7.3,178.6,178.2,176.7,174.3,66.3,Medium
2025-08-16T01:20:27.420332,32.14,Standing,Neutral,True,,1.2,7.3,178.7,178.4,177.0,174.2,66.4,Medium
2025-08-16T01:20:27.454641,32.19,Standing,Neutral,True,,1.1,7.1,178.7,178.7,177.2,173.9,66.4,Medium
2025-08-16T01:20:27.489005,32.22,Standing,Neutral,True,,1.1,6.9,178.7,178.9,177.2,173.6,66.4,Medium
2025-08-16T01:20:27.522890,32.25,Standing,Neutral,True,,1.0,6.8,178.7,179.1,177.3,173.4,66.3,Medium
2025-08-16T01:20:27.556125,32.28,Standing,Neutral,True,,0.9,6.7,178.6,179.2,177.4,173.2,66.3,Medium
2025-08-16T01:20:27.590162,32.31,Standing,Neutral,True,,0.8,6.6,178.6,179.2,177.4,173.1,66.3,Medium
2025-08-16T01:20:27.627528,32.36,Standing,Neutral,True,,0.7,6.4,178.4,179.0,177.4,172.9,66.3,Medium
2025-08-16T01:20:27.657066,32.38,Standing,Neutral,True,,0.6,6.1,178.0,178.5,177.6,172.7,66.2,Medium
2025-08-16T01:20:27.690568,32.42,Standing,Neutral,True,,0.5,5.9,177.7,178.2,177.7,172.7,66.1,Medium
2025-08-16T01:20:27.723984,32.45,Standing,Neutral,True,,0.4,5.7,177.4,178.1,177.9,172.6,65.9,Medium
2025-08-16T01:20:27.758040,32.48,Standing,Neutral,True,,0.4,5.5,177.1,178.1,178.0,172.5,65.7,Medium
2025-08-16T01:20:27.791083,32.52,Standing,Neutral,True,,0.4,5.3,176.9,178.1,178.0,172.5,65.6,Medium
2025-08-16T01:20:27.825092,32.55,Standing,Neutral,True,,0.5,5.1,176.8,178.3,177.9,172.6,65.5,Medium
2025-08-16T01:20:27.858743,32.58,Standing,Neutral,True,,0.7,4.9,176.8,178.4,177.8,172.7,65.4,Medium
2025-08-16T01:20:27.892467,32.62,Standing,Neutral,True,,0.8,4.6,176.8,178.6,177.6,172.9,65.4,Medium
2025-08-16T01:20:27.925653,32.66,Standing,Neutral,True,,0.9,4.5,176.8,178.8,177.4,173.0,65.4,Medium
2025-08-16T01:20:27.959355,32.67,Unknown,Neutral,False,,1.1,4.3,176.9,179.0,177.1,173.3,65.5,Medium
2025-08-16T01:20:27.993820,32.72,Unknown,Neutral,False,,1.3,4.2,177.0,179.2,176.9,173.7,65.5,Medium
2025-08-16T01:20:28.027139,32.75,Unknown,Neutral,False,,1.4,4.1,177.1,179.3,176.6,174.1,65.6,Medium
2025-08-16T01:20:28.060580,32.78,Standing,Neutral,True,,1.6,4.1,177.2,179.2,176.4,174.5,65.8,Medium
2025-08-16T01:20:28.094958,32.83,Unknown,Neutral,False,,1.8,4.1,177.2,179.1,176.1,174.9,65.9,Medium
2025-08-16T01:20:28.130300,32.86,Unknown,Neutral,False,,1.9,4.0,177.3,179.1,175.9,175.2,66.1,Medium
2025-08-16T01:20:28.164526,32.89,Standing,Neutral,True,,2.0,4.0,177.3,179.0,175.8,175.4,66.2,Medium
2025-08-16T01:20:28.197822,32.92,Standing,Neutral,True,,2.0,4.0,177.3,179.0,175.7,175.5,66.2,Medium
2025-08-16T01:20:28.231265,32.95,Standing,Neutral,True,,2.0,3.9,177.3,179.0,175.6,175.6,66.3,Medium
2025-08-16T01:20:28.266779,33.0,Standing,Neutral,True,,2.1,3.8,177.3,179.1,175.6,175.7,66.2,Medium
2025-08-16T01:20:28.299731,33.03,Standing,Neutral,True,,2.1,3.8,177.2,179.2,175.6,175.8,66.2,Medium
2025-08-16T01:20:28.332833,33.06,Standing,Neutral,True,,2.0,3.8,177.2,179.2,175.6,175.8,66.2,Medium
2025-08-16T01:20:28.366963,33.09,Standing,Neutral,True,,2.0,3.7,177.2,179.2,175.6,175.9,66.2,Medium
2025-08-16T01:20:28.400520,33.12,Unknown,Neutral,False,,2.0,3.7,177.1,179.3,175.6,176.0,66.2,Medium
2025-08-16T01:20:28.439823,33.17,Unknown,Neutral,False,,1.9,3.6,177.1,179.4,175.7,176.0,66.2,Medium
2025-08-16T01:20:28.469096,33.19,Unknown,Neutral,False,,1.9,3.6,177.0,179.4,175.7,176.1,66.2,Medium
2025-08-16T01:20:28.502313,33.23,Unknown,Neutral,False,,1.9,3.5,177.0,179.5,175.8,176.0,66.3,Medium
2025-08-16T01:20:28.536500,33.27,Unknown,Neutral,False,,1.8,3.4,176.9,179.5,175.9,175.9,66.4,Medium
2025-08-16T01:20:28.571306,33.3,Unknown,Neutral,False,,1.7,3.3,176.8,179.5,176.1,175.7,66.3,Medium
2025-08-16T01:20:28.603795,33.33,Unknown,Neutral,False,,1.7,3.2,176.7,179.5,176.2,175.6,66.2,Medium
2025-08-16T01:20:28.638136,33.36,Unknown,Neutral,False,,1.6,3.1,176.6,179.5,176.3,175.6,66.2,Medium
2025-08-16T01:20:28.675771,33.41,Unknown,Neutral,False,,1.5,3.0,176.6,179.5,176.4,175.5,66.2,Medium
2025-08-16T01:20:28.705520,33.44,Unknown,Neutral,False,,1.5,2.9,176.6,179.4,176.4,175.5,66.3,Medium
2025-08-16T01:20:28.739150,33.47,Unknown,Neutral,False,,1.4,2.9,176.6,179.4,176.5,175.4,66.3,Medium
2025-08-16T01:20:28.772142,33.5,Unknown,Neutral,False,,1.4,2.8,176.6,179.3,176.5,175.4,66.3,Medium
2025-08-16T01:20:28.806137,33.53,Unknown,Neutral,False,,1.3,2.7,176.7,179.2,176.6,175.4,66.4,Medium
2025-08-16T01:20:28.839404,33.56,Unknown,Neutral,False,,1.3,2.7,176.7,179.1,176.7,175.4,66.4,Medium
2025-08-16T01:20:28.874035,33.59,Unknown,Neutral,False,,1.3,2.6,176.7,179.0,176.7,175.3,66.4,Medium
2025-08-16T01:20:28.908224,33.64,Unknown,Neutral,False,,1.3,2.6,176.7,178.9,176.8,175.3,66.4,Medium
2025-08-16T01:20:28.942163,33.67,Unknown,Neutral,False,,1.3,2.6,176.7,179.0,176.9,175.3,66.4,Medium
2025-08-16T01:20:28.976629,33.7,Unknown,Neutral,False,,1.3,2.6,176.7,179.0,176.9,175.3,66.4,Medium
2025-08-16T01:20:29.009814,33.73,Unknown,Neutral,False,,1.3,2.7,176.7,179.1,177.0,175.2,66.3,Medium
2025-08-16T01:20:29.044285,33.77,Unknown,Neutral,False,,1.3,2.8,176.7,179.2,177.0,175.2,66.3,Medium
2025-08-16T01:20:29.078695,33.8,Unknown,Neutral,False,,1.4,2.9,176.7,179.3,176.9,175.1,66.3,Medium
2025-08-16T01:20:29.111955,33.84,Unknown,Neutral,False,,1.5,3.0,176.7,179.4,176.8,175.1,66.3,Medium
2025-08-16T01:20:29.146352,33.88,Unknown,Neutral,False,,1.6,3.1,176.8,179.4,176.4,175.1,66.4,Medium
2025-08-16T01:20:29.180599,33.91,Unknown,Neutral,False,,1.7,3.2,176.8,179.3,176.1,175.1,66.5,Medium
2025-08-16T01:20:29.198737,33.92,Unknown,Neutral,False,,1.9,3.3,176.8,179.3,175.8,175.2,66.5,Medium
2025-08-16T01:20:29.233128,33.95,Unknown,Neutral,False,,2.0,3.6,176.9,179.3,175.4,175.2,66.6,Medium
2025-08-16T01:20:29.283270,34.02,Unknown,Neutral,False,,2.2,4.0,177.0,179.4,175.1,175.3,66.6,Medium
2025-08-16T01:20:29.316463,34.05,Unknown,Neutral,False,,2.5,4.4,177.2,179.2,174.5,175.4,66.4,Medium
2025-08-16T01:20:29.350715,34.08,Unknown,Neutral,False,,3.0,4.9,177.7,179.1,173.9,175.6,66.2,Medium
2025-08-16T01:20:29.384551,34.11,Unknown,Neutral,False,,3.5,5.5,178.0,179.0,173.4,175.9,65.9,Medium
2025-08-16T01:20:29.416258,34.14,Unknown,Neutral,False,,4.0,6.1,178.1,178.7,172.9,176.0,65.6,Medium
2025-08-16T01:20:29.449797,34.17,Unknown,Neutral,False,,4.5,6.7,178.4,178.6,172.3,176.3,65.1,Medium
2025-08-16T01:20:29.487921,34.22,Unknown,Neutral,False,,4.8,7.2,178.5,178.3,171.6,176.4,64.4,Medium
2025-08-16T01:20:29.516698,34.23,Unknown,Neutral,False,,5.3,7.6,178.5,177.7,170.8,176.4,63.6,Medium
2025-08-16T01:20:29.550928,34.28,Unknown,Neutral,False,,5.8,8.1,178.5,177.5,169.9,176.6,62.8,Medium
2025-08-16T01:20:29.584202,34.31,Unknown,Neutral,False,,6.3,8.8,178.9,177.1,168.6,176.7,61.8,Medium
2025-08-16T01:20:29.618452,34.34,Unknown,Neutral,False,,6.6,9.7,178.9,176.8,167.3,176.7,61.1,Medium
2025-08-16T01:20:29.652691,34.38,Unknown,Neutral,False,,7.0,10.6,178.2,176.2,165.9,176.4,60.7,Medium
2025-08-16T01:20:29.687006,34.41,Unknown,Neutral,False,,7.5,11.8,171.7,175.4,160.8,176.6,58.6,High
2025-08-16T01:20:29.721364,34.45,Unknown,Neutral,False,,7.8,12.9,167.2,174.8,157.4,176.7,56.4,High
2025-08-16T01:20:29.755353,34.48,Unknown,Neutral,False,,8.1,13.8,163.6,174.5,154.6,176.7,55.0,High
2025-08-16T01:20:29.789346,34.52,Unknown,Neutral,False,,8.2,14.6,162.1,174.6,153.9,176.7,55.0,High
2025-08-16T01:20:29.823961,34.55,Unknown,Neutral,False,,8.0,15.5,157.0,176.0,151.0,177.4,54.8,High
2025-08-16T01:20:29.857631,34.56,Unknown,Neutral,False,,7.9,16.3,159.8,176.5,153.2,176.9,54.4,High
2025-08-16T01:20:29.891955,34.62,Unknown,Neutral,False,,7.6,17.2,163.1,177.2,155.7,176.8,53.8,High
2025-08-16T01:20:29.926079,34.66,Unknown,Neutral,False,,7.0,17.8,166.9,177.7,159.1,176.6,55.0,High
2025-08-16T01:20:29.960044,34.69,Unknown,Neutral,False,,6.5,18.3,170.0,178.2,161.9,176.8,56.0,High
2025-08-16T01:20:29.994872,34.72,Unknown,Neutral,False,,5.9,17.9,172.2,178.7,164.1,176.9,57.2,High
2025-08-16T01:20:30.029090,34.75,Unknown,Neutral,False,,5.4,17.4,174.0,178.9,165.9,176.9,58.6,High
2025-08-16T01:20:30.062993,34.78,Unknown,Neutral,False,,4.8,16.3,175.5,178.8,167.5,176.5,60.3,Medium
2025-08-16T01:20:30.096540,34.81,Unknown,Neutral,False,,4.2,14.9,176.3,178.4,168.7,175.9,61.8,Medium
2025-08-16T01:20:30.130768,34.86,Unknown,Neutral,False,,3.6,13.9,177.2,178.0,169.7,175.3,63.0,Medium
2025-08-16T01:20:30.164751,34.89,Unknown,Neutral,False,,3.0,12.6,177.6,177.7,170.7,174.7,64.0,Medium
2025-08-16T01:20:30.199215,34.92,Unknown,Neutral,False,,2.5,11.4,177.9,177.4,171.1,174.0,64.6,Medium
2025-08-16T01:20:30.232928,34.95,Unknown,Neutral,False,,1.9,10.4,178.2,177.0,171.5,173.0,65.3,Medium
2025-08-16T01:20:30.265984,34.98,Unknown,Neutral,False,,1.5,9.3,178.5,176.4,171.7,172.0,65.8,Medium
2025-08-16T01:20:30.299390,35.03,Unknown,Neutral,False,,1.4,8.1,178.7,176.4,171.5,171.5,66.1,Medium
2025-08-16T01:20:30.333831,35.06,Unknown,Neutral,False,,1.4,7.0,178.8,176.2,171.5,170.8,66.1,Medium
2025-08-16T01:20:30.367286,35.09,Unknown,Neutral,False,,1.3,5.9,178.4,175.8,171.7,170.1,66.2,Medium
2025-08-16T01:20:30.400625,35.12,Unknown,Neutral,False,,1.2,4.9,178.1,174.8,171.9,169.0,66.0,Medium
2025-08-16T01:20:30.433978,35.16,Unknown,Neutral,False,,1.1,4.0,177.9,173.8,172.1,168.1,65.6,Medium
2025-08-16T01:20:30.467338,35.19,Unknown,Neutral,False,,1.0,3.1,177.7,173.1,172.4,167.5,65.3,Medium
2025-08-16T01:20:30.500614,35.22,Unknown,Neutral,False,,0.9,2.5,177.4,172.7,172.7,166.9,65.0,Medium
2025-08-16T01:20:30.538537,35.27,Unknown,Neutral,False,,0.8,2.0,176.8,172.4,173.3,166.3,64.7,Medium
2025-08-16T01:20:30.570182,35.28,Unknown,Neutral,False,,0.7,1.6,176.5,172.1,173.6,165.7,64.4,Medium
2025-08-16T01:20:30.604370,35.33,Unknown,Neutral,False,,0.6,1.4,176.2,171.8,173.9,165.3,64.2,Medium
2025-08-16T01:20:30.637469,35.36,Unknown,Neutral,False,,0.4,1.2,175.8,171.8,174.3,165.1,64.0,Medium
2025-08-16T01:20:30.670874,35.39,Unknown,Neutral,False,,0.4,1.0,175.5,171.8,174.6,164.9,63.8,Medium
2025-08-16T01:20:30.705453,35.44,Unknown,Neutral,False,,0.4,1.0,175.2,171.7,174.7,164.7,63.6,Medium
2025-08-16T01:20:30.739767,35.47,Unknown,Neutral,False,,0.4,1.0,175.2,171.6,174.8,164.6,63.5,Medium
2025-08-16T01:20:30.776740,35.5,Unknown,Neutral,False,,0.5,1.0,175.1,171.6,174.8,164.6,63.3,Medium
2025-08-16T01:20:30.807187,35.52,Unknown,Neutral,False,,0.5,0.9,174.9,171.4,174.8,164.7,63.2,Medium
2025-08-16T01:20:30.841322,35.56,Unknown,Neutral,False,,0.6,0.9,174.8,171.3,174.9,164.7,63.1,Medium
2025-08-16T01:20:30.876641,35.61,Unknown,Neutral,False,,0.7,0.9,174.6,171.2,174.9,164.7,63.0,Medium
2025-08-16T01:20:30.910114,35.64,Unknown,Neutral,False,,0.8,0.9,174.3,171.2,175.0,164.7,63.0,Medium
2025-08-16T01:20:30.944522,35.67,Unknown,Neutral,False,,0.8,0.9,174.2,171.0,175.1,164.7,62.9,Medium
2025-08-16T01:20:30.978765,35.7,Unknown,Neutral,False,,1.0,1.0,174.3,170.9,175.0,164.7,62.8,Medium
2025-08-16T01:20:31.013176,35.73,Unknown,Neutral,False,,1.1,1.0,174.3,170.7,174.9,164.6,62.7,Medium
2025-08-16T01:20:31.047332,35.77,Unknown,Neutral,False,,1.2,1.1,174.4,170.6,174.9,164.6,62.6,Medium
2025-08-16T01:20:31.081679,35.81,Unknown,Neutral,False,,1.2,1.2,174.6,170.6,174.8,164.6,62.5,Medium
2025-08-16T01:20:31.115781,35.84,Unknown,Neutral,False,,1.2,1.2,174.8,170.6,174.8,164.6,62.4,Medium
2025-08-16T01:20:31.163043,35.89,Unknown,Neutral,False,,1.2,1.3,175.0,170.7,174.8,164.6,62.4,Medium
2025-08-16T01:20:31.197323,35.91,Unknown,Neutral,False,,1.2,1.4,175.1,170.7,174.7,164.6,62.3,Medium
2025-08-16T01:20:31.232620,35.95,Unknown,Neutral,False,,1.2,1.4,175.2,170.7,174.7,164.6,62.3,Medium
2025-08-16T01:20:31.264997,35.98,Unknown,Neutral,False,,1.2,1.5,175.1,170.6,174.8,164.5,62.2,Medium
2025-08-16T01:20:31.299329,36.02,Unknown,Neutral,False,,1.3,1.5,175.1,170.5,174.8,164.5,62.2,Medium
2025-08-16T01:20:31.333915,36.06,Unknown,Neutral,False,,1.3,1.5,174.9,170.6,174.9,164.5,62.2,Medium
2025-08-16T01:20:31.367073,36.09,Unknown,Neutral,False,,1.4,1.5,174.8,170.6,174.9,164.5,62.2,Medium
2025-08-16T01:20:31.400637,36.12,Unknown,Neutral,False,,1.4,1.5,174.7,170.8,175.2,164.9,62.2,Medium
2025-08-16T01:20:31.435310,36.16,Unknown,Neutral,False,,1.5,1.7,174.6,171.1,175.4,165.4,62.2,Medium
2025-08-16T01:20:31.468611,36.19,Unknown,Neutral,False,,1.9,1.9,174.5,171.5,175.3,166.2,62.2,Medium
2025-08-16T01:20:31.501948,36.23,Unknown,Neutral,False,,2.2,2.4,174.5,171.9,175.1,167.0,61.8,Medium
2025-08-16T01:20:31.536150,36.27,Unknown,Neutral,False,,2.8,3.0,174.5,172.1,174.8,167.7,60.9,Medium
2025-08-16T01:20:31.572105,36.3,Unknown,Neutral,False,,3.2,3.8,174.4,172.3,174.6,168.3,59.2,High
2025-08-16T01:20:31.605405,36.33,Unknown,Neutral,False,,3.7,4.9,174.2,172.4,174.5,168.9,56.6,High
2025-08-16T01:20:31.638585,36.36,Unknown,RaisedShoulders,False,,4.1,5.7,174.3,173.0,174.6,169.6,53.9,High
2025-08-16T01:20:31.672125,36.39,Unknown,RaisedShoulders,False,,4.4,6.6,174.8,173.5,174.6,170.3,50.9,High
2025-08-16T01:20:31.705591,36.44,Unknown,RaisedShoulders,False,,4.7,7.5,175.3,174.0,174.7,171.0,48.8,High
2025-08-16T01:20:31.738804,36.47,Unknown,RaisedShoulders,False,,5.3,8.3,175.9,175.0,174.4,172.1,47.7,High
2025-08-16T01:20:31.773398,36.5,Unknown,RaisedShoulders,False,,5.7,9.0,176.4,175.9,174.0,173.1,46.7,High
2025-08-16T01:20:31.808789,36.53,Unknown,RaisedShoulders,False,,6.2,9.6,176.8,176.7,173.5,173.8,46.0,High
2025-08-16T01:20:31.840840,36.56,Unknown,RaisedShoulders,False,,6.7,10.0,177.2,177.2,173.0,174.4,45.5,High
2025-08-16T01:20:31.874999,36.59,Unknown,RaisedShoulders,False,,7.2,10.2,177.3,177.5,172.8,174.9,45.4,High
2025-08-16T01:20:31.909226,36.64,Unknown,RaisedShoulders,False,,7.8,10.2,177.0,177.6,172.6,175.2,45.5,High
2025-08-16T01:20:31.943387,36.67,Unknown,RaisedShoulders,False,,8.5,10.2,176.6,177.5,172.3,175.6,45.7,High
2025-08-16T01:20:31.977062,36.7,Unknown,RaisedShoulders,False,,9.2,10.1,176.2,177.4,172.1,175.7,45.9,High
2025-08-16T01:20:32.011629,36.73,Unknown,RaisedShoulders,False,,9.8,9.9,175.8,177.2,171.9,175.6,46.4,High
2025-08-16T01:20:32.044867,36.77,Unknown,RaisedShoulders,False,,10.2,10.0,175.6,177.1,171.6,175.5,47.1,High
2025-08-16T01:20:32.079191,36.8,Unknown,RaisedShoulders,False,,10.5,10.1,175.6,177.1,171.4,175.5,47.7,High
2025-08-16T01:20:32.115326,36.84,Unknown,RaisedShoulders,False,,10.7,10.2,175.8,177.3,171.2,175.6,48.3,High
2025-08-16T01:20:32.146691,36.88,Unknown,RaisedShoulders,False,,10.8,10.3,176.1,177.5,170.9,175.6,48.7,High
2025-08-16T01:20:32.180278,36.91,Unknown,RaisedShoulders,False,,10.9,10.3,176.3,177.7,170.6,175.7,49.0,High
2025-08-16T01:20:32.214004,36.94,Unknown,RaisedShoulders,False,,11.1,10.4,176.5,177.9,170.4,175.8,49.4,High
2025-08-16T01:20:32.247853,36.97,Unknown,RaisedShoulders,False,,11.2,10.5,176.6,178.1,170.2,176.0,49.6,High
2025-08-16T01:20:32.281021,37.0,Unknown,RaisedShoulders,False,,11.4,10.7,176.7,178.2,170.1,176.0,49.7,High
2025-08-16T01:20:32.314904,37.05,Unknown,RaisedShoulders,False,,11.5,10.8,176.8,178.3,170.0,176.1,49.7,High
2025-08-16T01:20:32.349657,37.08,Unknown,RaisedShoulders,False,,11.5,10.9,176.9,178.4,169.9,176.2,49.2,High
2025-08-16T01:20:32.384556,37.11,Unknown,RaisedShoulders,False,,11.6,10.8,177.0,178.6,169.7,176.3,48.5,High
2025-08-16T01:20:32.418451,37.14,Unknown,RaisedShoulders,False,,11.7,10.5,177.1,178.7,169.7,176.2,47.7,High
2025-08-16T01:20:32.451825,37.17,Unknown,RaisedShoulders,False,,11.8,10.1,177.1,178.7,169.6,176.2,46.9,High
2025-08-16T01:20:32.486995,37.22,Unknown,RaisedShoulders,False,,11.9,9.7,177.2,178.8,169.4,176.4,46.1,High
2025-08-16T01:20:32.519156,37.25,Unknown,RaisedShoulders,False,,11.9,9.4,177.2,178.7,169.8,176.4,45.5,High
2025-08-16T01:20:32.553040,37.28,Unknown,RaisedShoulders,False,,11.7,9.2,177.2,178.5,170.1,176.3,45.0,High
2025-08-16T01:20:32.587208,37.31,Unknown,RaisedShoulders,False,,11.5,9.5,177.4,178.4,170.2,176.3,44.7,High
2025-08-16T01:20:32.620427,37.34,Unknown,RaisedShoulders,False,,11.3,9.8,177.4,178.3,170.2,176.2,44.5,High
2025-08-16T01:20:32.653129,37.38,Unknown,RaisedShoulders,False,,10.9,10.2,177.5,178.1,170.2,176.1,44.6,High
2025-08-16T01:20:32.687195,37.41,Unknown,RaisedShoulders,False,,10.6,10.4,177.7,178.1,170.1,176.0,44.7,High
2025-08-16T01:20:32.720293,37.45,Unknown,RaisedShoulders,False,,10.5,10.4,177.9,178.0,169.9,176.0,44.8,High
2025-08-16T01:20:32.754791,37.48,Unknown,RaisedShoulders,False,,9.9,9.9,178.0,177.8,170.1,175.5,45.0,High
2025-08-16T01:20:32.789923,37.52,Unknown,RaisedShoulders,False,,9.1,9.5,178.1,177.7,170.4,175.0,45.0,High
2025-08-16T01:20:32.823427,37.55,Unknown,RaisedShoulders,False,,8.3,9.0,178.3,177.5,170.7,174.3,45.0,High
2025-08-16T01:20:32.858757,37.58,Unknown,RaisedShoulders,False,,7.5,8.5,178.4,177.4,170.9,173.7,45.0,High
2025-08-16T01:20:32.892106,37.62,Unknown,RaisedShoulders,False,,6.7,8.4,178.5,177.3,171.2,173.2,45.1,High
2025-08-16T01:20:32.926224,37.66,Unknown,RaisedShoulders,False,,6.2,8.1,178.2,176.9,171.5,172.7,45.6,High
2025-08-16T01:20:32.959967,37.69,Unknown,RaisedShoulders,False,,5.7,7.7,178.1,176.6,171.8,172.3,46.2,High
2025-08-16T01:20:32.993862,37.72,Unknown,RaisedShoulders,False,,5.3,7.1,178.2,176.3,171.9,172.0,46.9,High
2025-08-16T01:20:33.027263,37.75,Unknown,RaisedShoulders,False,,4.9,7.0,178.2,176.2,172.1,171.6,48.3,High
2025-08-16T01:20:33.060574,37.78,Unknown,RaisedShoulders,False,,4.5,7.0,178.3,176.1,172.2,171.4,49.7,High
2025-08-16T01:20:33.095266,37.83,Unknown,RaisedShoulders,False,,4.3,7.1,178.2,175.9,172.5,171.2,51.1,High
2025-08-16T01:20:33.128792,37.86,Unknown,RaisedShoulders,False,,4.0,6.9,178.0,175.5,172.7,171.2,52.9,High
2025-08-16T01:20:33.162961,37.89,Unknown,RaisedShoulders,False,,3.4,6.6,178.1,175.3,172.6,170.9,54.8,High
2025-08-16T01:20:33.197008,37.92,Unknown,RaisedShoulders,False,,2.8,6.3,178.0,175.3,172.7,170.5,56.6,High
2025-08-16T01:20:33.231299,37.95,Unknown,RaisedShoulders,False,,2.3,5.9,178.1,175.3,172.7,170.1,58.0,High
2025-08-16T01:20:33.265279,37.98,Unknown,Neutral,False,,2.0,5.4,178.1,175.2,172.7,169.7,59.1,High
2025-08-16T01:20:33.299300,38.03,Unknown,Neutral,False,,1.8,5.0,178.2,175.0,172.6,169.3,59.8,High
2025-08-16T01:20:33.333971,38.06,Unknown,Neutral,False,,1.6,4.7,178.1,174.7,172.5,169.1,60.4,Medium
2025-08-16T01:20:33.367962,38.09,Unknown,Neutral,False,,1.5,4.5,177.9,174.2,172.5,168.8,60.8,Medium
2025-08-16T01:20:33.402043,38.12,Unknown,Neutral,False,,1.3,4.4,177.6,173.5,172.5,168.5,60.9,Medium
2025-08-16T01:20:33.436274,38.16,Unknown,Neutral,False,,1.3,4.3,177.3,172.9,172.5,168.2,61.0,Medium
2025-08-16T01:20:33.470677,38.2,Unknown,Neutral,False,,1.2,4.2,177.1,172.4,172.5,168.1,61.1,Medium
2025-08-16T01:20:33.505098,38.23,Unknown,Neutral,False,,1.2,4.2,176.9,172.1,172.6,167.9,61.2,Medium
2025-08-16T01:20:33.539617,38.27,Unknown,Neutral,False,,1.2,4.1,176.7,171.9,172.5,167.8,61.3,Medium
2025-08-16T01:20:33.563460,38.28,Unknown,Neutral,False,,1.3,4.1,176.6,171.8,172.4,167.8,61.5,Medium
2025-08-16T01:20:33.598055,38.33,Unknown,Neutral,False,,1.3,4.1,176.5,171.7,172.4,167.8,61.6,Medium
2025-08-16T01:20:33.631910,38.36,Unknown,Neutral,False,,1.5,4.1,176.6,171.9,172.3,167.8,61.8,Medium
2025-08-16T01:20:33.666118,38.39,Unknown,Neutral,False,,1.6,4.1,176.6,172.1,172.1,168.0,62.1,Medium
2025-08-16T01:20:33.700659,38.42,Unknown,Neutral,False,,1.8,4.2,176.7,172.3,172.0,168.3,62.3,Medium
2025-08-16T01:20:33.736089,38.47,Unknown,Neutral,False,,2.0,4.2,176.8,172.4,172.0,168.5,62.5,Medium
2025-08-16T01:20:33.769871,38.5,Unknown,Neutral,False,,2.2,4.3,176.8,172.6,171.9,168.6,62.6,Medium
2025-08-16T01:20:33.804049,38.53,Unknown,Neutral,False,,2.3,4.3,176.8,172.6,171.8,168.8,62.8,Medium
2025-08-16T01:20:33.837263,38.56,Unknown,Neutral,False,,2.4,4.4,176.8,172.7,171.8,169.0,62.9,Medium
2025-08-16T01:20:33.871764,38.59,Unknown,Neutral,False,,2.4,4.6,176.8,172.9,171.9,169.1,63.0,Medium
2025-08-16T01:20:33.905135,38.62,Unknown,Neutral,False,,2.3,4.7,176.7,173.2,172.2,169.4,63.4,Medium
2025-08-16T01:20:33.939249,38.67,Unknown,Neutral,False,,2.2,4.8,176.7,173.4,172.4,169.6,63.5,Medium
2025-08-16T01:20:33.963104,38.69,Unknown,Neutral,False,,2.0,4.9,176.6,173.8,172.8,169.9,63.4,Medium
2025-08-16T01:20:33.996057,38.72,Unknown,Neutral,False,,2.0,5.2,176.7,174.1,173.1,170.3,62.7,Medium
2025-08-16T01:20:34.030071,38.73,Unknown,RaisedShoulders,False,,1.9,5.7,176.9,174.7,172.6,170.9,62.5,Medium
2025-08-16T01:20:34.064063,38.8,Unknown,RaisedShoulders,False,,1.7,6.2,169.7,176.0,167.7,171.9,58.8,High
2025-08-16T01:20:34.098370,38.83,Unknown,RaisedShoulders,False,,2.0,6.7,161.5,176.2,161.1,172.8,52.1,High
2025-08-16T01:20:34.132963,38.86,Unknown,RaisedShoulders,False,,2.4,7.1,158.4,176.7,158.3,174.1,48.1,High
2025-08-16T01:20:34.168968,38.89,Unknown,RaisedShoulders,False,,2.8,7.5,157.6,177.3,157.4,175.2,45.8,High
2025-08-16T01:20:34.204146,38.92,Unknown,RaisedShoulders,False,,3.0,7.8,157.2,177.8,156.6,175.9,43.8,High
2025-08-16T01:20:34.234708,38.95,Unknown,RaisedShoulders,False,,3.1,8.1,157.5,178.4,156.5,176.4,42.4,High
2025-08-16T01:20:34.268711,39.0,Unknown,RaisedShoulders,False,,3.0,8.5,158.2,178.6,157.1,176.2,41.8,High
2025-08-16T01:20:34.302888,39.03,Unknown,RaisedShoulders,False,,2.6,9.2,157.6,178.9,157.0,175.8,39.9,High
2025-08-16T01:20:34.337282,39.06,Unknown,RaisedShoulders,False,,2.4,10.2,157.3,178.9,156.9,175.4,38.2,High
2025-08-16T01:20:34.364689,39.09,Unknown,RaisedShoulders,False,,2.0,11.6,158.0,178.8,157.7,174.7,38.0,High
2025-08-16T01:20:34.397237,39.12,Unknown,RaisedShoulders,False,,1.6,14.5,158.2,178.5,158.5,173.8,38.1,High
2025-08-16T01:20:34.415476,39.14,Unknown,RaisedShoulders,False,,1.3,16.3,159.6,177.6,159.9,172.3,38.8,High
2025-08-16T01:20:34.464775,39.19,Unknown,RaisedShoulders,False,,1.1,18.9,123.0,170.2,121.4,165.3,41.9,High
2025-08-16T01:20:34.498012,39.22,Unknown,ForwardHead,False,,1.2,20.8,101.8,133.3,95.8,138.2,51.0,High
2025-08-16T01:20:34.531660,39.25,Unknown,ForwardHead,False,,1.5,21.5,87.1,114.7,78.5,122.8,55.8,High
2025-08-16T01:20:34.566087,39.3,Unknown,ForwardHead,False,,1.9,22.5,72.1,109.0,62.8,117.7,52.0,High
2025-08-16T01:20:34.600210,39.33,Unknown,ForwardHead,False,,2.9,24.0,60.6,108.5,47.7,127.3,45.3,High
2025-08-16T01:20:34.636675,39.36,Unknown,ForwardHead,False,,4.3,26.1,55.3,118.5,49.8,137.2,43.1,High
2025-08-16T01:20:34.669093,39.39,Unknown,ForwardHead,False,,5.9,28.2,61.0,126.1,59.9,147.8,44.3,High
2025-08-16T01:20:34.703509,39.42,Unknown,ForwardHead,False,,7.6,29.8,71.0,133.7,72.9,154.9,47.8,High
2025-08-16T01:20:34.737457,39.47,Unknown,ForwardHead,False,,9.3,31.2,84.2,143.0,87.8,161.0,51.1,High
2025-08-16T01:20:34.770913,39.5,Unknown,ForwardHead,False,,10.8,32.6,92.0,151.2,95.4,164.0,51.5,High
2025-08-16T01:20:34.803501,39.53,Unknown,ForwardHead,False,,12.1,34.1,92.9,156.2,96.6,165.8,50.7,High
2025-08-16T01:20:34.837475,39.56,Unknown,ForwardHead,False,,13.2,35.2,95.2,158.3,99.6,167.4,49.8,High
2025-08-16T01:20:34.871325,39.59,Unknown,ForwardHead,False,,14.2,35.5,94.5,156.9,102.0,169.0,50.7,High
2025-08-16T01:20:34.905417,39.62,Unknown,ForwardHead,False,,15.0,35.9,90.5,153.9,101.9,170.0,51.2,High
2025-08-16T01:20:34.938918,39.64,Unknown,ForwardHead,False,,15.9,35.8,85.5,140.6,101.9,171.2,52.7,High
2025-08-16T01:20:34.974178,39.7,Unknown,ForwardHead,False,,16.5,36.1,83.9,131.6,103.8,172.4,54.7,High
2025-08-16T01:20:35.009071,39.73,Unknown,ForwardHead,False,,16.9,35.7,89.3,133.3,109.3,174.0,54.5,High
2025-08-16T01:20:35.043716,39.77,Unknown,ForwardHead,False,,16.9,35.4,94.0,134.2,115.2,174.8,54.0,High
2025-08-16T01:20:35.078033,39.8,Unknown,ForwardHead,False,,16.9,34.9,96.5,129.3,121.2,175.9,54.3,High
2025-08-16T01:20:35.112299,39.84,Unknown,ForwardHead,False,,16.5,35.2,100.6,122.8,126.8,176.8,54.7,High
2025-08-16T01:20:35.145108,39.88,Unknown,ForwardHead,False,,16.0,35.3,110.9,126.3,131.9,177.0,52.4,High
2025-08-16T01:20:35.179267,39.91,Unknown,ForwardHead,False,,15.6,35.1,122.1,135.9,136.7,176.8,47.9,High
2025-08-16T01:20:35.213738,39.94,Unknown,ForwardHead,False,,15.4,34.8,131.7,144.1,140.7,177.0,44.1,High
2025-08-16T01:20:35.253685,39.98,Unknown,ForwardHead,False,,15.3,34.1,138.9,150.5,143.8,177.6,42.5,High
2025-08-16T01:20:35.287826,40.02,Unknown,ForwardHead,False,,15.2,33.5,144.9,155.4,146.2,178.2,41.5,High
2025-08-16T01:20:35.322627,40.05,Unknown,ForwardHead,False,,15.2,32.9,149.7,159.1,148.0,178.3,41.8,High
2025-08-16T01:20:35.357487,40.08,Unknown,ForwardHead,False,,15.2,32.3,154.3,162.1,149.3,178.4,42.1,High
2025-08-16T01:20:35.392203,40.12,Unknown,ForwardHead,False,,15.1,31.9,157.5,163.9,150.1,178.6,42.3,High
2025-08-16T01:20:35.425583,40.16,Unknown,ForwardHead,False,,14.9,31.9,159.9,165.3,150.6,178.7,42.4,High
2025-08-16T01:20:35.459134,40.19,Unknown,ForwardHead,False,,14.8,32.0,160.6,166.4,150.3,179.0,42.3,High
2025-08-16T01:20:35.493628,40.22,Unknown,ForwardHead,False,,14.7,32.0,163.0,167.6,151.0,179.1,42.1,High
2025-08-16T01:20:35.528197,40.25,Unknown,ForwardHead,False,,14.7,32.0,164.8,169.0,151.8,179.1,42.0,High
2025-08-16T01:20:35.566548,40.28,Unknown,ForwardHead,False,,14.9,31.9,165.7,170.3,152.2,179.0,41.8,High
2025-08-16T01:20:35.594831,40.31,Unknown,ForwardHead,False,,15.2,31.9,166.9,171.1,152.7,179.0,41.4,High
2025-08-16T01:20:35.629047,40.36,Unknown,ForwardHead,False,,15.6,32.2,166.6,171.8,152.5,178.8,40.8,High
2025-08-16T01:20:35.662963,40.39,Unknown,ForwardHead,False,,15.9,32.7,164.2,172.2,151.3,178.6,40.2,High
2025-08-16T01:20:35.697807,40.42,Unknown,ForwardHead,False,,16.2,33.0,163.0,172.7,150.7,178.5,39.6,High
2025-08-16T01:20:35.731449,40.45,Unknown,ForwardHead,False,,16.3,33.1,163.4,172.4,151.2,178.6,39.1,High
2025-08-16T01:20:35.767238,40.5,Unknown,ForwardHead,False,,16.3,33.3,165.5,172.2,152.6,178.6,38.8,High
2025-08-16T01:20:35.799268,40.53,Unknown,ForwardHead,False,,15.9,33.3,167.5,172.0,154.0,178.5,38.6,High
2025-08-16T01:20:35.833388,40.56,Unknown,ForwardHead,False,,15.1,33.4,170.1,171.5,157.1,178.8,39.8,High
2025-08-16T01:20:35.867136,40.59,Unknown,ForwardHead,False,,14.2,33.6,172.2,171.2,159.8,178.9,40.6,High
2025-08-16T01:20:35.901412,40.62,Unknown,ForwardHead,False,,13.4,33.9,174.1,171.2,162.0,178.8,40.5,High
2025-08-16T01:20:35.935828,40.66,Unknown,ForwardHead,False,,12.8,34.2,175.5,171.3,163.6,178.8,40.1,High
2025-08-16T01:20:35.969586,40.69,Unknown,ForwardHead,False,,12.2,34.1,176.4,171.8,165.3,178.4,39.8,High
2025-08-16T01:20:36.003763,40.73,Unknown,ForwardHead,False,,11.7,33.3,176.7,172.5,166.7,178.1,39.4,High
2025-08-16T01:20:36.038995,40.77,Unknown,ForwardHead,False,,11.1,32.6,176.8,173.3,167.9,177.8,39.3,High
2025-08-16T01:20:36.070360,40.8,Unknown,ForwardHead,False,,10.4,32.1,176.4,173.9,169.0,177.5,39.3,High
2025-08-16T01:20:36.104486,40.83,Unknown,ForwardHead,False,,9.9,31.9,176.3,174.5,169.9,177.5,39.2,High
2025-08-16T01:20:36.138552,40.86,Unknown,ForwardHead,False,,9.4,31.8,176.3,175.1,170.8,177.5,39.0,High
2025-08-16T01:20:36.172576,40.89,Unknown,ForwardHead,False,,8.5,30.2,176.1,176.1,172.1,177.3,39.8,High
2025-08-16T01:20:36.207304,40.94,Unknown,ForwardHead,False,,7.8,28.7,176.1,176.8,172.8,177.3,40.0,High
2025-08-16T01:20:36.241616,40.97,Unknown,ForwardHead,False,,6.9,26.9,176.1,177.4,173.7,177.0,41.0,High
2025-08-16T01:20:36.275759,41.0,Unknown,ForwardHead,False,,6.1,25.0,175.7,177.4,174.6,176.7,42.2,High
2025-08-16T01:20:36.316670,41.05,Unknown,ForwardHead,False,,5.2,22.8,175.3,177.4,175.5,176.2,43.8,High
2025-08-16T01:20:36.350226,41.08,Unknown,ForwardHead,False,,4.4,20.5,175.1,177.4,176.4,175.7,45.1,High
2025-08-16T01:20:36.383932,41.11,Unknown,RaisedShoulders,False,,3.6,18.5,175.0,177.1,177.1,175.2,46.7,High
2025-08-16T01:20:36.433235,41.16,Unknown,RaisedShoulders,False,,3.1,16.8,175.1,176.9,177.5,174.9,48.1,High
2025-08-16T01:20:36.467500,41.19,Unknown,RaisedShoulders,False,,2.6,15.3,175.2,176.8,177.7,174.5,49.2,High
2025-08-16T01:20:36.502094,41.23,Unknown,RaisedShoulders,False,,2.3,14.0,175.3,176.8,177.7,174.3,49.8,High
2025-08-16T01:20:36.535393,41.27,Unknown,RaisedShoulders,False,,2.1,13.4,175.1,176.6,177.8,173.8,50.2,High
2025-08-16T01:20:36.566466,41.3,Unknown,RaisedShoulders,False,,2.0,13.0,174.9,176.3,177.8,173.4,50.5,High
2025-08-16T01:20:36.600611,41.33,Unknown,RaisedShoulders,False,,2.0,12.2,175.0,176.4,178.0,173.2,50.4,High
2025-08-16T01:20:36.639005,41.36,Unknown,RaisedShoulders,False,,1.9,12.0,174.9,176.5,178.2,173.1,50.1,High
2025-08-16T01:20:36.668694,41.39,Unknown,RaisedShoulders,False,,2.0,11.8,174.7,176.7,178.3,173.1,49.5,High
2025-08-16T01:20:36.701876,41.42,Unknown,RaisedShoulders,False,,2.2,11.7,174.6,176.8,178.0,173.0,48.9,High
2025-08-16T01:20:36.738000,41.47,Unknown,RaisedShoulders,False,,2.4,11.7,174.5,177.0,177.8,173.2,48.3,High
2025-08-16T01:20:36.770400,41.5,Unknown,RaisedShoulders,False,,2.6,11.4,174.5,177.1,177.6,173.4,47.6,High
2025-08-16T01:20:36.804645,41.53,Unknown,RaisedShoulders,False,,2.9,11.1,174.5,177.1,177.4,173.7,46.8,High
2025-08-16T01:20:36.841955,41.56,Unknown,RaisedShoulders,False,,3.4,10.7,174.7,177.1,176.9,174.0,46.3,High
2025-08-16T01:20:36.880876,41.61,Unknown,RaisedShoulders,False,,3.9,10.1,175.0,177.1,176.4,174.3,46.1,High
2025-08-16T01:20:36.907591,41.64,Unknown,RaisedShoulders,False,,4.3,9.8,175.0,177.1,176.1,174.5,46.2,High
2025-08-16T01:20:36.943320,41.67,Unknown,RaisedShoulders,False,,4.7,9.8,175.0,177.1,175.8,174.7,46.6,High
2025-08-16T01:20:36.969141,41.69,Unknown,RaisedShoulders,False,,5.0,9.9,175.0,177.2,175.7,174.9,47.0,High
2025-08-16T01:20:37.003390,41.73,Unknown,RaisedShoulders,False,,5.4,10.0,175.2,177.2,175.5,175.0,47.3,High
2025-08-16T01:20:37.037164,41.77,Unknown,RaisedShoulders,False,,5.6,10.3,175.2,177.3,175.3,175.1,47.8,High
2025-08-16T01:20:37.083200,41.81,Unknown,RaisedShoulders,False,,5.9,10.6,175.4,177.4,175.2,175.2,48.1,High
2025-08-16T01:20:37.124396,41.84,Unknown,RaisedShoulders,False,,5.8,10.9,175.9,177.6,175.2,175.2,48.5,High
2025-08-16T01:20:37.159093,41.89,Unknown,RaisedShoulders,False,,5.8,11.4,176.1,177.6,175.2,175.2,48.8,High
2025-08-16T01:20:37.193133,41.92,Unknown,RaisedShoulders,False,,5.8,11.9,176.2,177.7,175.3,175.1,49.2,High
2025-08-16T01:20:37.226542,41.95,Unknown,RaisedShoulders,False,,5.8,12.7,176.2,177.8,175.2,175.2,49.6,High
2025-08-16T01:20:37.262890,41.98,Unknown,RaisedShoulders,False,,5.8,13.4,176.3,178.1,175.0,175.4,49.8,High
2025-08-16T01:20:37.295329,42.02,Unknown,RaisedShoulders,False,,5.8,13.9,176.4,178.2,175.0,175.4,50.0,High
2025-08-16T01:20:37.328326,42.05,Unknown,RaisedShoulders,False,,5.8,14.5,176.4,178.3,175.0,175.5,49.9,High
2025-08-16T01:20:37.362216,42.09,Unknown,RaisedShoulders,False,,5.9,15.0,176.5,178.4,175.0,175.6,50.1,High
2025-08-16T01:20:37.396502,42.12,Unknown,RaisedShoulders,False,,5.9,15.4,176.5,178.8,174.8,176.1,49.9,High
2025-08-16T01:20:37.433319,42.16,Unknown,RaisedShoulders,False,,6.0,15.5,176.6,179.1,174.5,176.4,48.5,High
2025-08-16T01:20:37.468264,42.19,Unknown,RaisedShoulders,False,,5.9,15.6,176.8,179.3,174.5,176.7,47.6,High
2025-08-16T01:20:37.505177,42.23,Unknown,RaisedShoulders,False,,5.8,15.6,177.1,179.4,174.5,176.8,47.2,High
2025-08-16T01:20:37.545536,42.27,Unknown,RaisedShoulders,False,,5.7,15.0,177.4,179.4,174.4,176.9,47.0,High
2025-08-16T01:20:37.590059,42.31,Unknown,RaisedShoulders,False,,5.6,14.3,178.0,179.2,174.4,176.8,46.7,High
2025-08-16T01:20:37.631990,42.36,Unknown,RaisedShoulders,False,,5.3,13.9,178.3,179.2,174.7,176.4,46.4,High
2025-08-16T01:20:37.676197,42.41,Unknown,RaisedShoulders,False,,4.8,13.7,178.7,179.1,175.0,175.9,46.1,High
2025-08-16T01:20:37.707466,42.44,Unknown,RaisedShoulders,False,,4.4,13.4,178.9,179.2,175.5,175.5,45.8,High
2025-08-16T01:20:37.757472,42.48,Unknown,RaisedShoulders,False,,4.3,13.3,179.0,179.2,175.8,175.1,46.4,High
2025-08-16T01:20:37.791048,42.52,Unknown,RaisedShoulders,False,,3.9,13.8,178.8,179.0,176.4,174.6,47.4,High
2025-08-16T01:20:37.825177,42.55,Unknown,RaisedShoulders,False,,3.6,14.1,178.6,179.0,177.1,174.2,48.3,High
2025-08-16T01:20:37.857936,42.58,Unknown,RaisedShoulders,False,,3.0,13.5,178.4,179.0,177.7,173.8,48.7,High
2025-08-16T01:20:37.895789,42.62,Unknown,RaisedShoulders,False,,2.6,12.7,178.3,178.8,178.1,173.4,48.9,High
2025-08-16T01:20:37.924863,42.66,Unknown,RaisedShoulders,False,,2.1,12.0,178.1,177.9,178.6,172.9,49.1,High
2025-08-16T01:20:37.958864,42.69,Unknown,RaisedShoulders,False,,1.6,10.8,177.2,176.5,178.6,172.3,49.4,High
2025-08-16T01:20:37.992798,42.72,Unknown,RaisedShoulders,False,,1.3,9.8,176.3,175.3,178.6,171.4,49.8,High
2025-08-16T01:20:38.026852,42.75,Unknown,RaisedShoulders,False,,1.0,8.9,174.8,172.8,178.4,169.4,49.8,High
2025-08-16T01:20:38.060561,42.78,Unknown,RaisedShoulders,False,,1.1,8.0,173.6,170.4,178.1,167.0,49.9,High
2025-08-16T01:20:38.093545,42.81,Unknown,RaisedShoulders,False,,1.3,7.1,172.6,168.9,177.8,165.4,51.0,High
2025-08-16T01:20:38.126992,42.86,Unknown,RaisedShoulders,False,,1.6,6.4,171.7,167.6,177.6,164.1,52.3,High
2025-08-16T01:20:38.175318,42.91,Unknown,RaisedShoulders,False,,1.8,6.1,171.3,167.4,177.7,163.8,54.3,High
2025-08-16T01:20:38.217347,42.94,Unknown,RaisedShoulders,False,,1.9,5.9,171.3,167.7,177.9,163.8,56.4,High
2025-08-16T01:20:38.254947,42.98,Unknown,Neutral,False,,2.0,5.8,172.2,168.6,178.3,164.4,58.4,High
2025-08-16T01:20:38.295224,43.02,Unknown,Neutral,False,,2.0,5.7,173.1,169.7,178.4,165.2,60.2,Medium
2025-08-16T01:20:38.328669,43.05,Unknown,Neutral,False,,1.9,6.4,173.3,170.4,178.8,165.6,61.8,Medium
2025-08-16T01:20:38.364871,43.09,Unknown,Neutral,False,,1.7,7.9,172.8,170.6,178.7,165.7,62.6,Medium
2025-08-16T01:20:38.412985,43.14,Unknown,Neutral,False,,1.4,10.4,171.8,170.6,178.3,165.7,63.2,Medium
2025-08-16T01:20:38.447213,43.17,Unknown,Neutral,False,,1.2,13.3,171.1,170.9,178.4,166.0,63.4,Medium
2025-08-16T01:20:38.483113,43.2,Unknown,Neutral,False,,1.3,15.9,170.5,171.1,178.6,166.4,62.6,Medium
2025-08-16T01:20:38.514556,43.23,Unknown,Neutral,False,,1.6,17.5,170.2,171.4,178.7,167.2,61.8,Medium
2025-08-16T01:20:38.547773,43.27,Unknown,Neutral,False,,2.0,19.5,170.0,171.6,178.6,167.7,60.7,Medium
2025-08-16T01:20:38.583484,43.31,Unknown,ForwardHead,False,,2.5,20.8,171.1,172.3,177.8,169.2,60.8,Medium
2025-08-16T01:20:38.616287,43.34,Unknown,ForwardHead,False,,2.7,22.7,172.7,173.7,176.9,170.8,60.2,Medium
2025-08-16T01:20:38.651273,43.38,Unknown,ForwardHead,False,,2.8,24.3,173.8,174.9,176.4,171.7,59.6,High
2025-08-16T01:20:38.684465,43.41,Unknown,ForwardHead,False,,2.9,25.3,174.8,175.8,175.9,172.3,59.4,High
2025-08-16T01:20:38.718054,43.44,Unknown,ForwardHead,False,,2.9,25.9,175.7,176.3,175.7,172.7,59.3,High
2025-08-16T01:20:38.751957,43.48,Unknown,ForwardHead,False,,2.7,26.1,176.5,177.1,175.5,173.1,59.4,High
2025-08-16T01:20:38.779007,43.5,Unknown,ForwardHead,False,,2.5,26.2,177.2,177.8,175.4,173.2,59.4,High
2025-08-16T01:20:38.812330,43.53,Unknown,ForwardHead,False,,2.5,26.0,177.7,178.2,175.2,173.3,59.7,High
2025-08-16T01:20:38.845648,43.58,Unknown,ForwardHead,False,,2.4,25.9,178.2,178.6,174.9,173.5,60.0,Medium
2025-08-16T01:20:38.879040,43.61,Unknown,ForwardHead,False,,2.3,25.7,178.4,178.9,174.8,173.7,60.2,Medium
2025-08-16T01:20:38.915642,43.64,Unknown,ForwardHead,False,,2.2,25.5,178.6,179.1,174.9,173.7,60.3,Medium
2025-08-16T01:20:38.939666,43.67,Unknown,ForwardHead,False,,2.1,25.2,178.6,179.3,174.9,173.7,60.3,Medium
2025-08-16T01:20:38.974427,43.7,Unknown,ForwardHead,False,,2.0,24.7,178.7,179.5,174.9,173.7,60.5,Medium
2025-08-16T01:20:38.999916,43.72,Unknown,ForwardHead,False,,1.9,23.9,178.7,179.6,174.8,173.7,60.8,Medium
2025-08-16T01:20:39.022927,43.75,Unknown,ForwardHead,False,,1.9,23.0,178.9,179.6,174.8,173.7,61.2,Medium
2025-08-16T01:20:39.057768,43.78,Unknown,ForwardHead,False,,1.8,22.0,179.0,179.7,174.9,173.4,61.7,Medium
2025-08-16T01:20:39.092809,43.81,Unknown,ForwardHead,False,,1.6,21.1,179.1,179.7,175.1,173.2,62.4,Medium
2025-08-16T01:20:39.115700,43.84,Unknown,ForwardHead,False,,1.3,20.4,179.1,179.8,175.4,172.9,63.2,Medium
2025-08-16T01:20:39.151172,43.88,Unknown,Neutral,False,,1.0,19.6,179.1,179.8,175.7,172.6,64.1,Medium
2025-08-16T01:20:39.177324,43.91,Unknown,Neutral,False,,1.0,18.9,179.1,179.7,176.2,172.3,64.9,Medium
2025-08-16T01:20:39.209894,43.94,Unknown,Neutral,False,,1.0,18.2,178.9,179.5,176.6,172.0,65.8,Medium
2025-08-16T01:20:39.244188,43.97,Unknown,Neutral,False,,1.2,17.7,178.6,179.3,176.9,171.8,66.4,Medium
2025-08-16T01:20:39.268757,44.0,Unknown,Neutral,False,,1.2,17.3,178.5,179.1,177.0,171.7,67.0,Medium
2025-08-16T01:20:39.294334,44.02,Unknown,Neutral,False,,1.2,16.9,178.4,179.0,177.0,171.7,67.3,Medium
2025-08-16T01:20:39.322588,44.05,Unknown,Neutral,False,,1.1,16.5,178.3,178.8,176.8,171.8,67.5,Medium
2025-08-16T01:20:39.354732,44.08,Unknown,Neutral,False,,0.9,16.2,178.1,178.7,176.5,171.9,67.7,Medium
2025-08-16T01:20:39.389051,44.11,Unknown,Neutral,False,,0.8,15.9,177.9,178.6,176.4,172.0,67.8,Medium
2025-08-16T01:20:39.423869,44.16,Unknown,Neutral,False,,0.7,15.8,177.8,178.5,176.3,172.1,67.9,Medium
2025-08-16T01:20:39.458363,44.19,Unknown,Neutral,False,,0.6,15.8,177.7,178.4,176.2,172.1,67.9,Medium
2025-08-16T01:20:39.492736,44.22,Unknown,Neutral,False,,0.5,15.8,177.5,178.3,176.2,172.1,67.8,Medium
2025-08-16T01:20:39.528257,44.25,Unknown,Neutral,False,,0.4,15.8,177.3,178.3,176.2,172.3,67.7,Medium
2025-08-16T01:20:39.561158,44.28,Unknown,Neutral,False,,0.4,15.9,177.1,178.3,176.1,172.4,67.6,Medium
2025-08-16T01:20:39.595573,44.33,Unknown,Neutral,False,,0.3,16.1,177.1,178.3,176.0,172.6,67.5,Medium
2025-08-16T01:20:39.630861,44.36,Unknown,Neutral,False,,0.3,16.4,177.1,178.4,175.9,172.7,67.4,Medium
2025-08-16T01:20:39.665509,44.39,Unknown,Neutral,False,,0.2,16.7,177.2,178.5,175.9,172.7,67.2,Medium
2025-08-16T01:20:39.690256,44.42,Unknown,Neutral,False,,0.2,17.0,177.4,178.7,175.8,172.8,67.1,Medium
2025-08-16T01:20:39.724333,44.45,Unknown,Neutral,False,,0.1,17.2,177.6,178.9,175.7,173.0,67.1,Medium
2025-08-16T01:20:39.758603,44.47,Unknown,Neutral,False,,0.1,17.5,177.7,179.0,175.7,173.1,67.0,Medium
2025-08-16T01:20:39.792639,44.52,Unknown,Neutral,False,,0.1,17.8,177.9,179.2,175.6,173.1,66.9,Medium
2025-08-16T01:20:39.827073,44.55,Unknown,Neutral,False,,0.1,18.0,178.1,179.3,175.5,173.2,66.8,Medium
2025-08-16T01:20:39.860819,44.59,Unknown,Neutral,False,,0.1,18.2,178.3,179.4,175.4,173.3,66.7,Medium
2025-08-16T01:20:39.893968,44.62,Unknown,Neutral,False,,0.1,18.3,178.5,179.5,175.3,173.3,66.7,Medium
2025-08-16T01:20:39.947599,44.67,Unknown,Neutral,False,,0.1,18.4,178.6,179.6,175.2,173.4,66.6,Medium
2025-08-16T01:20:39.985499,44.7,Unknown,Neutral,False,,0.1,18.5,178.8,179.6,175.2,173.4,66.5,Medium
2025-08-16T01:20:40.016010,44.73,Unknown,Neutral,False,,0.1,18.6,178.9,179.6,175.1,173.5,66.5,Medium
2025-08-16T01:20:40.051054,44.78,Unknown,Neutral,False,,0.2,18.6,179.0,179.6,175.0,173.5,66.4,Medium
2025-08-16T01:20:40.085514,44.81,Unknown,Neutral,False,,0.2,18.6,178.9,179.5,175.0,173.5,66.3,Medium
2025-08-16T01:20:40.118841,44.84,Unknown,Neutral,False,,0.3,18.6,179.0,179.4,175.0,173.5,66.3,Medium
2025-08-16T01:20:40.153342,44.88,Unknown,Neutral,False,,0.4,18.6,179.1,179.3,175.0,173.5,66.3,Medium
2025-08-16T01:20:40.178624,44.91,Unknown,Neutral,False,,0.5,18.8,179.2,179.1,175.0,173.6,66.2,Medium
2025-08-16T01:20:40.213160,44.94,Unknown,Neutral,False,,0.5,19.2,179.2,179.0,175.1,173.7,65.9,Medium
2025-08-16T01:20:40.247308,44.97,Unknown,Neutral,False,,0.6,19.6,179.2,178.9,175.1,173.7,65.6,Medium
2025-08-16T01:20:40.281559,45.0,Unknown,ForwardHead,False,,0.7,20.2,179.2,178.8,175.2,173.7,65.3,Medium
2025-08-16T01:20:40.315780,45.05,Unknown,ForwardHead,False,,0.8,20.7,179.0,178.7,175.3,173.6,65.0,Medium
2025-08-16T01:20:40.349821,45.08,Unknown,ForwardHead,False,,0.8,21.2,178.8,178.7,175.4,173.5,64.7,Medium
2025-08-16T01:20:40.383934,45.11,Unknown,ForwardHead,False,,0.9,21.6,178.6,178.8,175.5,173.4,64.4,Medium
2025-08-16T01:20:40.417958,45.14,Unknown,ForwardHead,False,,1.0,22.1,178.4,178.8,175.6,173.4,64.1,Medium
2025-08-16T01:20:40.452723,45.17,Unknown,ForwardHead,False,,1.0,22.5,178.5,178.7,175.6,173.3,63.9,Medium
2025-08-16T01:20:40.477123,45.2,Unknown,ForwardHead,False,,1.1,22.9,178.6,178.7,175.5,173.3,63.7,Medium
2025-08-16T01:20:40.511299,45.23,Unknown,ForwardHead,False,,1.1,23.3,178.5,178.7,175.6,173.3,63.5,Medium
2025-08-16T01:20:40.545994,45.27,Unknown,ForwardHead,False,,1.2,23.7,178.4,178.7,175.6,173.3,63.2,Medium
2025-08-16T01:20:40.579243,45.3,Unknown,ForwardHead,False,,1.2,24.0,178.4,178.6,175.6,173.3,63.1,Medium
2025-08-16T01:20:40.614010,45.34,Unknown,ForwardHead,False,,1.2,24.3,178.3,178.6,175.6,173.3,62.9,Medium
2025-08-16T01:20:40.649679,45.38,Unknown,ForwardHead,False,,1.3,24.5,178.4,178.7,175.6,173.2,62.8,Medium
2025-08-16T01:20:40.683733,45.41,Unknown,ForwardHead,False,,1.3,24.6,178.5,178.7,175.6,173.1,62.7,Medium
2025-08-16T01:20:40.718449,45.44,Unknown,ForwardHead,False,,1.3,24.7,178.7,178.8,175.5,173.1,62.7,Medium
2025-08-16T01:20:40.746983,45.47,Unknown,ForwardHead,False,,1.4,24.9,178.8,178.9,175.4,173.1,62.6,Medium
2025-08-16T01:20:40.780873,45.5,Unknown,ForwardHead,False,,1.4,25.0,178.9,178.9,175.3,173.1,62.6,Medium
2025-08-16T01:20:40.816431,45.55,Unknown,ForwardHead,False,,1.4,25.1,179.0,178.9,175.3,173.2,62.5,Medium
2025-08-16T01:20:40.850609,45.58,Unknown,ForwardHead,False,,1.5,25.3,179.1,178.9,175.2,173.2,62.4,Medium
2025-08-16T01:20:40.886976,45.61,Unknown,ForwardHead,False,,1.5,25.4,179.2,178.9,175.1,173.3,62.4,Medium
2025-08-16T01:20:40.919395,45.64,Unknown,ForwardHead,False,,1.5,25.4,179.1,178.9,175.1,173.4,62.4,Medium
2025-08-16T01:20:40.953736,45.67,Unknown,ForwardHead,False,,1.6,25.5,178.9,178.9,175.1,173.4,62.4,Medium
2025-08-16T01:20:40.978159,45.7,Unknown,ForwardHead,False,,1.6,25.5,178.7,179.0,175.2,173.4,62.4,Medium
2025-08-16T01:20:41.011742,45.73,Unknown,ForwardHead,False,,1.6,25.6,178.4,179.1,175.2,173.4,62.3,Medium
2025-08-16T01:20:41.044723,45.77,Unknown,ForwardHead,False,,1.5,25.6,178.3,179.1,175.1,173.4,62.3,Medium
2025-08-16T01:20:41.079170,45.8,Unknown,ForwardHead,False,,1.5,25.6,178.1,179.2,175.1,173.5,62.3,Medium
2025-08-16T01:20:41.113879,45.84,Unknown,ForwardHead,False,,1.4,25.7,177.9,179.1,175.1,173.6,62.3,Medium
2025-08-16T01:20:41.148847,45.88,Unknown,ForwardHead,False,,1.4,25.7,177.8,179.2,175.0,173.7,62.3,Medium
2025-08-16T01:20:41.185955,45.91,Unknown,ForwardHead,False,,1.4,25.7,177.8,179.2,175.0,173.8,62.3,Medium
2025-08-16T01:20:41.216937,45.94,Unknown,ForwardHead,False,,1.3,25.7,177.7,179.2,175.0,173.9,62.2,Medium
2025-08-16T01:20:41.244599,45.97,Unknown,ForwardHead,False,,1.3,25.7,177.7,179.2,175.0,173.9,62.2,Medium
2025-08-16T01:20:41.275470,46.0,Unknown,ForwardHead,False,,1.3,25.8,177.7,179.2,175.0,174.0,62.1,Medium
2025-08-16T01:20:41.304023,46.03,Unknown,ForwardHead,False,,1.2,25.8,177.8,179.1,174.9,174.0,62.1,Medium
2025-08-16T01:20:41.333752,46.06,Unknown,ForwardHead,False,,1.2,25.9,177.9,179.0,175.0,174.0,62.1,Medium
2025-08-16T01:20:41.367583,46.09,Unknown,ForwardHead,False,,1.2,26.0,178.1,178.8,175.0,174.0,62.2,Medium
2025-08-16T01:20:41.395271,46.12,Unknown,ForwardHead,False,,1.2,26.1,178.3,178.7,174.9,174.1,62.2,Medium
2025-08-16T01:20:41.433895,46.16,Unknown,ForwardHead,False,,1.3,26.1,178.4,178.5,174.9,174.1,62.2,Medium
2025-08-16T01:20:41.465319,46.19,Unknown,ForwardHead,False,,1.3,26.2,178.6,178.4,174.9,174.2,62.1,Medium
2025-08-16T01:20:41.487342,46.22,Unknown,ForwardHead,False,,1.3,26.3,178.8,178.3,174.8,174.2,61.9,Medium
2025-08-16T01:20:41.533385,46.27,Unknown,ForwardHead,False,,1.3,26.3,179.1,178.2,174.8,174.2,61.8,Medium
2025-08-16T01:20:41.568746,46.3,Unknown,ForwardHead,False,,1.3,26.3,179.3,178.2,174.7,174.2,61.7,Medium
2025-08-16T01:20:41.595563,46.33,Unknown,ForwardHead,False,,1.3,26.4,179.3,178.2,174.7,174.3,61.7,Medium
2025-08-16T01:20:41.625679,46.34,Unknown,ForwardHead,False,,1.3,26.4,179.3,178.2,174.7,174.3,61.7,Medium
2025-08-16T01:20:41.661575,46.39,Unknown,ForwardHead,False,,1.3,26.5,179.1,178.3,174.7,174.4,61.7,Medium
2025-08-16T01:20:41.697172,46.42,Unknown,ForwardHead,False,,1.3,26.5,179.1,178.3,174.8,174.4,61.7,Medium
2025-08-16T01:20:41.717099,46.44,Unknown,ForwardHead,False,,1.3,26.5,179.0,178.3,174.8,174.5,61.8,Medium
2025-08-16T01:20:41.766832,46.5,Unknown,ForwardHead,False,,1.4,26.6,179.0,178.2,174.7,174.5,61.7,Medium
2025-08-16T01:20:41.803663,46.52,Unknown,ForwardHead,False,,1.4,26.6,179.0,178.1,174.7,174.5,61.7,Medium
2025-08-16T01:20:41.850460,46.58,Unknown,ForwardHead,False,,1.4,26.6,179.1,178.0,174.7,174.5,61.7,Medium
2025-08-16T01:20:41.883894,46.61,Unknown,ForwardHead,False,,1.4,26.6,179.1,178.0,174.7,174.5,61.6,Medium
2025-08-16T01:20:41.922479,46.64,Unknown,ForwardHead,False,,1.4,26.6,179.2,178.0,174.6,174.5,61.6,Medium
2025-08-16T01:20:41.952761,46.67,Unknown,ForwardHead,False,,1.4,26.7,179.3,177.8,174.6,174.5,61.6,Medium
2025-08-16T01:20:41.983411,46.7,Unknown,ForwardHead,False,,1.4,26.7,179.4,177.8,174.6,174.5,61.6,Medium
2025-08-16T01:20:42.008690,46.73,Unknown,ForwardHead,False,,1.4,26.7,179.4,177.8,174.6,174.5,61.6,Medium
2025-08-16T01:20:42.042236,46.77,Unknown,ForwardHead,False,,1.4,26.7,179.2,177.9,174.6,174.4,61.7,Medium
2025-08-16T01:20:42.070293,46.8,Unknown,ForwardHead,False,,1.5,26.8,179.2,177.9,174.7,174.4,61.7,Medium
2025-08-16T01:20:42.100330,46.83,Unknown,ForwardHead,False,,1.5,26.8,179.1,177.9,174.7,174.4,61.7,Medium
2025-08-16T01:20:42.133600,46.86,Unknown,ForwardHead,False,,1.5,26.9,179.1,178.0,174.7,174.4,61.7,Medium
2025-08-16T01:20:42.171725,46.89,Unknown,ForwardHead,False,,1.5,26.9,179.1,178.0,174.7,174.4,61.7,Medium
2025-08-16T01:20:42.193757,46.92,Unknown,ForwardHead,False,,1.5,26.9,179.1,178.1,174.7,174.4,61.7,Medium
2025-08-16T01:20:42.227365,46.95,Unknown,ForwardHead,False,,1.5,26.9,179.1,178.1,174.6,174.4,61.7,Medium
2025-08-16T01:20:42.263845,46.98,Unknown,ForwardHead,False,,1.5,27.0,179.3,178.0,174.5,174.6,61.7,Medium
2025-08-16T01:20:42.296095,47.02,Unknown,ForwardHead,False,,1.5,27.0,179.4,178.0,174.5,174.6,61.7,Medium
2025-08-16T01:20:42.330872,47.06,Unknown,ForwardHead,False,,1.5,27.0,179.5,178.1,174.4,174.6,61.6,Medium
