timestamp,t_sec,body_state,upper_body,lower_visible,lean_side,trunk_deg,neck_deg,knee_L,knee_R,hip_L,hip_R,overall_quality_score,risk_level
2025-08-18T21:14:39.771859,1.03,Unknown,Neutral,False,,7.3,0.2,179.2,179.3,177.5,170.9,58.8,High
2025-08-18T21:14:39.829564,1.09,Unknown,Neutral,False,,7.1,0.2,179.3,179.4,177.4,171.0,58.7,High
2025-08-18T21:14:39.899392,1.16,Unknown,Neutral,False,,7.0,0.2,179.4,179.6,177.2,171.0,58.6,High
2025-08-18T21:14:40.010320,1.27,Unknown,Neutral,False,,6.8,0.2,179.5,179.5,177.1,171.1,58.6,High
2025-08-18T21:14:40.085895,1.34,Unknown,Neutral,False,,6.7,0.1,179.6,179.4,177.0,171.2,58.4,High
2025-08-18T21:14:40.147757,1.41,Unknown,Neutral,False,,6.6,0.1,179.7,179.4,177.0,171.2,58.4,High
2025-08-18T21:14:40.212936,1.47,Unknown,Neutral,False,,6.6,0.1,179.7,179.4,176.8,171.4,58.4,High
2025-08-18T21:14:40.272591,1.53,Unknown,Neutral,False,,6.6,0.1,179.7,179.3,176.7,171.7,58.5,High
2025-08-18T21:14:40.335160,1.59,Unknown,Neutral,False,,6.6,0.1,179.7,179.2,176.5,171.9,58.5,High
2025-08-18T21:14:40.409641,1.67,Unknown,Neutral,False,,6.6,0.1,179.7,179.2,176.3,172.1,58.6,High
2025-08-18T21:14:40.464326,1.72,Unknown,Neutral,False,,6.5,0.1,179.8,179.0,176.3,172.1,58.6,High
2025-08-18T21:14:40.541013,1.8,Unknown,Neutral,False,,6.5,0.1,179.8,178.9,176.3,172.1,58.5,High
2025-08-18T21:14:40.606616,1.86,Unknown,Neutral,False,,6.4,0.1,179.8,178.8,176.4,172.0,58.4,High
2025-08-18T21:14:40.676285,1.94,Unknown,Neutral,False,,6.4,0.2,179.9,178.8,176.3,172.0,58.4,High
2025-08-18T21:14:40.762190,2.02,Unknown,Neutral,False,,6.3,0.2,179.9,178.9,176.3,172.0,58.5,High
2025-08-18T21:14:40.837678,2.09,Unknown,Neutral,False,,6.3,0.3,179.9,178.9,176.3,172.0,58.5,High
2025-08-18T21:14:40.900457,2.16,Unknown,Neutral,False,,6.2,0.3,179.9,178.9,176.2,172.0,58.5,High
2025-08-18T21:14:40.984120,2.23,Unknown,Neutral,False,,6.2,0.4,179.9,179.0,176.3,171.9,58.5,High
2025-08-18T21:14:41.058270,2.31,Unknown,Neutral,False,,6.1,0.4,179.9,179.1,176.3,171.8,58.4,High
2025-08-18T21:14:41.118481,2.38,Unknown,Neutral,False,,6.1,0.5,179.8,179.2,176.4,171.7,58.4,High
2025-08-18T21:14:41.178871,2.44,Unknown,Neutral,False,,6.1,0.5,179.8,179.2,176.4,171.6,58.4,High
2025-08-18T21:14:41.238627,2.5,Unknown,Neutral,False,,6.1,0.6,179.7,179.3,176.5,171.6,58.4,High
2025-08-18T21:14:41.316116,2.58,Unknown,Neutral,False,,6.1,0.5,179.6,179.5,176.5,171.5,58.5,High
2025-08-18T21:14:41.410183,2.66,Unknown,Neutral,False,,6.1,0.5,179.5,179.6,176.5,171.5,58.5,High
2025-08-18T21:14:41.492340,2.75,Unknown,Neutral,False,,6.2,0.5,179.5,179.6,176.6,171.4,58.5,High
2025-08-18T21:14:41.635755,2.89,Unknown,Neutral,False,,6.2,0.4,179.4,179.6,176.6,171.4,58.5,High
2025-08-18T21:14:41.970385,3.22,Unknown,Neutral,False,,6.2,0.3,179.3,179.6,176.6,171.3,58.5,High
2025-08-18T21:14:42.043138,3.3,Unknown,Neutral,False,,6.2,0.3,179.4,179.7,176.7,171.3,58.5,High
2025-08-18T21:14:42.171476,3.42,Unknown,Neutral,False,,6.3,0.2,179.4,179.8,176.7,171.2,58.5,High
2025-08-18T21:14:42.250645,3.5,Unknown,Neutral,False,,6.3,0.2,179.5,179.8,176.8,171.1,58.5,High
2025-08-18T21:14:42.309783,3.56,Unknown,Neutral,False,,6.4,0.2,179.4,179.8,176.7,171.2,58.6,High
2025-08-18T21:14:42.403352,3.66,Unknown,Neutral,False,,6.6,0.1,179.4,179.8,176.6,171.3,58.8,High
2025-08-18T21:14:42.504312,3.77,Unknown,Neutral,False,,6.7,0.1,179.4,179.9,176.6,171.3,58.9,High
2025-08-18T21:14:42.586485,3.84,Unknown,Neutral,False,,6.8,0.1,179.4,179.8,176.5,171.3,59.0,High
2025-08-18T21:14:42.826129,4.08,Unknown,Neutral,False,,6.8,0.1,179.4,179.8,176.5,171.3,59.0,High
2025-08-18T21:14:42.908517,4.16,Unknown,Neutral,False,,6.9,0.1,179.4,179.8,176.5,171.3,59.1,High
2025-08-18T21:14:43.213114,4.47,Unknown,Neutral,False,,6.9,0.2,179.4,179.8,176.5,171.3,59.1,High
2025-08-18T21:14:43.309486,4.56,Unknown,Neutral,False,,6.9,0.2,179.4,179.8,176.5,171.3,59.1,High
2025-08-18T21:14:43.365569,4.62,Unknown,Neutral,False,,6.9,0.2,179.5,179.7,176.7,171.2,59.0,High
2025-08-18T21:14:43.413108,4.67,Unknown,Neutral,False,,6.9,0.2,179.5,179.7,176.8,171.0,58.9,High
2025-08-18T21:14:43.469410,4.72,Unknown,Neutral,False,,6.9,0.1,179.6,179.7,177.0,170.9,58.8,High
2025-08-18T21:14:43.520191,4.78,Unknown,Neutral,False,,6.9,0.1,179.6,179.8,177.1,170.8,58.7,High
2025-08-18T21:14:43.566426,4.83,Unknown,Neutral,False,,6.9,0.1,179.6,179.8,177.2,170.7,58.6,High
2025-08-18T21:14:43.626755,4.88,Unknown,Neutral,False,,6.9,0.1,179.6,179.8,177.2,170.6,58.5,High
2025-08-18T21:14:43.672332,4.92,Unknown,Neutral,False,,6.9,0.1,179.6,179.9,177.3,170.5,58.5,High
2025-08-18T21:14:43.718503,4.97,Unknown,Neutral,False,,6.9,0.1,179.6,179.9,177.4,170.5,58.4,High
2025-08-18T21:14:43.775911,5.03,Unknown,Neutral,False,,6.9,0.1,179.6,179.9,177.5,170.4,58.3,High
2025-08-18T21:14:43.823383,5.08,Unknown,Neutral,False,,6.9,0.1,179.6,179.9,177.5,170.4,58.3,High
2025-08-18T21:14:43.872826,5.12,Unknown,Neutral,False,,6.9,0.1,179.6,179.9,177.6,170.4,58.2,High
2025-08-18T21:14:43.931513,5.19,Unknown,Neutral,False,,6.9,0.1,179.5,179.8,177.5,170.5,58.3,High
2025-08-18T21:14:43.991738,5.25,Unknown,Neutral,False,,6.9,0.2,179.4,179.7,177.4,170.5,58.4,High
2025-08-18T21:14:44.055429,5.31,Unknown,Neutral,False,,6.9,0.3,179.3,179.6,177.4,170.6,58.4,High
2025-08-18T21:14:44.119049,5.38,Unknown,Neutral,False,,6.9,0.4,179.3,179.6,177.3,170.7,58.5,High
2025-08-18T21:14:44.172657,5.42,Unknown,Neutral,False,,6.9,0.6,179.3,179.6,177.3,170.8,58.5,High
2025-08-18T21:14:44.220126,5.48,Unknown,Neutral,False,,6.8,0.7,179.3,179.6,177.2,170.9,58.6,High
2025-08-18T21:14:44.282371,5.55,Unknown,Neutral,False,,6.8,0.8,179.3,179.6,177.1,170.9,58.6,High
2025-08-18T21:14:44.343980,5.59,Unknown,Neutral,False,,6.8,0.8,179.3,179.7,177.1,171.0,58.7,High
2025-08-18T21:14:44.404479,5.66,Unknown,Neutral,False,,6.8,0.9,179.3,179.7,177.0,171.0,58.7,High
2025-08-18T21:14:44.464683,5.72,Unknown,Neutral,False,,6.8,0.9,179.4,179.8,177.1,171.0,58.7,High
2025-08-18T21:14:44.510827,5.77,Unknown,Neutral,False,,6.7,0.9,179.4,179.8,177.1,171.0,58.7,High
2025-08-18T21:14:44.556140,5.81,Unknown,Neutral,False,,6.7,0.9,179.4,179.8,177.1,171.0,58.7,High
2025-08-18T21:14:44.604154,5.86,Unknown,Neutral,False,,6.7,0.9,179.5,179.9,177.2,171.0,58.7,High
2025-08-18T21:14:44.650830,5.91,Unknown,Neutral,False,,6.6,0.8,179.5,179.9,177.2,171.0,58.7,High
2025-08-18T21:14:44.697118,5.95,Unknown,Neutral,False,,6.7,0.8,179.4,179.9,177.2,171.1,58.7,High
2025-08-18T21:14:44.744225,6.0,Unknown,Neutral,False,,6.7,0.8,179.4,179.9,177.3,171.2,58.7,High
2025-08-18T21:14:44.790665,6.05,Unknown,Neutral,False,,6.7,0.7,179.4,179.8,177.3,171.2,58.7,High
2025-08-18T21:14:44.837408,6.09,Unknown,Neutral,False,,6.7,0.7,179.5,179.7,177.3,171.3,58.7,High
2025-08-18T21:14:44.896286,6.16,Unknown,Neutral,False,,6.7,0.7,179.5,179.7,177.3,171.3,58.7,High
2025-08-18T21:14:44.944120,6.2,Unknown,Neutral,False,,6.7,0.6,179.5,179.6,177.4,171.3,58.7,High
2025-08-18T21:14:44.990355,6.25,Unknown,Neutral,False,,6.7,0.7,179.5,179.6,177.4,171.4,58.7,High
2025-08-18T21:14:45.032665,6.28,Unknown,Neutral,False,,6.7,0.7,179.6,179.6,177.4,171.4,58.7,High
2025-08-18T21:14:45.082546,6.34,Unknown,Neutral,False,,6.7,0.7,179.7,179.5,177.4,171.4,58.7,High
2025-08-18T21:14:45.142282,6.41,Unknown,Neutral,False,,6.6,0.7,179.7,179.5,177.4,171.4,58.6,High
2025-08-18T21:14:45.204572,6.45,Unknown,Neutral,False,,6.6,0.7,179.7,179.5,177.4,171.4,58.6,High
2025-08-18T21:14:45.263398,6.52,Unknown,Neutral,False,,6.6,0.7,179.7,179.5,177.4,171.4,58.6,High
2025-08-18T21:14:45.308639,6.56,Unknown,Neutral,False,,6.6,0.7,179.7,179.5,177.4,171.4,58.6,High
2025-08-18T21:14:45.369971,6.62,Unknown,Neutral,False,,6.6,0.7,179.7,179.6,177.3,171.4,58.6,High
2025-08-18T21:14:45.416958,6.67,Unknown,Neutral,False,,6.6,0.7,179.6,179.6,177.2,171.4,58.7,High
2025-08-18T21:14:45.479950,6.73,Unknown,Neutral,False,,6.6,0.7,179.5,179.7,177.1,171.5,58.7,High
2025-08-18T21:14:45.547143,6.8,Unknown,Neutral,False,,6.6,0.6,179.5,179.7,177.1,171.5,58.7,High
2025-08-18T21:14:45.596000,6.86,Unknown,Neutral,False,,6.6,0.6,179.5,179.8,177.1,171.4,58.7,High
2025-08-18T21:14:45.798648,7.05,Unknown,Neutral,False,,6.6,0.6,179.5,179.8,177.0,171.4,58.7,High
2025-08-18T21:14:45.861458,7.12,Unknown,Neutral,False,,6.6,0.6,179.5,179.8,177.0,171.4,58.7,High
2025-08-18T21:14:45.923175,7.19,Unknown,Neutral,False,,6.6,0.6,179.5,179.8,177.0,171.5,58.8,High
2025-08-18T21:14:45.988869,7.25,Unknown,Neutral,False,,6.6,0.6,179.5,179.7,177.0,171.5,58.9,High
2025-08-18T21:14:46.043479,7.3,Unknown,Neutral,False,,6.6,0.6,179.6,179.7,176.9,171.4,58.9,High
2025-08-18T21:14:46.087411,7.34,Unknown,Neutral,False,,6.6,0.6,179.7,179.6,176.9,171.4,59.0,High
2025-08-18T21:14:46.144724,7.41,Unknown,Neutral,False,,6.6,0.6,179.7,179.6,176.9,171.4,59.0,High
2025-08-18T21:14:46.191417,7.45,Unknown,Neutral,False,,6.6,0.6,179.7,179.6,176.8,171.5,59.0,High
2025-08-18T21:14:46.237121,7.5,Unknown,Neutral,False,,6.6,0.6,179.6,179.5,176.8,171.5,59.1,High
2025-08-18T21:14:46.287463,7.55,Unknown,Neutral,False,,6.5,0.6,179.6,179.5,176.7,171.6,59.1,High
2025-08-18T21:14:46.335257,7.59,Unknown,Neutral,False,,6.5,0.6,179.6,179.5,176.7,171.6,59.1,High
2025-08-18T21:14:46.380153,7.64,Unknown,Neutral,False,,6.5,0.6,179.6,179.5,176.7,171.6,59.1,High
2025-08-18T21:14:46.427722,7.69,Unknown,Neutral,False,,6.4,0.7,179.6,179.5,176.7,171.7,59.2,High
2025-08-18T21:14:46.475051,7.73,Unknown,Neutral,False,,6.4,0.8,179.6,179.5,176.6,171.7,59.2,High
2025-08-18T21:14:46.538026,7.8,Unknown,Neutral,False,,6.4,0.8,179.5,179.6,176.6,171.8,59.3,High
2025-08-18T21:14:46.580694,7.84,Unknown,Neutral,False,,6.4,0.9,179.5,179.6,176.7,171.8,59.3,High
2025-08-18T21:14:46.628721,7.89,Unknown,Neutral,False,,6.4,0.9,179.5,179.6,176.8,171.7,59.2,High
2025-08-18T21:14:46.670133,7.92,Unknown,Neutral,False,,6.5,0.9,179.4,179.6,177.0,171.7,59.2,High
2025-08-18T21:14:46.721744,7.98,Unknown,Neutral,False,,6.5,0.9,179.4,179.7,177.1,171.6,59.1,High
2025-08-18T21:14:46.767002,8.03,Unknown,Neutral,False,,6.6,0.9,179.3,179.7,177.2,171.5,58.9,High
2025-08-18T21:14:46.827139,8.08,Unknown,Neutral,False,,6.6,0.9,179.3,179.8,177.3,171.4,58.8,High
2025-08-18T21:14:46.872901,8.12,Unknown,Neutral,False,,6.6,0.9,179.2,179.8,177.4,171.3,58.8,High
2025-08-18T21:14:46.916751,8.17,Unknown,Neutral,False,,6.7,0.9,179.2,179.9,177.4,171.3,58.7,High
2025-08-18T21:14:46.964719,8.22,Unknown,Neutral,False,,6.6,0.9,179.2,179.9,177.4,171.3,58.7,High
2025-08-18T21:14:47.010967,8.27,Unknown,Neutral,False,,6.6,1.0,179.2,179.9,177.4,171.2,58.7,High
2025-08-18T21:14:47.057241,8.31,Unknown,Neutral,False,,6.6,1.0,179.2,179.9,177.4,171.3,58.7,High
2025-08-18T21:14:47.103251,8.36,Unknown,Neutral,False,,6.6,0.9,179.2,179.8,177.4,171.3,58.8,High
2025-08-18T21:14:47.149252,8.41,Unknown,Neutral,False,,6.5,0.8,179.4,179.8,177.3,171.4,58.8,High
2025-08-18T21:14:47.194686,8.45,Unknown,Neutral,False,,6.3,1.3,179.5,179.6,177.1,171.7,59.3,High
2025-08-18T21:14:47.240626,8.5,Unknown,Neutral,False,,6.0,1.8,179.6,179.5,176.9,172.1,59.7,High
2025-08-18T21:14:47.287742,8.55,Unknown,Neutral,False,,5.6,2.8,179.6,179.3,176.6,172.5,60.3,Medium
2025-08-18T21:14:47.330017,8.59,Unknown,Neutral,False,,5.1,4.4,179.6,179.2,176.2,173.0,61.1,Medium
2025-08-18T21:14:47.380387,8.64,Unknown,Neutral,False,,4.6,5.7,179.5,179.2,175.9,173.5,62.0,Medium
2025-08-18T21:14:47.427143,8.69,Unknown,Neutral,False,,4.0,7.1,179.6,179.3,175.4,174.0,63.1,Medium
2025-08-18T21:14:47.473308,8.73,Unknown,Neutral,False,,3.3,8.6,179.6,179.5,174.8,174.5,64.3,Medium
2025-08-18T21:14:47.521712,8.78,Unknown,Neutral,False,,2.4,10.0,179.6,179.4,174.3,174.8,64.9,Medium
2025-08-18T21:14:47.565618,8.83,Unknown,Neutral,False,,1.9,11.7,179.6,179.1,173.9,175.0,65.4,Medium
2025-08-18T21:14:47.611547,8.88,Unknown,Neutral,False,,1.5,13.2,179.6,178.8,173.7,175.0,65.9,Medium
2025-08-18T21:14:47.661624,8.92,Unknown,Neutral,False,,1.3,14.2,179.6,178.6,173.7,175.2,65.5,Medium
2025-08-18T21:14:47.706244,8.97,Unknown,RaisedShoulders,False,,1.3,15.4,179.4,178.4,173.8,175.2,63.2,Medium
2025-08-18T21:14:47.752760,9.02,Unknown,RaisedShoulders,False,,1.2,16.4,179.2,178.4,173.6,175.1,61.0,Medium
2025-08-18T21:14:47.801829,9.06,Unknown,RaisedShoulders,False,,1.1,17.5,179.0,178.3,173.9,174.9,59.2,High
2025-08-18T21:14:47.859218,9.11,Unknown,RaisedShoulders,False,,0.9,18.5,178.9,178.0,173.9,174.7,57.7,High
2025-08-18T21:14:47.906970,9.16,Unknown,RaisedShoulders,False,,0.9,19.1,178.8,177.9,173.7,174.6,55.9,High
2025-08-18T21:14:47.951175,9.2,Unknown,RaisedShoulders,False,,0.9,19.6,178.6,178.2,173.6,174.4,54.5,High
2025-08-18T21:14:47.998961,9.25,Unknown,ForwardHead,False,,1.0,20.1,178.4,178.5,173.5,174.3,53.5,High
2025-08-18T21:14:48.042927,9.3,Unknown,ForwardHead,False,,1.1,20.5,178.2,178.7,173.6,174.0,53.5,High
2025-08-18T21:14:48.089987,9.34,Unknown,ForwardHead,False,,1.2,20.4,178.0,178.7,173.8,173.7,54.7,High
2025-08-18T21:14:48.137409,9.39,Unknown,RaisedShoulders,False,,1.2,20.0,177.8,178.5,174.2,173.3,56.0,High
2025-08-18T21:14:48.321948,9.58,Unknown,Neutral,False,,1.4,19.6,178.1,178.4,174.4,173.0,57.5,High
2025-08-18T21:14:48.365373,9.62,Unknown,Neutral,False,,1.5,19.1,178.4,178.3,174.5,172.8,58.8,High
2025-08-18T21:14:48.409272,9.67,Unknown,Neutral,False,,1.6,18.7,178.4,178.2,174.8,172.6,59.6,High
2025-08-18T21:14:48.452037,9.7,Unknown,Neutral,False,,1.7,18.5,178.4,178.1,175.2,172.4,60.0,Medium
2025-08-18T21:14:48.492310,9.75,Unknown,Neutral,False,,1.7,18.5,178.2,178.1,175.6,172.2,60.0,High
2025-08-18T21:14:48.533592,9.8,Unknown,Neutral,False,,1.6,19.0,178.1,178.1,176.1,172.2,59.9,High
2025-08-18T21:14:48.599081,9.86,Unknown,Neutral,False,,1.9,19.0,178.1,178.2,176.2,172.7,60.2,Medium
2025-08-18T21:14:48.637591,9.89,Unknown,Neutral,False,,2.3,18.8,178.1,178.3,176.1,173.2,60.6,Medium
2025-08-18T21:14:48.677610,9.94,Unknown,Neutral,False,,2.4,18.7,178.2,178.5,176.2,173.8,61.3,Medium
2025-08-18T21:14:48.718813,9.97,Unknown,Neutral,False,,2.2,19.1,178.2,178.6,176.5,174.2,61.8,Medium
2025-08-18T21:14:48.759752,10.02,Unknown,Neutral,False,,2.1,19.4,178.1,178.6,176.5,174.5,62.4,Medium
2025-08-18T21:14:48.797379,10.05,Unknown,Neutral,False,,1.9,19.6,178.1,178.7,176.6,174.6,62.7,Medium
2025-08-18T21:14:48.838770,10.09,Unknown,Neutral,False,,1.7,19.8,177.9,178.6,176.8,174.5,63.0,Medium
2025-08-18T21:14:48.876622,10.12,Unknown,Neutral,False,,1.4,19.8,177.6,178.3,177.0,174.3,63.4,Medium
2025-08-18T21:14:48.917836,10.17,Unknown,Neutral,False,,1.2,19.5,177.4,177.9,177.3,174.0,64.1,Medium
2025-08-18T21:14:48.954836,10.22,Unknown,Neutral,False,,0.9,18.5,177.4,177.7,177.5,173.8,64.9,Medium
2025-08-18T21:14:48.994839,10.25,Unknown,Neutral,False,,0.7,17.4,177.2,177.8,177.7,173.6,65.6,Medium
2025-08-18T21:14:49.036515,10.3,Unknown,Neutral,False,,0.8,16.4,177.0,177.6,177.9,173.0,66.4,Medium
2025-08-18T21:14:49.076226,10.33,Unknown,Neutral,False,,0.9,15.6,175.8,177.0,178.4,171.8,66.6,Medium
2025-08-18T21:14:49.116178,10.38,Unknown,Neutral,False,,0.9,14.6,174.7,176.3,178.8,170.4,66.6,Medium
2025-08-18T21:14:49.154411,10.41,Unknown,Neutral,False,,0.8,13.7,173.8,175.5,179.1,169.1,66.4,Medium
2025-08-18T21:14:49.194003,10.45,Unknown,Neutral,False,,0.8,12.8,173.3,175.0,179.3,168.1,65.9,Medium
2025-08-18T21:14:49.232933,10.48,Unknown,Neutral,False,,0.8,11.9,172.9,174.6,179.4,167.2,65.4,Medium
2025-08-18T21:14:49.284173,10.55,Unknown,Neutral,False,,0.8,11.0,172.7,174.3,179.5,166.6,64.9,Medium
2025-08-18T21:14:49.324639,10.58,Unknown,Neutral,False,,0.9,10.1,172.5,174.4,179.6,166.3,64.3,Medium
2025-08-18T21:14:49.363341,10.62,Unknown,Neutral,False,,1.1,9.4,172.4,174.5,179.6,166.0,63.8,Medium
2025-08-18T21:14:49.402022,10.66,Unknown,Neutral,False,,1.4,8.6,172.3,174.4,179.7,166.0,63.4,Medium
2025-08-18T21:14:49.440751,10.7,Unknown,Neutral,False,,1.9,7.9,172.3,174.3,179.7,165.9,63.2,Medium
2025-08-18T21:14:49.480914,10.73,Unknown,Neutral,False,,2.2,7.4,172.3,174.2,179.7,165.9,63.1,Medium
2025-08-18T21:14:49.520257,10.78,Unknown,Neutral,False,,2.6,6.9,172.6,174.4,179.6,166.0,63.0,Medium
2025-08-18T21:14:49.560878,10.81,Unknown,Neutral,False,,2.9,6.6,173.0,174.7,179.6,166.3,62.8,Medium
2025-08-18T21:14:49.613966,10.88,Unknown,Neutral,False,,2.9,6.7,173.5,175.4,179.5,167.7,63.0,Medium
2025-08-18T21:14:49.651981,10.91,Unknown,Neutral,False,,2.8,7.0,174.4,176.1,179.3,169.1,63.7,Medium
2025-08-18T21:14:49.690652,10.95,Unknown,Neutral,False,,2.5,7.0,175.5,176.8,179.0,170.4,64.6,Medium
2025-08-18T21:14:49.731620,10.98,Unknown,Neutral,False,,2.3,6.8,176.3,177.2,178.7,171.4,65.3,Medium
2025-08-18T21:14:49.770907,11.03,Unknown,Neutral,False,,2.1,6.5,177.0,177.5,178.4,172.0,65.9,Medium
2025-08-18T21:14:49.809982,11.06,Unknown,Neutral,False,,1.9,6.2,177.5,177.7,178.2,172.5,66.4,Medium
2025-08-18T21:14:49.850369,11.11,Unknown,Neutral,False,,1.9,5.9,178.0,177.8,178.0,172.8,66.3,Medium
2025-08-18T21:14:49.893621,11.16,Unknown,Neutral,False,,2.0,5.8,178.3,178.0,177.9,173.0,66.0,Medium
2025-08-18T21:14:49.935065,11.19,Unknown,Neutral,False,,2.2,5.5,178.5,178.0,177.9,173.1,65.5,Medium
2025-08-18T21:14:49.975521,11.23,Unknown,Neutral,False,,2.3,5.4,178.6,177.9,177.8,173.1,65.1,Medium
2025-08-18T21:14:50.016141,11.27,Unknown,Neutral,False,,2.5,5.3,178.7,177.9,177.8,173.2,64.9,Medium
2025-08-18T21:14:50.055634,11.31,Unknown,Neutral,False,,2.5,5.1,178.7,178.0,177.9,173.3,64.7,Medium
2025-08-18T21:14:50.097046,11.36,Unknown,Neutral,False,,2.6,4.9,178.7,178.1,177.9,173.3,64.5,Medium
2025-08-18T21:14:50.136666,11.39,Unknown,Neutral,False,,2.6,4.8,178.7,178.2,178.0,173.3,64.4,Medium
2025-08-18T21:14:50.176533,11.44,Unknown,Neutral,False,,2.6,4.5,178.7,178.2,178.0,173.1,64.1,Medium
2025-08-18T21:14:50.217605,11.47,Unknown,Neutral,False,,2.5,4.3,178.8,178.1,178.0,173.0,63.9,Medium
2025-08-18T21:14:50.259707,11.52,Unknown,Neutral,False,,2.4,4.2,178.8,178.1,177.9,173.0,64.2,Medium
2025-08-18T21:14:50.297661,11.55,Unknown,Neutral,False,,2.2,3.9,178.6,178.0,177.8,172.9,64.8,Medium
2025-08-18T21:14:50.338639,11.59,Unknown,Neutral,False,,2.0,3.5,178.4,177.8,177.6,172.8,65.2,Medium
2025-08-18T21:14:50.379514,11.64,Unknown,Neutral,False,,1.8,3.3,178.2,177.6,177.4,172.8,65.9,Medium
2025-08-18T21:14:50.420441,11.67,Unknown,Neutral,False,,1.4,3.2,178.0,177.3,177.2,172.6,65.4,Medium
2025-08-18T21:14:50.460426,11.72,Unknown,Neutral,False,,1.1,3.2,177.7,176.9,177.1,172.5,64.4,Medium
2025-08-18T21:14:50.502497,11.77,Unknown,Neutral,False,,1.0,3.4,177.3,176.6,176.8,172.1,63.3,Medium
2025-08-18T21:14:50.541452,11.8,Unknown,RaisedShoulders,False,,1.0,3.7,176.9,176.1,176.5,171.6,62.1,Medium
2025-08-18T21:14:50.582210,11.84,Unknown,RaisedShoulders,False,,1.1,3.9,176.5,175.5,176.3,170.9,61.1,Medium
2025-08-18T21:14:50.620603,11.88,Unknown,RaisedShoulders,False,,1.1,4.4,176.0,175.1,176.2,170.4,60.0,High
2025-08-18T21:14:50.666522,11.92,Unknown,RaisedShoulders,False,,1.1,4.8,175.8,174.8,175.9,169.9,59.1,High
2025-08-18T21:14:50.712257,11.97,Unknown,RaisedShoulders,False,,1.0,5.4,175.5,174.5,175.2,169.2,58.3,High
2025-08-18T21:14:50.757334,12.02,Unknown,RaisedShoulders,False,,0.9,6.0,175.6,174.5,174.2,168.5,57.8,High
2025-08-18T21:14:50.802847,12.06,Unknown,RaisedShoulders,False,,0.8,6.5,175.7,174.5,173.9,167.8,57.4,High
2025-08-18T21:14:50.846912,12.11,Unknown,RaisedShoulders,False,,0.8,6.8,175.8,174.5,173.8,167.3,57.2,High
2025-08-18T21:14:50.892847,12.16,Unknown,RaisedShoulders,False,,1.1,7.0,176.1,174.6,174.1,166.9,57.5,High
2025-08-18T21:14:50.936640,12.19,Unknown,RaisedShoulders,False,,1.3,7.1,176.6,174.7,174.3,166.7,57.3,High
2025-08-18T21:14:50.983073,12.23,Unknown,RaisedShoulders,False,,1.5,6.8,177.0,174.9,174.5,166.6,57.1,High
2025-08-18T21:14:51.025266,12.28,Unknown,RaisedShoulders,False,,1.4,6.2,177.3,174.8,174.5,166.6,57.2,High
2025-08-18T21:14:51.070333,12.33,Unknown,RaisedShoulders,False,,1.4,5.6,177.6,174.7,174.4,166.7,57.1,High
2025-08-18T21:14:51.115520,12.38,Unknown,RaisedShoulders,False,,1.5,4.8,177.6,174.6,174.7,166.5,56.9,High
2025-08-18T21:14:51.161976,12.42,Unknown,RaisedShoulders,False,,1.7,4.2,177.4,174.4,175.0,166.4,57.2,High
2025-08-18T21:14:51.205553,12.47,Unknown,RaisedShoulders,False,,1.9,3.8,177.1,174.2,175.3,166.2,57.7,High
2025-08-18T21:14:51.250860,12.5,Unknown,RaisedShoulders,False,,2.0,3.6,176.8,174.0,175.6,166.3,58.5,High
2025-08-18T21:14:51.295988,12.55,Unknown,RaisedShoulders,False,,2.1,3.4,176.7,173.9,175.6,166.5,58.9,High
2025-08-18T21:14:51.339607,12.59,Unknown,RaisedShoulders,False,,2.1,3.2,176.7,173.8,175.4,166.7,59.2,High
2025-08-18T21:14:51.383672,12.64,Unknown,RaisedShoulders,False,,2.2,3.1,176.7,173.9,175.2,167.0,59.4,High
2025-08-18T21:14:51.428773,12.69,Unknown,RaisedShoulders,False,,2.4,3.0,176.9,174.2,175.2,167.2,59.6,High
2025-08-18T21:14:51.477150,12.73,Unknown,RaisedShoulders,False,,2.6,2.9,177.2,174.7,175.0,167.6,59.8,High
2025-08-18T21:14:51.522137,12.78,Unknown,RaisedShoulders,False,,2.7,2.7,177.5,175.0,174.9,167.9,59.9,High
2025-08-18T21:14:51.567308,12.83,Unknown,RaisedShoulders,False,,2.8,2.8,177.6,175.3,174.8,168.1,59.8,High
2025-08-18T21:14:51.609462,12.86,Unknown,RaisedShoulders,False,,2.8,3.2,177.6,175.6,174.7,168.5,59.7,High
2025-08-18T21:14:51.658972,12.91,Unknown,RaisedShoulders,False,,2.6,3.8,177.6,175.9,174.6,169.0,59.6,High
2025-08-18T21:14:51.707069,12.97,Unknown,RaisedShoulders,False,,2.3,4.5,177.3,176.1,174.4,169.6,59.7,High
2025-08-18T21:14:51.752362,13.02,Unknown,RaisedShoulders,False,,2.1,6.0,177.3,176.1,173.4,170.4,59.0,High
2025-08-18T21:14:51.797138,13.05,Unknown,RaisedShoulders,False,,2.2,7.4,177.2,175.9,171.2,170.7,57.6,High
2025-08-18T21:14:51.847258,13.11,Unknown,RaisedShoulders,False,,2.4,9.3,177.9,176.0,170.0,171.0,55.3,High
2025-08-18T21:14:51.895655,13.16,Unknown,RaisedShoulders,False,,2.6,11.2,178.1,176.3,169.4,171.5,53.0,High
2025-08-18T21:14:51.943483,13.2,Unknown,RaisedShoulders,False,,2.9,12.6,178.1,176.7,168.9,172.0,51.5,High
2025-08-18T21:14:51.990448,13.25,Unknown,RaisedShoulders,False,,3.2,13.6,177.2,176.9,169.4,172.4,51.5,High
2025-08-18T21:14:52.038826,13.3,Unknown,RaisedShoulders,False,,3.3,14.8,176.8,177.6,169.9,173.2,51.7,High
2025-08-18T21:14:52.082843,13.34,Unknown,RaisedShoulders,False,,3.3,15.5,176.5,178.0,170.4,173.8,51.7,High
2025-08-18T21:14:52.126976,13.39,Unknown,RaisedShoulders,False,,3.4,15.9,177.3,177.9,170.2,174.5,52.0,High
2025-08-18T21:14:52.170584,13.42,Unknown,RaisedShoulders,False,,3.7,16.7,176.9,177.5,169.2,175.2,51.8,High
2025-08-18T21:14:52.217069,13.47,Unknown,RaisedShoulders,False,,4.3,17.1,176.4,176.7,167.9,176.0,51.8,High
2025-08-18T21:14:52.260050,13.52,Unknown,RaisedShoulders,False,,4.7,17.7,175.1,175.5,166.2,176.8,51.9,High
2025-08-18T21:14:52.305167,13.56,Unknown,RaisedShoulders,False,,5.2,18.5,173.1,174.6,164.0,177.3,51.6,High
2025-08-18T21:14:52.350439,13.61,Unknown,RaisedShoulders,False,,5.7,18.9,171.4,174.1,161.6,177.7,51.4,High
2025-08-18T21:14:52.395582,13.66,Unknown,Neutral,False,,6.2,19.6,170.0,173.4,159.5,177.8,51.4,High
2025-08-18T21:14:52.442236,13.7,Unknown,ForwardHead,False,,6.9,20.3,168.2,172.6,157.5,177.8,51.4,High
2025-08-18T21:14:52.486378,13.75,Unknown,ForwardHead,False,,7.7,20.8,166.6,171.8,155.6,177.8,51.2,High
2025-08-18T21:14:52.531148,13.78,Unknown,ForwardHead,True,,8.3,21.5,165.9,171.6,154.1,178.0,51.2,High
2025-08-18T21:14:52.577885,13.83,Unknown,ForwardHead,True,,9.0,22.3,166.5,171.6,153.1,178.1,51.3,High
2025-08-18T21:14:52.623417,13.88,Unknown,ForwardHead,False,,9.9,22.6,167.5,171.7,152.2,177.9,51.8,High
2025-08-18T21:14:52.673051,13.94,Unknown,ForwardHead,False,,10.6,23.2,168.7,171.8,151.6,177.8,51.7,High
2025-08-18T21:14:52.717358,13.97,Unknown,ForwardHead,False,,11.2,23.7,169.9,170.2,151.2,176.9,52.4,High
2025-08-18T21:14:52.759994,14.02,Unknown,ForwardHead,False,,11.6,24.0,171.1,169.3,151.1,176.7,51.9,High
2025-08-18T21:14:52.805220,14.06,Unknown,ForwardHead,False,,11.8,24.0,172.8,169.2,151.5,176.8,51.6,High
2025-08-18T21:14:52.851242,14.11,Unknown,ForwardHead,False,,11.9,23.7,174.2,169.2,152.1,177.1,51.5,High
2025-08-18T21:14:52.899361,14.16,Unknown,ForwardHead,False,,11.9,23.4,175.3,169.6,152.6,177.6,51.6,High
2025-08-18T21:14:52.945623,14.2,Unknown,ForwardHead,False,,11.3,22.4,176.1,172.0,154.2,177.7,53.2,High
2025-08-18T21:14:52.991115,14.25,Unknown,ForwardHead,True,,10.6,21.3,177.0,173.6,156.2,177.9,54.6,High
2025-08-18T21:14:53.033681,14.3,Unknown,ForwardHead,True,,9.8,20.1,177.7,175.2,158.1,177.6,56.2,High
2025-08-18T21:14:53.081497,14.34,Unknown,Neutral,True,,9.1,19.1,178.1,176.3,159.9,177.3,57.4,High
2025-08-18T21:14:53.125725,14.38,Standing,Neutral,True,,8.4,18.3,178.0,176.5,161.2,177.1,58.5,High
2025-08-18T21:14:53.167063,14.42,Standing,Neutral,True,,7.8,17.5,177.6,177.3,162.0,176.9,59.7,High
2025-08-18T21:14:53.211995,14.47,Standing,Neutral,True,,7.3,17.0,176.9,177.7,162.5,176.4,60.3,Medium
2025-08-18T21:14:53.255504,14.52,Standing,Neutral,True,,6.9,16.5,176.7,177.9,162.9,176.3,60.8,Medium
2025-08-18T21:14:53.294695,14.55,Standing,Neutral,True,,6.7,16.0,177.0,177.8,163.5,176.3,61.4,Medium
2025-08-18T21:14:53.335732,14.59,Standing,Neutral,True,,6.5,15.2,177.6,177.6,164.6,176.1,62.4,Medium
2025-08-18T21:14:53.376717,14.64,Standing,Neutral,True,,6.3,14.7,178.2,177.5,165.6,175.8,62.5,Medium
2025-08-18T21:14:53.417592,14.67,Standing,Neutral,True,,6.1,14.4,178.3,177.2,166.7,175.4,62.8,Medium
2025-08-18T21:14:53.461203,14.72,Standing,Neutral,True,,6.1,14.3,178.3,177.1,167.7,175.1,62.9,Medium
2025-08-18T21:14:53.502234,14.77,Standing,Neutral,True,,6.1,14.3,178.3,177.2,168.4,175.2,62.9,Medium
2025-08-18T21:14:53.542620,14.8,Standing,Neutral,True,,6.2,14.4,178.3,177.7,168.8,175.5,62.6,Medium
2025-08-18T21:14:53.584909,14.84,Standing,Neutral,True,,6.3,14.9,178.4,178.1,168.9,175.9,62.1,Medium
2025-08-18T21:14:53.627835,14.89,Standing,Neutral,True,,6.5,15.7,178.1,178.4,169.1,176.4,60.7,Medium
2025-08-18T21:14:53.669233,14.92,Standing,Neutral,True,,6.6,16.8,177.9,178.4,169.1,176.9,58.8,High
2025-08-18T21:14:53.716434,14.97,Standing,Neutral,True,,6.8,18.1,178.1,178.3,168.9,177.4,56.9,High
2025-08-18T21:14:53.761634,15.02,Standing,Neutral,True,,7.0,19.0,177.9,178.2,168.1,177.9,54.9,High
2025-08-18T21:14:53.807434,15.06,Standing,RaisedShoulders,True,,7.2,19.8,177.7,178.1,167.2,178.4,53.0,High
2025-08-18T21:14:53.852873,15.11,Standing,ForwardHead,True,,7.5,20.8,176.3,178.5,165.7,178.7,50.0,High
2025-08-18T21:14:53.897500,15.16,Standing,ForwardHead,True,,7.7,21.9,174.6,178.8,164.1,178.9,47.5,High
2025-08-18T21:14:53.943575,15.2,Standing,ForwardHead,True,,7.7,23.2,171.7,178.7,162.0,179.1,46.3,High
2025-08-18T21:14:53.990060,15.25,Standing,ForwardHead,True,,7.7,24.5,170.3,178.2,160.9,179.2,45.2,High
2025-08-18T21:14:54.035611,15.3,Standing,ForwardHead,True,,7.8,26.0,169.1,177.7,160.3,179.2,44.2,High
2025-08-18T21:14:54.085350,15.34,Unknown,ForwardHead,True,,7.9,27.2,167.7,178.1,159.9,179.1,43.4,High
2025-08-18T21:14:54.130741,15.39,Unknown,ForwardHead,True,,8.3,27.8,167.7,177.8,159.9,178.9,42.9,High
2025-08-18T21:14:54.178272,15.44,Standing,ForwardHead,True,,8.9,28.0,170.2,177.3,160.6,178.3,42.7,High
2025-08-18T21:14:54.225269,15.48,Standing,ForwardHead,True,,9.5,28.1,171.5,171.5,160.7,177.7,42.9,High
2025-08-18T21:14:54.273365,15.53,Standing,ForwardHead,True,,10.2,28.0,172.6,164.9,160.6,178.2,43.0,High
2025-08-18T21:14:54.320954,15.58,Standing,ForwardHead,True,,10.7,28.2,173.7,161.9,160.5,177.6,43.0,High
2025-08-18T21:14:54.367040,15.62,Unknown,ForwardHead,True,,10.9,28.6,173.9,156.5,160.5,177.3,42.9,High
2025-08-18T21:14:54.415530,15.67,Unknown,ForwardHead,True,,11.2,29.1,173.4,155.2,160.0,177.4,43.0,High
2025-08-18T21:14:54.461263,15.72,Unknown,ForwardHead,True,,11.7,29.4,169.5,156.2,161.5,178.0,42.9,High
2025-08-18T21:14:54.507899,15.77,Unknown,ForwardHead,True,,12.0,29.2,164.3,155.7,164.3,177.8,43.0,High
2025-08-18T21:14:54.556901,15.81,Unknown,ForwardHead,True,,12.1,29.1,163.0,156.2,165.2,177.4,42.9,High
2025-08-18T21:14:54.603963,15.86,Unknown,ForwardHead,True,,12.1,29.3,162.8,156.5,165.5,177.0,42.8,High
2025-08-18T21:14:54.651809,15.91,Unknown,ForwardHead,True,,12.2,29.5,159.6,157.4,167.9,177.5,43.4,High
2025-08-18T21:14:54.695849,15.95,Unknown,ForwardHead,True,,12.3,29.6,156.5,158.3,170.3,177.9,43.9,High
2025-08-18T21:14:54.744628,16.0,Unknown,ForwardHead,True,,12.1,30.2,152.8,156.8,172.5,177.6,43.7,High
2025-08-18T21:14:54.796162,16.05,Unknown,ForwardHead,True,,12.0,30.8,157.3,154.4,169.3,177.9,42.8,High
2025-08-18T21:14:54.844486,16.09,Unknown,ForwardHead,True,,11.8,30.4,148.8,157.6,157.8,176.5,41.9,High
2025-08-18T21:14:54.892385,16.16,Unknown,ForwardHead,True,,10.8,31.3,136.7,161.3,145.6,174.1,43.3,High
2025-08-18T21:14:54.939050,16.2,Unknown,ForwardHead,True,,9.7,31.4,144.5,165.0,148.4,175.2,42.1,High
2025-08-18T21:14:54.985450,16.25,Unknown,ForwardHead,False,,8.6,31.3,152.5,167.7,153.2,175.7,42.0,High
2025-08-18T21:14:55.032213,16.28,Unknown,ForwardHead,False,,8.1,31.4,159.2,170.0,156.7,176.2,42.0,High
2025-08-18T21:14:55.078494,16.33,Unknown,ForwardHead,False,,7.6,31.3,164.2,171.8,159.3,176.5,42.1,High
2025-08-18T21:14:55.127653,16.39,Unknown,ForwardHead,False,,7.5,31.3,167.8,173.7,160.8,176.9,42.0,High
2025-08-18T21:14:55.173639,16.44,Unknown,ForwardHead,False,,7.3,31.3,170.6,175.2,161.9,177.0,41.9,High
2025-08-18T21:14:55.219108,16.47,Unknown,ForwardHead,False,,7.2,31.1,172.7,176.2,162.4,177.1,42.7,High
2025-08-18T21:14:55.267716,16.53,Unknown,ForwardHead,False,,7.1,30.8,174.3,176.6,162.7,177.4,42.3,High
2025-08-18T21:14:55.311834,16.56,Unknown,ForwardHead,False,,7.0,30.5,174.4,176.8,161.9,178.0,43.1,High
2025-08-18T21:14:55.358436,16.61,Unknown,ForwardHead,False,,6.9,30.2,175.0,176.9,161.7,178.1,44.1,High
2025-08-18T21:14:55.404837,16.66,Unknown,ForwardHead,False,,7.0,29.8,176.2,177.0,161.8,178.1,45.6,High
2025-08-18T21:14:55.450383,16.7,Unknown,ForwardHead,False,,7.0,29.8,176.2,176.9,162.4,177.3,47.4,High
2025-08-18T21:14:55.494957,16.75,Unknown,ForwardHead,False,,7.2,29.7,176.2,175.8,161.6,176.5,46.5,High
2025-08-18T21:14:55.541827,16.8,Unknown,ForwardHead,False,,7.9,29.4,174.7,174.7,159.7,175.5,44.5,High
2025-08-18T21:14:55.587585,16.84,Unknown,ForwardHead,False,,8.3,28.5,173.9,174.0,160.4,174.5,44.2,High
2025-08-18T21:14:55.640877,16.89,Unknown,ForwardHead,False,,8.3,27.5,172.9,172.9,160.4,172.8,44.5,High
2025-08-18T21:14:55.689860,16.95,Unknown,ForwardHead,False,,8.5,27.0,171.8,171.6,160.3,171.1,44.6,High
2025-08-18T21:14:55.735897,16.98,Unknown,ForwardHead,False,,8.6,26.7,170.2,169.6,160.2,168.6,44.9,High
2025-08-18T21:14:55.781248,17.03,Unknown,ForwardHead,False,,8.5,26.1,169.0,170.7,160.5,168.1,44.6,High
2025-08-18T21:14:55.827166,17.08,Unknown,ForwardHead,False,,8.4,25.0,171.7,172.6,161.8,170.4,44.9,High
2025-08-18T21:14:55.879559,17.14,Unknown,ForwardHead,False,,8.3,23.6,173.7,173.5,163.0,172.5,46.2,High
2025-08-18T21:14:55.926439,17.19,Unknown,ForwardHead,False,,8.2,22.0,174.1,173.4,163.5,174.0,47.0,High
2025-08-18T21:14:55.970265,17.23,Unknown,ForwardHead,False,,7.9,20.8,175.0,173.7,164.6,175.3,47.9,High
2025-08-18T21:14:56.016105,17.27,Unknown,RaisedShoulders,False,,7.4,19.9,176.1,173.9,165.7,176.1,49.1,High
2025-08-18T21:14:56.058850,17.31,Unknown,RaisedShoulders,False,,6.7,19.2,176.4,173.1,166.6,176.9,50.3,High
2025-08-18T21:14:56.100786,17.36,Unknown,RaisedShoulders,False,,6.3,18.6,176.9,173.2,167.3,177.6,51.3,High
2025-08-18T21:14:56.146226,17.41,Unknown,RaisedShoulders,False,,5.9,18.2,176.3,173.5,167.3,178.2,52.9,High
2025-08-18T21:14:56.192313,17.45,Unknown,Neutral,False,,5.4,17.9,175.8,173.9,167.8,178.4,55.0,High
2025-08-18T21:14:56.242063,17.5,Unknown,Neutral,False,,4.9,17.6,175.5,174.3,168.1,178.3,56.9,High
2025-08-18T21:14:56.283945,17.55,Unknown,Neutral,False,,4.4,17.3,176.1,175.0,169.3,178.0,58.7,High
2025-08-18T21:14:56.323591,17.58,Unknown,Neutral,False,,3.9,17.0,176.7,176.2,170.8,177.7,60.7,Medium
2025-08-18T21:14:56.372405,17.62,Unknown,Neutral,False,,3.6,16.8,176.9,177.0,172.0,177.5,62.4,Medium
2025-08-18T21:14:56.413649,17.67,Unknown,Neutral,False,,3.4,16.7,176.9,177.6,172.6,177.1,63.0,Medium
2025-08-18T21:14:56.450879,17.7,Unknown,Neutral,False,,3.3,16.4,176.8,178.2,173.2,176.8,63.5,Medium
2025-08-18T21:14:56.491690,17.75,Standing,Neutral,True,,3.2,16.1,176.6,178.6,173.7,176.6,63.9,Medium
2025-08-18T21:14:56.532249,17.78,Standing,Neutral,True,,3.0,15.7,176.8,178.9,173.8,176.1,64.4,Medium
2025-08-18T21:14:56.574075,17.83,Standing,Neutral,True,,2.7,15.0,176.9,179.1,174.0,175.7,65.1,Medium
2025-08-18T21:14:56.615168,17.88,Standing,Neutral,True,,2.5,14.3,176.9,179.2,174.1,175.4,65.5,Medium
2025-08-18T21:14:56.656217,17.91,Standing,Neutral,True,,2.3,13.9,177.0,179.4,174.2,175.2,65.9,Medium
2025-08-18T21:14:56.699420,17.95,Standing,Neutral,True,,1.9,13.9,177.0,179.4,174.3,174.8,66.4,Medium
2025-08-18T21:14:56.740432,18.0,Standing,Neutral,True,,1.6,13.5,177.0,179.5,174.5,174.3,66.8,Medium
2025-08-18T21:14:56.780783,18.03,Standing,Neutral,True,,1.5,12.9,176.8,179.5,174.4,174.4,67.0,Medium
2025-08-18T21:14:56.823934,18.08,Standing,Neutral,True,,1.4,12.2,176.9,179.6,174.1,174.7,67.2,Medium
2025-08-18T21:14:56.865193,18.12,Standing,Neutral,True,,1.4,11.4,177.1,179.6,173.8,175.1,67.4,Medium
2025-08-18T21:14:56.906000,18.16,Standing,Neutral,True,,1.5,11.1,177.6,179.4,173.3,175.6,67.4,Medium
2025-08-18T21:14:56.946190,18.2,Standing,Neutral,True,,1.7,10.8,178.1,179.0,172.6,176.3,67.3,Medium
2025-08-18T21:14:56.987637,18.25,Standing,Neutral,True,,1.9,10.3,178.5,179.3,172.1,176.6,67.0,Medium
2025-08-18T21:14:57.027015,18.28,Standing,Neutral,True,,2.0,10.0,178.8,179.4,171.7,177.0,66.7,Medium
2025-08-18T21:14:57.073429,18.33,Standing,Neutral,True,,2.5,9.9,178.9,179.5,171.2,177.6,66.0,Medium
2025-08-18T21:14:57.111761,18.38,Standing,Neutral,True,,3.3,9.9,178.7,179.4,170.4,177.8,65.3,Medium
2025-08-18T21:14:57.173996,18.44,Standing,Neutral,True,,3.7,10.1,178.3,179.5,170.1,178.3,64.6,Medium
2025-08-18T21:14:57.224881,18.48,Standing,Neutral,True,,3.7,10.3,177.9,179.6,170.2,178.2,64.5,Medium
2025-08-18T21:14:57.266983,18.53,Standing,Neutral,True,,3.8,10.4,177.5,179.6,170.4,178.0,64.5,Medium
2025-08-18T21:14:57.310487,18.56,Standing,Neutral,True,,3.5,10.9,177.5,179.6,170.4,177.7,64.7,Medium
2025-08-18T21:14:57.353683,18.61,Standing,Neutral,True,,3.1,11.2,177.3,179.6,170.7,176.9,65.3,Medium
2025-08-18T21:14:57.393847,18.66,Standing,Neutral,True,,2.8,11.5,177.0,179.6,170.7,176.2,65.7,Medium
2025-08-18T21:14:57.434087,18.69,Standing,Neutral,True,,2.4,11.6,177.1,179.6,170.6,175.8,66.0,Medium
2025-08-18T21:14:57.477244,18.73,Standing,Neutral,True,,2.1,11.7,177.4,179.7,170.4,175.4,66.2,Medium
2025-08-18T21:14:57.517005,18.77,Standing,Neutral,True,,1.8,11.8,177.7,179.7,170.1,175.2,66.3,Medium
2025-08-18T21:14:57.558396,18.81,Standing,Neutral,True,,1.4,11.8,177.8,179.7,170.1,174.8,66.6,Medium
2025-08-18T21:14:57.599426,18.86,Standing,Neutral,True,,1.1,11.6,177.8,179.6,170.3,174.5,67.0,Medium
2025-08-18T21:14:57.640268,18.89,Standing,Neutral,True,,0.9,11.2,178.0,179.4,170.3,174.3,67.4,Medium
2025-08-18T21:14:57.681731,18.94,Standing,Neutral,True,,0.9,10.4,178.1,179.1,170.5,174.1,67.8,Medium
2025-08-18T21:14:57.722953,18.98,Standing,Neutral,True,,0.8,9.9,178.2,179.0,170.7,173.9,68.0,Medium
2025-08-18T21:14:57.762397,19.02,Standing,Neutral,True,,0.8,9.5,178.3,179.0,171.0,173.7,68.2,Medium
2025-08-18T21:14:57.804787,19.06,Standing,Neutral,True,,0.8,9.2,178.4,178.8,171.1,173.5,68.5,Medium
2025-08-18T21:14:57.848223,19.11,Standing,Neutral,True,,0.9,8.8,178.6,178.5,171.3,173.4,68.6,Medium
2025-08-18T21:14:57.886283,19.14,Standing,Neutral,True,,1.0,8.5,178.7,178.3,171.4,173.3,68.6,Medium
2025-08-18T21:14:57.926036,19.19,Standing,Neutral,True,,1.0,8.1,178.6,178.2,171.8,173.3,68.7,Medium
2025-08-18T21:14:57.962504,19.22,Standing,Neutral,True,,1.1,7.5,178.4,178.5,172.0,173.7,68.8,Medium
2025-08-18T21:14:57.999475,19.25,Standing,Neutral,True,,1.1,7.0,178.3,178.5,172.1,174.2,68.6,Medium
2025-08-18T21:14:58.036281,19.3,Standing,Neutral,True,,1.2,6.4,178.0,178.7,172.3,174.5,68.5,Medium
2025-08-18T21:14:58.073221,19.33,Standing,Neutral,True,,1.4,5.6,177.8,178.7,172.4,174.8,68.3,Medium
2025-08-18T21:14:58.111198,19.38,Standing,Neutral,True,,1.5,4.9,177.6,178.7,172.5,175.1,68.1,Medium
2025-08-18T21:14:58.152296,19.41,Standing,Neutral,True,,1.7,4.1,177.4,178.8,172.5,175.3,67.9,Medium
2025-08-18T21:14:58.193703,19.45,Standing,Neutral,True,,1.8,3.5,177.4,178.6,172.5,175.7,67.8,Medium
2025-08-18T21:14:58.234200,19.48,Standing,Neutral,True,,1.9,3.1,177.3,178.5,172.6,175.9,67.6,Medium
2025-08-18T21:14:58.279096,19.53,Standing,Neutral,True,,2.0,3.0,177.2,178.5,172.8,176.1,67.4,Medium
2025-08-18T21:14:58.326198,19.58,Standing,Neutral,True,,2.1,3.0,177.1,178.7,172.9,176.2,67.1,Medium
2025-08-18T21:14:58.363264,19.62,Standing,Neutral,True,,2.2,2.9,177.0,179.0,172.9,176.3,66.9,Medium
2025-08-18T21:14:58.396682,19.66,Standing,Neutral,True,,2.3,2.7,176.9,179.1,172.9,176.4,66.7,Medium
2025-08-18T21:14:58.440577,19.7,Standing,Neutral,True,,2.5,2.7,176.9,179.1,172.8,176.4,66.5,Medium
2025-08-18T21:14:58.475535,19.73,Standing,Neutral,True,,2.6,2.8,176.9,179.1,172.8,176.4,66.4,Medium
2025-08-18T21:14:58.517683,19.78,Standing,Neutral,True,,2.6,3.1,176.9,179.0,172.8,176.3,66.4,Medium
2025-08-18T21:14:58.552865,19.81,Standing,Neutral,True,,2.8,3.5,176.9,178.8,172.7,176.3,66.4,Medium
2025-08-18T21:14:58.591322,19.84,Standing,Neutral,True,,2.9,3.7,176.8,178.7,172.7,176.3,66.4,Medium
2025-08-18T21:14:58.633185,19.89,Standing,Neutral,True,,3.0,3.9,176.7,178.6,172.7,176.2,66.3,Medium
2025-08-18T21:14:58.673300,19.94,Standing,Neutral,True,,3.2,4.5,176.7,178.4,172.6,176.2,66.3,Medium
2025-08-18T21:14:58.712738,19.97,Standing,Neutral,True,,3.3,5.0,176.6,178.1,172.6,176.1,66.2,Medium
2025-08-18T21:14:58.752333,20.02,Standing,Neutral,True,,3.5,5.5,176.6,178.1,172.4,176.3,65.9,Medium
2025-08-18T21:14:58.789660,20.05,Standing,Neutral,True,,3.7,6.1,176.7,178.1,172.2,176.5,65.6,Medium
2025-08-18T21:14:58.826565,20.08,Standing,Neutral,True,,3.9,6.8,176.9,178.2,171.8,177.0,64.9,Medium
2025-08-18T21:14:58.871182,20.12,Standing,Neutral,True,,4.3,7.4,177.1,178.6,171.2,177.6,64.0,Medium
2025-08-18T21:14:58.917534,20.17,Standing,Neutral,True,,4.6,8.0,177.5,178.9,170.6,178.0,63.3,Medium
2025-08-18T21:14:58.959164,20.22,Standing,Neutral,True,,4.8,8.4,178.0,179.1,170.0,178.3,62.8,Medium
2025-08-18T21:14:58.996671,20.25,Standing,Neutral,True,,4.9,9.1,178.3,179.1,169.4,178.6,62.5,Medium
2025-08-18T21:14:59.037884,20.3,Standing,Neutral,True,,4.7,9.8,178.3,179.2,169.3,178.6,62.6,Medium
2025-08-18T21:14:59.081351,20.34,Standing,Neutral,True,,4.6,10.4,178.2,179.2,169.2,178.4,62.8,Medium
2025-08-18T21:14:59.121459,20.38,Standing,Neutral,True,,4.3,10.7,178.2,179.3,169.3,178.1,63.2,Medium
2025-08-18T21:14:59.163125,20.42,Standing,Neutral,True,,4.1,11.1,178.0,179.2,169.1,178.1,63.4,Medium
2025-08-18T21:14:59.206061,20.47,Standing,Neutral,True,,3.9,11.3,178.0,179.2,168.8,178.2,63.4,Medium
2025-08-18T21:14:59.248017,20.5,Standing,Neutral,True,,3.9,11.4,177.8,179.2,168.5,178.5,63.5,Medium
2025-08-18T21:14:59.288445,20.55,Standing,Neutral,True,,3.8,11.4,177.8,179.3,168.3,178.8,63.5,Medium
2025-08-18T21:14:59.330183,20.59,Standing,Neutral,True,,3.5,11.8,177.2,178.1,167.2,178.4,63.8,Medium
2025-08-18T21:14:59.373464,20.62,Standing,Neutral,True,,2.9,12.4,176.6,177.1,166.6,178.7,64.0,Medium
2025-08-18T21:14:59.431159,20.69,Standing,Neutral,True,,2.4,12.6,176.5,176.9,166.6,178.8,64.3,Medium
2025-08-18T21:14:59.474014,20.73,Standing,Neutral,True,,2.0,12.7,176.3,176.9,166.8,178.7,64.7,Medium
2025-08-18T21:14:59.516098,20.77,Standing,Neutral,True,,1.8,12.6,176.7,176.9,167.2,178.7,65.1,Medium
2025-08-18T21:14:59.554886,20.81,Standing,Neutral,True,,1.7,12.7,177.1,177.1,167.5,178.6,65.4,Medium
2025-08-18T21:14:59.594162,20.84,Standing,Neutral,True,,1.5,12.9,177.7,177.4,167.9,178.3,65.6,Medium
2025-08-18T21:14:59.631285,20.89,Standing,Neutral,True,,1.4,13.8,178.1,177.9,168.1,178.0,65.7,Medium
2025-08-18T21:14:59.671845,20.92,Standing,Neutral,True,,1.3,14.4,178.5,178.4,168.2,177.5,65.9,Medium
2025-08-18T21:14:59.712633,20.97,Standing,Neutral,True,,1.2,14.7,178.7,178.8,168.2,177.2,66.0,Medium
2025-08-18T21:14:59.754740,21.02,Standing,Neutral,True,,1.4,15.1,178.7,178.6,168.1,177.0,65.9,Medium
2025-08-18T21:14:59.796633,21.05,Standing,Neutral,True,,1.3,15.2,178.9,178.9,168.4,176.4,66.2,Medium
2025-08-18T21:14:59.840560,21.09,Standing,Neutral,True,,1.4,15.2,179.1,179.1,168.6,175.9,66.5,Medium
2025-08-18T21:14:59.882583,21.14,Standing,Neutral,True,,1.3,15.3,179.2,179.3,169.2,175.3,66.8,Medium
2025-08-18T21:14:59.927211,21.19,Standing,Neutral,True,,1.2,15.5,179.3,179.3,169.7,174.6,67.2,Medium
2025-08-18T21:14:59.969782,21.22,Standing,Neutral,True,,1.1,15.7,179.4,179.4,170.0,174.0,67.5,Medium
2025-08-18T21:15:00.010732,21.27,Standing,Neutral,True,,1.1,15.9,179.5,179.4,170.2,173.6,67.7,Medium
2025-08-18T21:15:00.053086,21.31,Unknown,Neutral,False,,1.1,16.1,179.5,179.5,170.4,173.2,68.0,Medium
2025-08-18T21:15:00.092576,21.34,Unknown,Neutral,False,,1.1,16.2,179.4,179.4,170.6,173.0,68.2,Medium
2025-08-18T21:15:00.129227,21.39,Unknown,Neutral,False,,1.1,16.3,179.5,179.5,170.8,172.8,68.3,Medium
2025-08-18T21:15:00.165713,21.42,Unknown,Neutral,False,,1.2,16.3,179.6,179.6,171.0,172.8,68.4,Medium
2025-08-18T21:15:00.203146,21.45,Unknown,Neutral,False,,1.3,16.4,179.6,179.7,171.2,172.8,68.4,Medium
2025-08-18T21:15:00.241483,21.5,Unknown,Neutral,False,,1.4,16.4,179.6,179.7,171.4,172.9,68.5,Medium
2025-08-18T21:15:00.284125,21.55,Unknown,Neutral,False,,1.5,16.5,179.6,179.7,171.4,172.9,68.5,Medium
2025-08-18T21:15:00.325935,21.58,Unknown,Neutral,False,,1.7,16.5,179.7,179.4,171.2,172.8,68.3,Medium
2025-08-18T21:15:00.367507,21.62,Unknown,Neutral,False,,1.8,16.6,179.7,179.1,171.0,172.7,68.0,Medium
2025-08-18T21:15:00.406933,21.66,Unknown,Neutral,False,,1.9,16.7,179.8,178.8,170.7,172.6,67.7,Medium
2025-08-18T21:15:00.448705,21.7,Unknown,Neutral,False,,1.8,16.8,179.8,178.5,170.6,172.4,67.5,Medium
2025-08-18T21:15:00.517789,21.78,Unknown,Neutral,False,,1.8,17.1,179.8,178.2,170.7,172.1,67.3,Medium
2025-08-18T21:15:00.558305,21.81,Unknown,Neutral,False,,1.7,17.4,179.7,177.9,170.9,171.9,67.1,Medium
2025-08-18T21:15:00.599590,21.86,Unknown,Neutral,False,,1.6,17.7,179.6,177.6,171.1,171.7,67.0,Medium
2025-08-18T21:15:00.640479,21.89,Unknown,Neutral,False,,1.6,17.9,179.1,177.2,171.5,171.6,67.0,Medium
2025-08-18T21:15:00.680799,21.94,Unknown,Neutral,False,,1.6,18.0,178.5,176.9,171.9,171.5,66.9,Medium
2025-08-18T21:15:00.719807,21.98,Unknown,Neutral,False,,1.6,17.5,177.7,176.4,172.3,171.6,67.0,Medium
2025-08-18T21:15:00.759036,22.02,Unknown,Neutral,False,,1.5,16.0,177.2,176.4,172.8,172.0,67.9,Medium
2025-08-18T21:15:00.798838,22.06,Unknown,Neutral,False,,1.3,14.5,176.7,176.5,173.3,172.4,68.5,Medium
2025-08-18T21:15:00.839977,22.09,Unknown,Neutral,False,,1.1,13.7,176.3,176.7,173.8,172.6,68.4,Medium
2025-08-18T21:15:00.922163,22.17,Unknown,Neutral,False,,0.9,12.5,176.5,177.3,173.9,173.0,68.2,Medium
2025-08-18T21:15:00.962836,22.22,Unknown,Neutral,False,,0.7,11.6,176.7,177.9,173.9,173.3,68.2,Medium
2025-08-18T21:15:01.004421,22.27,Unknown,Neutral,False,,0.5,10.9,176.8,178.3,174.1,173.5,68.2,Medium
2025-08-18T21:15:01.044309,22.3,Unknown,Neutral,False,,0.4,10.3,176.7,178.5,174.4,173.6,68.1,Medium
2025-08-18T21:15:01.084321,22.34,Unknown,Neutral,False,,0.3,10.0,176.5,178.7,174.7,173.7,68.0,Medium
2025-08-18T21:15:01.126686,22.39,Unknown,Neutral,False,,0.3,9.7,176.3,178.7,174.9,173.9,67.9,Medium
2025-08-18T21:15:01.165888,22.42,Standing,Neutral,True,,0.2,9.2,176.2,178.7,175.1,174.1,68.0,Medium
2025-08-18T21:15:01.203152,22.45,Standing,Neutral,True,,0.2,8.8,176.1,178.6,175.3,174.3,68.0,Medium
2025-08-18T21:15:01.241485,22.5,Standing,Neutral,True,,0.2,8.6,176.2,178.7,175.3,174.2,67.9,Medium
2025-08-18T21:15:01.315445,22.58,Standing,Neutral,True,,0.2,9.4,176.2,178.8,175.4,173.8,67.6,Medium
2025-08-18T21:15:01.353745,22.61,Standing,Neutral,True,,0.2,10.7,176.2,178.5,175.4,173.6,67.6,Medium
2025-08-18T21:15:01.393954,22.66,Standing,Neutral,True,,0.2,11.7,176.2,178.0,175.4,173.4,67.6,Medium
2025-08-18T21:15:01.434899,22.69,Standing,Neutral,True,,0.2,12.9,176.1,177.7,175.4,173.4,67.5,Medium
2025-08-18T21:15:01.480054,22.73,Unknown,Neutral,False,,0.2,13.8,176.1,177.6,175.4,173.5,67.5,Medium
2025-08-18T21:15:01.522166,22.78,Standing,Neutral,True,,0.2,14.4,176.2,177.5,175.4,173.5,67.4,Medium
2025-08-18T21:15:01.561213,22.81,Unknown,Neutral,False,,0.2,14.7,176.2,177.6,175.3,173.6,67.4,Medium
2025-08-18T21:15:01.599560,22.86,Standing,Neutral,True,,0.2,14.8,176.2,177.8,175.1,173.7,67.4,Medium
2025-08-18T21:15:01.638922,22.89,Unknown,Neutral,False,,0.5,15.1,175.9,177.6,174.9,173.5,67.2,Medium
2025-08-18T21:15:01.716469,22.97,Unknown,Neutral,False,,1.1,15.1,175.8,177.8,174.3,173.9,67.3,Medium
2025-08-18T21:15:01.753826,23.02,Unknown,Neutral,False,,1.6,14.8,175.6,177.9,173.9,174.2,67.3,Medium
2025-08-18T21:15:01.790484,23.05,Unknown,Neutral,False,,1.9,13.8,175.4,178.1,173.6,174.5,67.0,Medium
2025-08-18T21:15:01.829690,23.09,Unknown,Neutral,False,,2.1,13.5,175.5,178.4,173.3,174.7,66.7,Medium
2025-08-18T21:15:01.872306,23.12,Unknown,Neutral,False,,2.2,13.5,175.6,178.7,173.1,174.9,66.5,Medium
2025-08-18T21:15:01.923908,23.19,Unknown,Neutral,False,,2.4,12.7,176.1,179.0,172.5,175.4,66.2,Medium
2025-08-18T21:15:01.964291,23.22,Standing,Neutral,True,,2.0,10.8,176.7,178.9,172.4,175.8,66.4,Medium
2025-08-18T21:15:02.004593,23.27,Unknown,Neutral,False,,1.8,9.0,177.3,178.7,172.2,176.3,66.6,Medium
2025-08-18T21:15:02.047436,23.3,Unknown,Neutral,False,,1.4,7.7,177.9,178.4,171.9,176.7,66.7,Medium
2025-08-18T21:15:02.086569,23.34,Unknown,Neutral,False,,1.2,7.1,178.3,178.2,171.7,177.0,66.7,Medium
2025-08-18T21:15:02.126313,23.39,Unknown,Neutral,False,,1.1,6.7,178.6,178.1,171.6,177.2,66.5,Medium
2025-08-18T21:15:02.165853,23.42,Unknown,Neutral,False,,1.0,6.6,179.0,178.0,171.4,177.4,66.1,Medium
2025-08-18T21:15:02.201710,23.45,Standing,Neutral,True,,0.8,6.3,178.9,178.2,170.9,177.6,66.0,Medium
2025-08-18T21:15:02.233699,23.48,Standing,Neutral,True,,0.6,6.1,179.0,178.4,170.3,177.9,65.7,Medium
2025-08-18T21:15:02.265107,23.52,Standing,Neutral,True,,0.5,5.7,179.1,178.7,170.2,177.8,65.8,Medium
2025-08-18T21:15:02.305825,23.56,Standing,Neutral,True,,0.5,5.2,178.9,179.0,170.9,177.5,66.2,Medium
2025-08-18T21:15:02.343460,23.59,Standing,Neutral,True,,0.4,4.9,178.7,179.1,171.6,177.2,66.3,Medium
2025-08-18T21:15:02.384317,23.64,Standing,Neutral,True,,0.3,4.6,178.5,179.3,172.1,177.0,66.4,Medium
2025-08-18T21:15:02.424038,23.69,Standing,Neutral,True,,0.3,4.3,178.3,179.4,172.6,176.8,66.4,Medium
2025-08-18T21:15:02.465668,23.72,Standing,Neutral,True,,0.3,4.0,178.1,179.3,173.1,176.7,66.5,Medium
2025-08-18T21:15:02.507359,23.77,Standing,Neutral,True,,0.4,3.6,177.8,179.3,173.6,176.5,66.7,Medium
2025-08-18T21:15:02.549839,23.81,Standing,Neutral,True,,0.5,3.3,177.4,179.3,174.1,176.3,66.8,Medium
2025-08-18T21:15:02.589816,23.84,Standing,Neutral,True,,0.7,3.1,177.0,179.2,174.6,175.9,67.2,Medium
2025-08-18T21:15:02.645123,23.91,Standing,Neutral,True,,0.9,2.9,176.6,179.3,175.0,175.6,67.5,Medium
2025-08-18T21:15:02.709680,23.97,Standing,Neutral,True,,1.0,2.8,176.3,179.4,175.3,175.5,67.8,Medium
2025-08-18T21:15:02.750267,24.0,Standing,Neutral,True,,1.2,2.7,176.1,179.5,175.5,175.4,68.0,Medium
2025-08-18T21:15:02.791635,24.05,Standing,Neutral,True,,1.2,2.5,175.9,179.5,175.6,175.4,68.0,Medium
2025-08-18T21:15:02.830046,24.09,Standing,Neutral,True,,1.1,2.4,175.8,179.6,175.6,175.5,68.1,Medium
2025-08-18T21:15:02.869498,24.12,Standing,Neutral,True,,1.0,2.3,175.7,179.7,175.5,175.6,68.0,Medium
2025-08-18T21:15:02.910152,24.17,Standing,Neutral,True,,0.9,2.4,175.6,179.8,175.4,175.7,67.9,Medium
2025-08-18T21:15:02.952159,24.2,Standing,Neutral,True,,0.7,2.5,175.6,179.8,175.2,175.8,67.8,Medium
2025-08-18T21:15:02.993658,24.25,Standing,Neutral,True,,0.6,2.6,175.6,179.8,175.0,175.9,67.6,Medium
2025-08-18T21:15:03.045606,24.3,Standing,Neutral,True,,0.6,2.8,175.6,179.8,174.7,176.0,67.4,Medium
2025-08-18T21:15:03.113308,24.38,Standing,Neutral,True,,0.7,2.8,175.6,179.7,174.4,176.1,67.1,Medium
2025-08-18T21:15:03.156462,24.41,Standing,Neutral,True,,0.9,2.8,175.5,179.5,174.2,176.0,66.9,Medium
2025-08-18T21:15:03.198787,24.45,Standing,Neutral,True,,1.2,3.5,175.5,179.3,174.0,175.9,66.6,Medium
2025-08-18T21:15:03.241429,24.5,Standing,Neutral,True,,1.5,4.1,175.3,179.2,173.8,175.7,66.3,Medium
2025-08-18T21:15:03.291432,24.55,Standing,Neutral,True,,1.6,4.5,175.2,179.1,173.7,175.5,66.0,Medium
2025-08-18T21:15:03.332198,24.59,Standing,Neutral,True,,2.0,6.3,175.5,179.1,173.3,175.5,65.6,Medium
2025-08-18T21:15:03.384485,24.64,Standing,Neutral,True,,2.5,7.7,175.7,179.0,172.8,175.9,65.0,Medium
2025-08-18T21:15:03.426186,24.69,Standing,Neutral,True,,2.9,9.0,176.0,179.1,172.5,176.3,64.4,Medium
2025-08-18T21:15:03.464424,24.72,Standing,Neutral,True,,3.1,10.6,176.4,178.7,172.1,176.6,64.1,Medium
2025-08-18T21:15:03.511372,24.77,Standing,Neutral,True,,3.4,12.1,176.8,178.7,171.7,177.1,63.5,Medium
2025-08-18T21:15:03.551904,24.81,Standing,Neutral,True,,3.6,13.2,177.2,179.0,171.3,177.7,62.8,Medium
2025-08-18T21:15:03.594064,24.84,Standing,Neutral,True,,3.8,13.7,177.5,179.0,170.8,178.2,62.2,Medium
2025-08-18T21:15:03.633928,24.89,Standing,Neutral,True,,4.1,14.0,177.8,178.8,170.4,178.5,61.7,Medium
2025-08-18T21:15:03.675803,24.94,Standing,Neutral,True,,4.3,14.2,178.1,178.7,170.0,178.8,61.4,Medium
2025-08-18T21:15:03.717019,24.97,Standing,Neutral,True,,4.4,14.3,178.5,178.2,169.7,179.0,61.0,Medium
2025-08-18T21:15:03.757242,25.02,Standing,Neutral,True,,4.5,14.4,178.7,177.6,169.3,179.2,60.5,Medium
2025-08-18T21:15:03.798512,25.06,Standing,Neutral,True,,4.4,15.0,178.8,177.1,169.0,179.3,60.2,Medium
2025-08-18T21:15:03.847438,25.11,Standing,Neutral,True,,4.2,15.8,178.8,176.7,168.9,179.2,60.0,Medium
2025-08-18T21:15:03.912357,25.17,Standing,Neutral,True,,4.2,17.0,178.6,176.7,168.4,179.0,59.8,High
2025-08-18T21:15:03.961681,25.22,Standing,Neutral,True,,4.2,18.3,178.3,176.9,168.0,178.9,59.5,High
2025-08-18T21:15:04.008842,25.27,Standing,ForwardHead,True,,4.4,20.3,177.7,176.8,167.1,179.1,58.6,High
2025-08-18T21:15:04.055110,25.31,Standing,ForwardHead,True,,4.8,22.2,176.9,176.7,166.4,179.3,57.8,High
2025-08-18T21:15:04.101145,25.36,Standing,ForwardHead,True,,5.1,23.7,176.3,176.7,165.8,179.4,56.9,High
2025-08-18T21:15:04.145673,25.41,Standing,ForwardHead,True,,6.0,28.3,176.1,177.5,164.8,179.4,53.8,High
2025-08-18T21:15:04.192410,25.45,Standing,ForwardHead,True,,7.3,32.8,176.1,178.0,163.4,178.8,50.7,High
2025-08-18T21:15:04.240859,25.5,Standing,ForwardHead,True,,8.5,35.2,176.0,178.3,162.2,178.2,48.8,High
2025-08-18T21:15:04.287561,25.55,Unknown,ForwardHead,False,,10.1,40.5,173.7,178.2,160.4,177.6,44.8,High
2025-08-18T21:15:04.334356,25.59,Unknown,ForwardHead,False,,12.4,48.5,161.8,174.5,157.5,176.9,37.8,High
2025-08-18T21:15:04.384584,25.64,Unknown,ForwardHead,False,,14.4,55.5,153.9,172.8,154.9,176.5,33.6,High
2025-08-18T21:15:04.431397,25.69,Unknown,ForwardHead,False,,17.4,63.4,144.6,173.5,150.6,177.0,31.8,High
2025-08-18T21:15:04.478656,25.73,Unknown,Slouch,False,,23.1,69.2,129.0,170.3,140.2,177.4,32.5,High
2025-08-18T21:15:04.522978,25.78,Unknown,Slouch,False,LeanRight,30.2,74.3,116.9,166.9,131.6,174.8,30.7,High
2025-08-18T21:15:04.568626,25.83,Unknown,Slouch,False,LeanRight,33.9,76.6,100.5,159.4,126.1,175.6,30.4,High
2025-08-18T21:15:04.612387,25.88,Unknown,Slouch,False,,36.7,78.0,85.3,152.7,122.1,176.5,28.7,High
2025-08-18T21:15:04.657789,25.92,Unknown,Slouch,False,LeanRight,38.1,79.4,83.6,154.4,118.7,176.5,27.3,High
2025-08-18T21:15:04.704436,25.95,Unknown,Slouch,False,LeanRight,36.8,81.9,81.0,159.3,119.6,175.2,27.9,High
2025-08-18T21:15:04.751748,26.02,Unknown,Slouch,False,LeanRight,34.2,83.4,77.0,150.8,121.8,173.6,29.9,High
2025-08-18T21:15:04.798670,26.06,Unknown,Slouch,False,LeanRight,31.8,83.2,73.3,139.3,123.7,172.0,32.8,High
2025-08-18T21:15:04.840843,26.09,Unknown,Slouch,False,LeanRight,29.6,77.4,78.3,129.9,126.7,170.3,37.1,High
2025-08-18T21:15:04.889298,26.14,Unknown,Slouch,False,LeanRight,26.9,68.9,92.4,129.2,129.6,169.3,40.0,High
2025-08-18T21:15:04.941545,26.2,Unknown,Slouch,False,,24.6,61.2,108.5,139.9,132.2,169.3,38.1,High
2025-08-18T21:15:04.987624,26.25,Unknown,Slouch,False,,22.4,54.4,115.2,147.6,132.7,170.1,37.1,High
2025-08-18T21:15:05.037669,26.3,Unknown,Slouch,False,,20.7,49.4,121.5,153.7,133.4,171.0,38.9,High
2025-08-18T21:15:05.082138,26.34,Unknown,Slouch,False,,18.9,44.6,127.0,158.9,135.1,172.4,40.8,High
2025-08-18T21:15:05.129677,26.39,Unknown,ForwardHead,False,,17.0,40.1,131.9,163.2,137.4,174.3,42.6,High
2025-08-18T21:15:05.175552,26.44,Unknown,ForwardHead,False,,15.3,36.2,129.5,165.3,138.4,174.3,45.8,High
2025-08-18T21:15:05.221839,26.48,Unknown,ForwardHead,False,,13.7,33.0,130.3,167.1,140.7,173.6,47.6,High
2025-08-18T21:15:05.267450,26.53,Unknown,ForwardHead,False,,12.4,31.0,136.6,169.4,144.1,172.7,47.5,High
2025-08-18T21:15:05.314976,26.58,Unknown,ForwardHead,False,,11.7,29.4,143.9,171.6,147.4,172.6,46.9,High
2025-08-18T21:15:05.359304,26.61,Unknown,ForwardHead,False,,11.2,28.9,150.6,172.4,150.2,172.9,47.1,High
2025-08-18T21:15:05.407045,26.66,Unknown,ForwardHead,False,,10.9,28.3,156.0,172.1,152.7,174.0,47.4,High
2025-08-18T21:15:05.449529,26.7,Unknown,ForwardHead,False,,10.5,28.4,160.2,172.1,154.5,175.1,47.4,High
2025-08-18T21:15:05.487330,26.75,Unknown,ForwardHead,False,,10.4,28.4,163.0,172.0,155.2,175.9,47.4,High
2025-08-18T21:15:05.530156,26.78,Unknown,ForwardHead,False,,10.5,28.9,165.4,172.0,156.1,176.5,48.1,High
2025-08-18T21:15:05.568579,26.83,Unknown,ForwardHead,False,,10.4,29.8,167.6,172.4,157.1,176.7,48.8,High
2025-08-18T21:15:05.611262,26.88,Unknown,ForwardHead,False,,11.0,31.3,169.8,173.4,157.7,176.8,48.1,High
2025-08-18T21:15:05.651319,26.91,Unknown,ForwardHead,False,,11.7,32.3,170.6,174.3,157.4,176.9,46.8,High
2025-08-18T21:15:05.701303,26.95,Unknown,ForwardHead,False,,12.4,33.3,167.7,175.7,154.6,177.6,43.3,High
2025-08-18T21:15:05.756371,27.02,Unknown,ForwardHead,False,,12.9,34.0,165.0,176.3,152.3,177.9,42.4,High
2025-08-18T21:15:05.802687,27.06,Unknown,ForwardHead,False,,13.5,34.0,163.1,177.1,151.3,177.4,41.9,High
2025-08-18T21:15:05.845939,27.11,Unknown,ForwardHead,False,,14.0,34.6,160.5,175.8,150.4,177.6,41.0,High
2025-08-18T21:15:05.887776,27.14,Unknown,ForwardHead,False,,14.1,35.0,128.3,172.1,122.1,175.7,47.6,High
2025-08-18T21:15:05.925731,27.19,Unknown,ForwardHead,False,,14.2,35.8,110.3,172.7,111.2,172.3,51.9,High
2025-08-18T21:15:05.979345,27.23,Unknown,ForwardHead,False,,13.6,38.2,86.2,159.9,83.8,157.1,53.0,High
2025-08-18T21:15:06.026811,27.28,Unknown,ForwardHead,False,,13.4,38.6,69.1,162.7,68.6,156.1,47.4,High
2025-08-18T21:15:06.072835,27.33,Unknown,ForwardHead,False,,13.3,38.7,54.8,162.6,55.8,141.0,43.5,High
2025-08-18T21:15:06.117148,27.38,Unknown,ForwardHead,False,,12.9,38.9,41.6,162.1,43.2,139.8,40.5,High
2025-08-18T21:15:06.160958,27.42,Unknown,ForwardHead,False,,12.6,38.3,34.3,157.7,33.9,145.0,40.2,High
2025-08-18T21:15:06.198784,27.45,Unknown,ForwardHead,False,,12.4,38.0,40.1,155.0,40.1,149.8,40.5,High
2025-08-18T21:15:06.234752,27.48,Unknown,ForwardHead,False,,12.2,38.3,66.8,157.8,65.6,155.3,48.5,High
2025-08-18T21:15:06.274172,27.53,Unknown,ForwardHead,False,,12.2,37.5,84.0,157.4,82.7,159.4,55.3,High
2025-08-18T21:15:06.315736,27.58,Unknown,ForwardHead,False,,12.1,36.1,95.1,154.5,94.3,162.3,55.4,High
2025-08-18T21:15:06.358498,27.61,Unknown,ForwardHead,False,,12.0,35.0,107.1,156.9,105.4,164.0,53.0,High
2025-08-18T21:15:06.395394,27.66,Unknown,ForwardHead,False,,11.8,33.7,121.0,160.1,117.8,166.2,46.6,High
2025-08-18T21:15:06.431305,27.69,Unknown,ForwardHead,False,,11.5,32.8,133.8,163.0,128.6,168.7,40.5,High
2025-08-18T21:15:06.479395,27.73,Unknown,ForwardHead,False,,10.9,32.3,145.3,165.1,137.7,171.1,37.2,High
2025-08-18T21:15:06.518533,27.78,Unknown,ForwardHead,False,,10.3,32.2,149.9,168.5,142.2,173.1,37.9,High
2025-08-18T21:15:06.559976,27.81,Unknown,ForwardHead,False,,9.6,32.4,154.7,170.4,146.4,174.3,38.1,High
2025-08-18T21:15:06.597646,27.86,Unknown,ForwardHead,False,,9.0,32.6,159.6,171.4,150.3,174.7,41.3,High
2025-08-18T21:15:06.635959,27.89,Unknown,ForwardHead,False,,8.5,32.6,163.6,172.1,153.7,175.0,44.3,High
2025-08-18T21:15:06.675219,27.94,Unknown,ForwardHead,False,,8.0,32.3,167.4,172.1,156.6,174.9,44.7,High
2025-08-18T21:15:06.713169,27.97,Unknown,ForwardHead,False,,7.5,32.6,170.5,171.6,159.0,174.9,44.4,High
2025-08-18T21:15:06.751355,28.02,Unknown,ForwardHead,False,,7.2,32.9,172.7,171.2,161.0,175.1,42.5,High
2025-08-18T21:15:06.801701,28.06,Unknown,ForwardHead,False,,6.8,33.3,174.3,170.9,162.8,174.6,40.2,High
2025-08-18T21:15:06.850321,28.11,Unknown,ForwardHead,False,,6.4,33.9,175.5,170.5,164.6,174.5,36.7,High
2025-08-18T21:15:06.887283,28.14,Unknown,ForwardHead,False,,5.8,34.1,176.3,170.7,166.7,174.3,35.5,High
2025-08-18T21:15:06.935385,28.19,Unknown,ForwardHead,False,,5.3,33.8,176.8,171.5,168.4,174.1,35.7,High
2025-08-18T21:15:06.973416,28.23,Unknown,ForwardHead,False,,4.3,31.6,177.1,172.7,170.8,173.7,36.1,High
2025-08-18T21:15:07.018905,28.28,Unknown,ForwardHead,False,,3.3,28.9,177.0,174.0,172.9,173.7,38.0,High
2025-08-18T21:15:07.057751,28.31,Unknown,ForwardHead,False,,2.8,26.1,177.3,175.3,173.8,174.0,39.5,High
2025-08-18T21:15:07.100765,28.36,Unknown,ForwardHead,False,,2.7,22.8,177.6,176.3,174.0,174.6,41.6,High
2025-08-18T21:15:07.143182,28.41,Unknown,RaisedShoulders,False,,2.3,19.8,177.9,176.9,174.5,174.8,43.6,High
2025-08-18T21:15:07.188888,28.44,Unknown,RaisedShoulders,False,,2.0,17.3,177.7,177.7,175.2,174.6,45.6,High
2025-08-18T21:15:07.229400,28.48,Unknown,RaisedShoulders,False,,1.5,15.0,177.4,178.2,176.1,174.2,46.6,High
2025-08-18T21:15:07.266683,28.53,Unknown,RaisedShoulders,False,,1.3,13.6,177.1,178.3,176.9,173.6,46.7,High
2025-08-18T21:15:07.309384,28.56,Unknown,RaisedShoulders,False,,1.5,12.1,177.2,178.6,177.7,172.9,46.8,High
2025-08-18T21:15:07.351863,28.61,Unknown,RaisedShoulders,False,,1.3,10.7,176.6,177.5,177.8,172.0,48.8,High
2025-08-18T21:15:07.395273,28.66,Unknown,RaisedShoulders,False,,1.0,9.2,175.9,176.5,177.5,171.2,50.8,High
2025-08-18T21:15:07.442372,28.7,Unknown,RaisedShoulders,False,,0.8,7.8,175.5,175.9,177.3,170.5,52.5,High
2025-08-18T21:15:07.485609,28.75,Unknown,RaisedShoulders,False,,1.0,6.4,175.5,175.4,177.6,170.1,54.5,High
2025-08-18T21:15:07.530479,28.78,Unknown,RaisedShoulders,False,,1.3,5.3,175.8,174.7,177.9,169.7,55.9,High
2025-08-18T21:15:07.568288,28.83,Unknown,RaisedShoulders,False,,1.4,4.2,175.7,174.5,177.9,169.5,57.7,High
2025-08-18T21:15:07.614464,28.88,Unknown,RaisedShoulders,False,,1.6,3.6,175.7,174.4,177.9,169.2,59.2,High
2025-08-18T21:15:07.651532,28.91,Unknown,RaisedShoulders,False,,1.8,3.1,175.5,174.3,178.1,169.2,60.7,Medium
2025-08-18T21:15:07.690440,28.95,Unknown,Neutral,False,,2.6,2.7,175.7,174.4,178.4,169.0,62.0,Medium
2025-08-18T21:15:07.728945,28.98,Unknown,Neutral,False,,3.4,2.1,176.5,174.7,178.0,168.8,63.1,Medium
2025-08-18T21:15:07.766172,29.02,Unknown,Neutral,False,,4.1,1.8,177.0,175.0,178.4,168.7,64.1,Medium
2025-08-18T21:15:07.800827,29.06,Unknown,Neutral,False,,4.8,1.4,177.2,175.2,178.6,168.4,64.9,Medium
2025-08-18T21:15:07.837343,29.09,Unknown,Neutral,False,,5.3,1.1,177.3,175.4,178.8,168.2,65.6,Medium
2025-08-18T21:15:07.874925,29.12,Unknown,Neutral,False,,5.7,0.9,177.4,175.6,179.0,168.2,65.9,Medium
2025-08-18T21:15:07.915818,29.17,Unknown,Neutral,False,,5.9,0.8,177.5,175.8,179.1,168.2,66.0,Medium
2025-08-18T21:15:07.949497,29.2,Unknown,Neutral,False,,5.9,0.6,177.7,175.9,179.3,168.3,66.1,Medium
2025-08-18T21:15:07.983592,29.23,Unknown,Neutral,False,,5.8,0.6,177.8,176.2,179.4,168.8,66.2,Medium
2025-08-18T21:15:08.023036,29.28,Unknown,Neutral,False,,5.7,0.6,177.9,176.4,179.5,169.2,66.2,Medium
2025-08-18T21:15:08.063725,29.33,Unknown,Neutral,False,,5.4,0.7,178.1,176.6,179.5,169.6,66.3,Medium
2025-08-18T21:15:08.107543,29.36,Unknown,Neutral,False,,5.2,0.8,178.2,176.9,179.5,169.9,66.4,Medium
2025-08-18T21:15:08.145593,29.41,Unknown,Neutral,False,,4.8,0.8,178.3,176.9,179.4,170.0,66.5,Medium
2025-08-18T21:15:08.184992,29.44,Unknown,Neutral,False,,4.3,0.6,178.2,176.9,179.2,170.2,66.8,Medium
2025-08-18T21:15:08.227468,29.48,Unknown,Neutral,False,,3.8,0.5,178.1,176.6,178.9,170.4,66.9,Medium
2025-08-18T21:15:08.266113,29.52,Unknown,Neutral,False,,3.3,0.7,177.9,176.4,178.5,170.6,66.7,Medium
2025-08-18T21:15:08.304569,29.56,Unknown,Neutral,False,,2.9,1.5,177.9,176.3,178.1,170.7,66.5,Medium
2025-08-18T21:15:08.341537,29.59,Unknown,Neutral,False,,2.4,2.2,177.8,176.1,177.8,170.7,66.1,Medium
2025-08-18T21:15:08.375848,29.62,Unknown,Neutral,False,,2.1,2.8,177.9,175.9,177.6,170.7,65.7,Medium
2025-08-18T21:15:08.424152,29.69,Unknown,Neutral,False,,1.9,3.7,177.9,175.8,177.5,170.5,65.4,Medium
2025-08-18T21:15:08.465018,29.72,Unknown,Neutral,False,,1.7,4.4,177.9,175.6,177.5,170.3,65.1,Medium
2025-08-18T21:15:08.503048,29.77,Unknown,Neutral,False,,1.5,5.2,177.9,175.6,177.4,170.3,65.0,Medium
2025-08-18T21:15:08.538474,29.8,Unknown,Neutral,False,,1.2,6.2,178.0,175.8,177.4,170.4,65.2,Medium
2025-08-18T21:15:08.577682,29.83,Unknown,Neutral,False,,1.0,7.1,178.2,176.7,177.3,171.0,65.8,Medium
2025-08-18T21:15:08.616000,29.88,Unknown,Neutral,False,,0.8,8.4,178.4,177.2,177.3,171.7,66.4,Medium
2025-08-18T21:15:08.679924,29.94,Unknown,Neutral,False,,0.8,9.4,178.6,177.8,177.1,172.3,66.9,Medium
2025-08-18T21:15:08.720120,29.98,Unknown,Neutral,False,,0.8,10.0,178.8,178.3,177.0,172.6,67.4,Medium
2025-08-18T21:15:08.759308,30.02,Unknown,Neutral,False,,1.0,10.5,178.8,178.5,177.0,172.6,67.6,Medium
2025-08-18T21:15:08.801044,30.06,Unknown,Neutral,False,,1.1,10.8,178.8,178.6,177.1,172.7,67.8,Medium
2025-08-18T21:15:08.842001,30.09,Unknown,Neutral,False,,1.2,10.9,178.9,178.9,177.1,172.8,68.2,Medium
2025-08-18T21:15:08.883756,30.14,Unknown,Neutral,False,,1.2,11.1,179.1,179.2,177.1,173.1,68.3,Medium
2025-08-18T21:15:08.926523,30.19,Unknown,Neutral,False,,1.4,11.4,179.1,179.1,176.8,173.6,68.8,Medium
2025-08-18T21:15:08.966749,30.22,Unknown,Neutral,False,,1.5,11.6,179.2,179.1,176.6,173.9,69.0,Medium
2025-08-18T21:15:09.011357,30.27,Unknown,Neutral,False,,1.6,11.7,179.2,179.1,176.4,174.1,69.1,Medium
2025-08-18T21:15:09.049202,30.31,Unknown,Neutral,False,,1.8,11.7,179.1,179.2,176.3,174.0,69.1,Medium
2025-08-18T21:15:09.088912,30.34,Unknown,Neutral,False,,1.8,11.7,179.1,179.3,176.3,173.9,68.9,Medium
2025-08-18T21:15:09.129470,30.39,Unknown,Neutral,False,,1.8,11.4,178.2,179.3,176.7,173.7,68.1,Medium
2025-08-18T21:15:09.168588,30.42,Unknown,Neutral,False,,1.7,11.3,177.5,179.3,177.1,173.6,67.3,Medium
2025-08-18T21:15:09.204554,30.45,Unknown,Neutral,False,,1.7,11.2,177.0,179.3,177.3,173.6,66.9,Medium
2025-08-18T21:15:09.245103,30.5,Unknown,Neutral,False,,1.7,11.2,176.5,179.4,177.5,173.5,66.5,Medium
2025-08-18T21:15:09.286224,30.55,Unknown,Neutral,False,,1.6,11.2,176.1,179.4,177.6,173.4,66.2,Medium
2025-08-18T21:15:09.333479,30.59,Unknown,Neutral,False,,1.6,11.2,175.7,179.5,177.7,173.3,66.1,Medium
2025-08-18T21:15:09.379626,30.64,Unknown,Neutral,False,,1.6,11.2,175.4,179.5,177.9,173.1,66.0,Medium
2025-08-18T21:15:09.426896,30.69,Unknown,Neutral,False,,1.6,11.1,175.1,179.4,178.0,172.9,65.9,Medium
2025-08-18T21:15:09.472512,30.73,Unknown,Neutral,False,,1.5,11.1,175.0,179.5,178.0,172.8,65.8,Medium
2025-08-18T21:15:09.515066,30.77,Unknown,Neutral,False,,1.5,11.0,174.8,179.5,177.9,172.8,65.8,Medium
2025-08-18T21:15:09.556666,30.81,Unknown,Neutral,False,,1.5,11.0,174.9,179.5,177.7,172.9,65.9,Medium
2025-08-18T21:15:09.602590,30.86,Unknown,Neutral,False,,1.5,11.0,175.2,179.5,177.5,172.9,66.0,Medium
2025-08-18T21:15:09.637045,30.89,Unknown,Neutral,False,,1.6,11.1,175.4,179.4,177.2,172.9,66.1,Medium
2025-08-18T21:15:09.676854,30.94,Unknown,Neutral,False,,1.7,11.1,175.7,179.5,176.9,173.0,66.3,Medium
2025-08-18T21:15:09.715398,30.97,Unknown,Neutral,False,,1.7,11.1,175.9,179.6,176.7,173.1,66.5,Medium
2025-08-18T21:15:09.757167,31.02,Unknown,Neutral,False,,1.8,11.1,176.1,179.7,176.6,173.3,66.7,Medium
2025-08-18T21:15:09.797315,31.05,Unknown,Neutral,False,,1.8,11.0,176.3,179.7,176.4,173.5,66.9,Medium
2025-08-18T21:15:09.841214,31.09,Unknown,Neutral,False,,1.8,10.9,176.8,179.8,176.1,173.7,67.1,Medium
2025-08-18T21:15:09.880158,31.14,Unknown,Neutral,False,,1.8,10.7,177.4,179.8,175.8,173.9,67.4,Medium
2025-08-18T21:15:09.913382,31.17,Unknown,Neutral,False,,1.9,10.4,177.8,179.8,175.6,174.0,67.6,Medium
2025-08-18T21:15:09.950160,31.2,Unknown,Neutral,False,,1.9,10.0,178.3,179.8,175.4,174.2,67.9,Medium
2025-08-18T21:15:09.988845,31.25,Unknown,Neutral,False,,2.1,9.7,178.7,179.8,175.3,174.3,68.1,Medium
2025-08-18T21:15:10.030728,31.28,Unknown,Neutral,False,,2.2,9.4,179.0,179.8,175.2,174.5,68.3,Medium
2025-08-18T21:15:10.071815,31.33,Unknown,Neutral,False,,2.4,9.2,179.2,179.8,175.1,174.8,68.6,Medium
2025-08-18T21:15:10.116903,31.38,Unknown,Neutral,False,,2.7,9.0,179.3,179.7,175.0,175.0,69.0,Medium
2025-08-18T21:15:10.160434,31.42,Unknown,Neutral,False,,2.9,8.7,179.4,179.5,175.0,175.1,69.2,Medium
2025-08-18T21:15:10.198653,31.45,Unknown,Neutral,False,,3.0,8.6,179.4,179.4,175.0,175.2,69.3,Medium
2025-08-18T21:15:10.234296,31.48,Unknown,Neutral,False,,3.1,8.4,179.5,179.3,175.1,175.3,69.2,Medium
2025-08-18T21:15:10.278632,31.53,Unknown,Neutral,False,,3.2,8.2,179.5,179.1,175.2,175.3,69.3,Medium
2025-08-18T21:15:10.329301,31.59,Unknown,Neutral,False,,3.3,8.1,179.5,179.0,175.2,175.4,69.3,Medium
2025-08-18T21:15:10.369345,31.62,Unknown,Neutral,False,,3.3,8.1,179.5,178.8,175.2,175.5,69.3,Medium
2025-08-18T21:15:10.409692,31.67,Unknown,Neutral,False,,3.4,8.0,179.5,178.8,175.2,175.6,69.3,Medium
2025-08-18T21:15:10.455011,31.7,Unknown,Neutral,False,,3.4,8.0,179.5,178.8,175.2,175.6,69.3,Medium
2025-08-18T21:15:10.500685,31.75,Unknown,Neutral,False,,3.4,7.9,179.5,178.8,175.2,175.7,69.3,Medium
2025-08-18T21:15:10.543185,31.8,Unknown,Neutral,False,,3.5,7.9,179.6,178.8,175.2,175.7,69.3,Medium
2025-08-18T21:15:10.584545,31.84,Unknown,Neutral,False,,3.5,7.9,179.6,178.9,175.2,175.7,69.3,Medium
2025-08-18T21:15:10.625187,31.88,Unknown,Neutral,False,,3.5,7.9,179.7,178.9,175.2,175.6,69.4,Medium
2025-08-18T21:15:10.669116,31.92,Unknown,Neutral,False,,3.6,7.8,179.7,179.1,175.3,175.4,69.6,Medium
2025-08-18T21:15:10.717652,31.97,Unknown,Neutral,False,,3.7,7.8,179.8,179.1,175.4,175.2,69.6,Medium
2025-08-18T21:15:10.757309,32.02,Unknown,Neutral,False,,3.7,7.8,179.8,179.2,175.4,175.2,69.6,Medium
2025-08-18T21:15:10.794163,32.05,Unknown,Neutral,False,,3.8,7.7,179.8,179.2,175.4,175.1,69.6,Medium
2025-08-18T21:15:10.834341,32.09,Unknown,Neutral,False,,3.8,7.7,179.8,179.3,175.4,175.1,69.6,Medium
2025-08-18T21:15:10.871562,32.12,Unknown,Neutral,False,,3.9,7.6,179.8,179.3,175.4,175.1,69.7,Medium
2025-08-18T21:15:10.908947,32.17,Unknown,Neutral,False,,3.9,7.6,179.7,179.4,175.4,175.0,69.7,Medium
2025-08-18T21:15:10.946867,32.2,Unknown,Neutral,False,,3.9,7.6,179.7,179.4,175.4,175.0,69.8,Medium
2025-08-18T21:15:10.987475,32.25,Unknown,Neutral,False,,3.9,7.6,179.7,179.5,175.4,174.9,69.8,Medium
2025-08-18T21:15:11.034336,32.3,Unknown,Neutral,False,,3.9,7.6,179.6,179.6,175.5,174.9,69.8,Medium
2025-08-18T21:15:11.078778,32.33,Unknown,Neutral,False,,3.9,7.6,179.6,179.6,175.5,174.9,69.8,Medium
2025-08-18T21:15:11.116939,32.38,Unknown,Neutral,False,,3.9,7.6,179.6,179.6,175.4,174.8,69.7,Medium
2025-08-18T21:15:11.158724,32.42,Unknown,Neutral,False,,3.9,7.7,179.7,179.6,175.4,174.8,69.7,Medium
2025-08-18T21:15:11.197683,32.45,Unknown,Neutral,False,,3.9,7.7,179.7,179.6,175.4,174.8,69.8,Medium
2025-08-18T21:15:11.235131,32.48,Unknown,Neutral,False,,3.9,7.9,179.8,179.5,175.3,174.8,69.5,Medium
2025-08-18T21:15:11.274329,32.53,Unknown,Neutral,False,,3.8,8.3,179.8,179.5,175.2,174.9,69.2,Medium
2025-08-18T21:15:11.326157,32.58,Unknown,Neutral,False,,3.8,8.8,179.8,179.4,175.1,174.9,69.0,Medium
2025-08-18T21:15:11.366747,32.62,Unknown,Neutral,False,,3.7,9.3,179.7,179.2,175.0,174.9,68.8,Medium
2025-08-18T21:15:11.406643,32.66,Unknown,Neutral,False,,3.7,9.7,179.6,179.1,175.0,174.9,68.7,Medium
2025-08-18T21:15:11.448726,32.7,Unknown,Neutral,False,,3.7,10.1,179.5,179.0,174.9,174.9,68.7,Medium
2025-08-18T21:15:11.485393,32.73,Unknown,Neutral,False,,3.6,10.4,179.5,179.0,174.9,174.9,68.6,Medium
2025-08-18T21:15:11.522871,32.78,Unknown,Neutral,False,,3.4,10.7,179.5,178.8,174.9,174.9,68.4,Medium
2025-08-18T21:15:11.562470,32.81,Unknown,Neutral,False,,3.3,10.8,179.5,178.8,174.9,174.8,68.2,Medium
2025-08-18T21:15:11.606051,32.86,Unknown,Neutral,False,,3.1,11.0,179.6,178.8,174.9,174.8,68.1,Medium
2025-08-18T21:15:11.646726,32.91,Unknown,Neutral,False,,2.9,11.1,179.5,178.7,174.7,174.9,68.1,Medium
2025-08-18T21:15:11.687820,32.94,Unknown,Neutral,False,,2.8,11.0,179.5,178.6,174.6,175.0,68.0,Medium
2025-08-18T21:15:11.727807,32.98,Unknown,Neutral,False,,2.7,10.9,179.5,178.6,174.5,175.1,67.9,Medium
2025-08-18T21:15:11.783123,33.05,Unknown,Neutral,False,,2.7,10.8,179.5,178.5,174.4,175.2,67.8,Medium
2025-08-18T21:15:11.823380,33.08,Unknown,Neutral,False,,2.6,10.7,179.5,178.6,174.4,175.2,67.7,Medium
2025-08-18T21:15:11.867227,33.12,Unknown,Neutral,False,,2.7,10.6,179.5,178.6,174.4,175.2,67.7,Medium
2025-08-18T21:15:11.910420,33.17,Unknown,Neutral,False,,2.7,10.4,179.4,178.6,174.4,175.1,67.8,Medium
2025-08-18T21:15:11.954806,33.2,Unknown,Neutral,False,,2.8,10.2,179.4,178.5,174.4,175.1,67.9,Medium
2025-08-18T21:15:12.001046,33.27,Unknown,Neutral,False,,2.8,10.1,179.4,178.4,174.4,175.1,68.0,Medium
2025-08-18T21:15:12.037586,33.3,Unknown,Neutral,False,,2.9,9.9,179.4,178.3,174.4,175.1,68.1,Medium
2025-08-18T21:15:12.077581,33.33,Unknown,Neutral,False,,2.9,9.7,179.4,178.3,174.4,175.0,68.3,Medium
2025-08-18T21:15:12.118841,33.38,Unknown,Neutral,False,,2.9,9.6,179.4,178.3,174.5,175.0,68.4,Medium
2025-08-18T21:15:12.172430,33.42,Unknown,Neutral,False,,3.0,9.5,179.4,178.4,174.4,175.0,68.5,Medium
2025-08-18T21:15:12.209347,33.47,Unknown,Neutral,False,,3.1,9.4,179.4,178.4,174.5,175.1,68.6,Medium
2025-08-18T21:15:12.242932,33.5,Unknown,Neutral,False,,3.2,9.2,179.4,178.4,174.5,175.2,68.7,Medium
2025-08-18T21:15:12.288791,33.55,Unknown,Neutral,False,,3.3,9.1,179.4,178.5,174.4,175.3,68.7,Medium
2025-08-18T21:15:12.327595,33.58,Unknown,Neutral,False,,3.3,8.9,179.4,178.6,174.4,175.4,68.8,Medium
2025-08-18T21:15:12.370328,33.62,Unknown,Neutral,False,,3.4,8.7,179.4,178.6,174.4,175.4,68.9,Medium
2025-08-18T21:15:12.430644,33.69,Unknown,Neutral,False,,3.4,8.5,179.4,178.6,174.4,175.5,69.0,Medium
2025-08-18T21:15:12.475432,33.73,Unknown,Neutral,False,,3.5,8.4,179.4,178.6,174.4,175.5,69.1,Medium
2025-08-18T21:15:12.528213,33.78,Unknown,Neutral,False,,3.5,8.3,179.4,178.7,174.4,175.6,69.2,Medium
2025-08-18T21:15:12.574701,33.83,Unknown,Neutral,False,,3.6,8.2,179.4,178.7,174.4,175.6,69.2,Medium
2025-08-18T21:15:12.623101,33.88,Unknown,Neutral,False,,3.6,8.2,179.5,178.6,174.5,175.6,69.2,Medium
2025-08-18T21:15:12.671748,33.92,Unknown,Neutral,False,,3.6,8.1,179.5,178.6,174.6,175.6,69.2,Medium
2025-08-18T21:15:12.719548,33.97,Unknown,Neutral,False,,3.6,8.1,179.6,178.6,174.6,175.6,69.2,Medium
2025-08-18T21:15:12.761173,34.02,Unknown,Neutral,False,,3.6,8.0,179.6,178.6,174.7,175.6,69.2,Medium
2025-08-18T21:15:12.805143,34.06,Unknown,Neutral,False,,3.6,8.0,179.6,178.5,174.7,175.6,69.2,Medium
2025-08-18T21:15:12.847693,34.11,Unknown,Neutral,False,,3.6,8.0,179.6,178.5,174.8,175.5,69.2,Medium
2025-08-18T21:15:12.886059,34.14,Unknown,Neutral,False,,3.6,8.0,179.7,178.5,174.8,175.4,69.3,Medium
2025-08-18T21:15:12.937631,34.19,Unknown,Neutral,False,,3.7,8.1,179.7,178.5,174.9,175.3,69.4,Medium
2025-08-18T21:15:12.981688,34.23,Unknown,Neutral,False,,3.7,8.2,179.7,178.5,174.9,175.3,69.4,Medium
2025-08-18T21:15:13.023672,34.28,Unknown,Neutral,False,,3.7,8.3,179.7,178.5,174.8,175.2,69.4,Medium
2025-08-18T21:15:13.061947,34.31,Unknown,Neutral,False,,3.7,8.5,179.7,178.4,174.8,175.2,69.4,Medium
2025-08-18T21:15:13.101052,34.36,Unknown,Neutral,False,,3.7,8.6,179.7,178.3,174.8,175.1,69.3,Medium
2025-08-18T21:15:13.138561,34.39,Unknown,Neutral,False,,3.7,8.8,179.7,178.3,174.7,175.1,69.3,Medium
2025-08-18T21:15:13.178843,34.44,Unknown,Neutral,False,,3.7,8.9,179.7,178.3,174.7,175.1,69.3,Medium
2025-08-18T21:15:13.218658,34.47,Unknown,Neutral,False,,3.7,9.0,179.7,178.2,174.6,175.2,69.2,Medium
2025-08-18T21:15:13.260048,34.52,Unknown,Neutral,False,,3.7,9.0,179.7,178.2,174.6,175.2,69.2,Medium
2025-08-18T21:15:13.299508,34.56,Unknown,Neutral,False,,3.8,9.1,179.6,178.2,174.6,175.2,69.1,Medium
2025-08-18T21:15:13.338742,34.59,Unknown,Neutral,False,,3.7,9.2,179.5,178.1,174.6,175.2,69.1,Medium
2025-08-18T21:15:13.376392,34.64,Unknown,Neutral,False,,3.7,9.2,179.4,178.1,174.7,175.2,69.2,Medium
2025-08-18T21:15:13.416755,34.67,Unknown,Neutral,False,,3.8,9.2,179.5,178.0,174.7,175.2,69.1,Medium
2025-08-18T21:15:13.457622,34.72,Unknown,Neutral,False,,3.8,9.3,179.5,178.0,174.7,175.2,69.0,Medium
2025-08-18T21:15:13.496424,34.75,Unknown,Neutral,False,,3.8,9.3,179.5,178.0,174.7,175.2,69.0,Medium
2025-08-18T21:15:13.534909,34.8,Unknown,Neutral,False,,3.8,9.3,179.5,178.0,174.8,175.2,68.9,Medium
2025-08-18T21:15:13.577061,34.83,Unknown,Neutral,False,,3.8,9.4,179.5,178.1,174.8,175.2,68.8,Medium
2025-08-18T21:15:13.638317,34.89,Unknown,Neutral,False,,3.8,9.5,179.4,178.2,174.8,175.2,68.9,Medium
2025-08-18T21:15:13.678809,34.94,Unknown,Neutral,False,,3.8,9.5,179.3,178.3,174.8,175.2,68.9,Medium
2025-08-18T21:15:13.720715,34.98,Unknown,Neutral,False,,3.8,9.6,179.2,178.3,174.8,175.2,68.9,Medium
2025-08-18T21:15:13.764372,35.02,Unknown,Neutral,False,,3.7,9.6,179.1,178.3,174.8,175.2,68.9,Medium
2025-08-18T21:15:13.803968,35.06,Unknown,Neutral,False,,3.7,9.7,179.2,178.2,174.9,175.2,68.9,Medium
2025-08-18T21:15:13.842331,35.09,Unknown,Neutral,False,,3.7,9.7,179.2,178.2,174.9,175.2,68.8,Medium
2025-08-18T21:15:13.881105,35.14,Unknown,Neutral,False,,3.7,9.8,179.2,178.2,174.9,175.3,68.8,Medium
2025-08-18T21:15:13.923848,35.19,Unknown,Neutral,False,,3.7,9.8,179.2,178.2,174.9,175.3,68.7,Medium
2025-08-18T21:15:13.972420,35.23,Unknown,Neutral,False,,3.7,9.8,179.2,178.3,174.9,175.4,68.7,Medium
2025-08-18T21:15:14.020179,35.28,Unknown,Neutral,False,,3.7,9.8,179.2,178.3,174.8,175.4,68.6,Medium
2025-08-18T21:15:14.060571,35.31,Unknown,Neutral,False,,3.6,9.8,179.2,178.2,174.9,175.4,68.5,Medium
2025-08-18T21:15:14.109361,35.36,Unknown,Neutral,False,,3.6,9.9,179.3,178.2,174.9,175.4,68.5,Medium
2025-08-18T21:15:14.158801,35.42,Unknown,Neutral,False,,3.6,9.9,179.3,178.2,174.9,175.3,68.5,Medium
2025-08-18T21:15:14.199441,35.45,Unknown,Neutral,False,,3.6,10.0,179.4,178.3,175.0,175.2,68.5,Medium
2025-08-18T21:15:14.240105,35.5,Unknown,Neutral,False,,3.5,10.0,179.5,178.3,175.1,175.1,68.4,Medium
2025-08-18T21:15:14.280009,35.53,Unknown,Neutral,False,,3.5,10.1,179.6,178.4,175.1,175.0,68.3,Medium
2025-08-18T21:15:14.321104,35.58,Unknown,Neutral,False,,3.5,10.2,179.6,178.4,175.2,174.9,68.1,Medium
2025-08-18T21:15:14.371743,35.62,Unknown,Neutral,False,,3.4,10.2,179.7,178.5,175.3,174.8,68.0,Medium
2025-08-18T21:15:14.417472,35.67,Unknown,Neutral,False,,3.4,10.2,179.7,178.5,175.3,174.8,67.9,Medium
2025-08-18T21:15:14.469686,35.72,Unknown,Neutral,False,,3.4,10.3,179.8,178.5,175.4,174.7,67.8,Medium
2025-08-18T21:15:14.516465,35.77,Unknown,Neutral,False,,3.4,10.3,179.8,178.5,175.4,174.7,67.7,Medium
2025-08-18T21:15:14.558473,35.81,Unknown,Neutral,False,,3.4,10.3,179.9,178.5,175.4,174.6,67.7,Medium
2025-08-18T21:15:14.598518,35.86,Unknown,Neutral,False,,3.4,10.3,179.9,178.5,175.4,174.6,67.7,Medium
2025-08-18T21:15:14.640210,35.89,Unknown,Neutral,False,,3.4,10.3,179.8,178.5,175.4,174.6,67.6,Medium
2025-08-18T21:15:14.680670,35.94,Unknown,Neutral,False,,3.4,10.3,179.8,178.5,175.4,174.6,67.6,Medium
2025-08-18T21:15:14.724810,35.98,Unknown,Neutral,False,,3.4,10.3,179.8,178.5,175.4,174.5,67.6,Medium
2025-08-18T21:15:14.770315,36.03,Unknown,Neutral,False,,3.4,10.3,179.7,178.5,175.4,174.5,67.5,Medium
2025-08-18T21:15:14.814406,36.08,Unknown,Neutral,False,,3.4,10.3,179.8,178.5,175.4,174.5,67.5,Medium
2025-08-18T21:15:14.854238,36.11,Unknown,Neutral,False,,3.4,10.3,179.8,178.5,175.4,174.5,67.5,Medium
2025-08-18T21:15:14.895522,36.16,Unknown,Neutral,False,,3.4,10.4,179.8,178.5,175.4,174.5,67.5,Medium
2025-08-18T21:15:14.937861,36.19,Unknown,Neutral,False,,3.4,10.4,179.9,178.4,175.4,174.5,67.5,Medium
2025-08-18T21:15:14.978499,36.23,Unknown,Neutral,False,,3.4,10.4,179.9,178.4,175.5,174.4,67.5,Medium
2025-08-18T21:15:15.022736,36.28,Unknown,Neutral,False,,3.4,10.5,179.9,178.4,175.5,174.4,67.4,Medium
2025-08-18T21:15:15.076185,36.33,Unknown,Neutral,False,,3.4,10.5,179.9,178.4,175.6,174.3,67.4,Medium
2025-08-18T21:15:15.124315,36.38,Unknown,Neutral,False,,3.4,10.5,179.9,178.4,175.6,174.3,67.4,Medium
2025-08-18T21:15:15.161474,36.42,Unknown,Neutral,False,,3.4,10.4,179.9,178.5,175.6,174.3,67.4,Medium
2025-08-18T21:15:15.206350,36.47,Unknown,Neutral,False,,3.4,10.4,179.9,178.6,175.5,174.4,67.5,Medium
2025-08-18T21:15:15.257414,36.52,Unknown,Neutral,False,,3.4,10.4,179.9,178.7,175.4,174.4,67.5,Medium
2025-08-18T21:15:15.314527,36.58,Unknown,Neutral,False,,3.4,10.4,179.9,178.8,175.3,174.4,67.6,Medium
2025-08-18T21:15:15.364401,36.62,Unknown,Neutral,False,,3.4,10.4,179.9,178.8,175.3,174.5,67.6,Medium
2025-08-18T21:15:15.428634,36.69,Unknown,Neutral,False,,3.4,10.4,179.9,178.9,175.2,174.5,67.7,Medium
2025-08-18T21:15:15.483086,36.73,Unknown,Neutral,False,,3.4,10.3,179.9,178.9,175.2,174.5,67.7,Medium
2025-08-18T21:15:15.535089,36.8,Unknown,Neutral,False,,3.4,10.3,179.9,178.8,175.2,174.5,67.7,Medium
2025-08-18T21:15:15.589216,36.84,Unknown,Neutral,False,,3.4,10.3,179.9,178.8,175.2,174.5,67.7,Medium
2025-08-18T21:15:15.643140,36.91,Unknown,Neutral,False,,3.3,10.3,179.8,178.8,175.2,174.5,67.8,Medium
2025-08-18T21:15:15.698901,36.95,Unknown,Neutral,False,,3.3,10.2,179.8,178.8,175.2,174.5,67.8,Medium
2025-08-18T21:15:15.748788,37.0,Unknown,Neutral,False,,3.3,10.2,179.7,178.8,175.2,174.5,67.8,Medium
2025-08-18T21:15:15.800385,37.06,Unknown,Neutral,False,,3.4,10.2,179.6,178.9,175.2,174.7,67.9,Medium
2025-08-18T21:15:15.854942,37.11,Unknown,Neutral,False,,3.5,10.2,179.5,178.9,175.3,174.8,68.1,Medium
2025-08-18T21:15:15.902451,37.16,Unknown,Neutral,False,,3.7,10.2,179.4,178.8,175.4,175.0,68.2,Medium
2025-08-18T21:15:15.955253,37.22,Unknown,Neutral,False,,3.9,10.3,179.3,178.7,175.5,175.1,68.5,Medium
2025-08-18T21:15:16.006207,37.27,Unknown,Neutral,False,,4.0,10.4,179.3,178.6,175.6,175.1,68.7,Medium
2025-08-18T21:15:16.061643,37.31,Unknown,Neutral,False,,4.1,10.4,179.4,178.5,175.7,175.2,69.0,Medium
2025-08-18T21:15:16.104197,37.36,Unknown,Neutral,False,,4.1,10.4,179.4,178.4,175.8,175.0,69.2,Medium
2025-08-18T21:15:16.150100,37.41,Unknown,Neutral,False,,3.7,10.5,179.3,178.6,176.6,175.1,69.3,Medium
2025-08-18T21:15:16.199576,37.45,Unknown,Neutral,False,,3.5,10.7,179.4,178.9,177.3,174.7,68.9,Medium
2025-08-18T21:15:16.240509,37.5,Unknown,Neutral,False,,3.3,11.0,179.4,178.7,177.7,174.2,68.7,Medium
2025-08-18T21:15:16.281702,37.53,Unknown,Neutral,False,,3.1,11.2,179.1,178.3,177.9,173.7,68.3,Medium
2025-08-18T21:15:16.334713,37.59,Unknown,Neutral,False,,2.7,11.5,179.0,178.1,178.2,173.4,67.6,Medium
2025-08-18T21:15:16.382260,37.64,Unknown,Neutral,False,,2.2,11.7,178.4,177.5,178.4,173.0,67.3,Medium
2025-08-18T21:15:16.435985,37.69,Unknown,Neutral,False,,1.9,11.9,177.8,177.0,178.8,172.8,67.5,Medium
2025-08-18T21:15:16.477354,37.73,Unknown,Neutral,False,,1.5,12.1,177.4,176.6,179.0,172.6,67.6,Medium
2025-08-18T21:15:16.519648,37.78,Unknown,Neutral,False,,1.2,12.1,177.1,176.3,179.1,172.6,67.6,Medium
2025-08-18T21:15:16.562454,37.81,Unknown,Neutral,False,,1.0,11.9,177.0,176.1,179.1,172.7,67.7,Medium
2025-08-18T21:15:16.606233,37.86,Unknown,Neutral,False,,0.8,11.8,176.9,176.0,179.2,172.7,67.6,Medium
2025-08-18T21:15:16.648584,37.91,Unknown,Neutral,False,,0.8,11.5,176.9,175.9,179.2,172.7,67.4,Medium
2025-08-18T21:15:16.694438,37.95,Unknown,Neutral,False,,0.7,11.2,177.0,175.9,179.2,172.8,67.1,Medium
2025-08-18T21:15:16.751456,38.0,Unknown,Neutral,False,,0.7,10.8,177.0,175.8,179.3,172.8,66.7,Medium
2025-08-18T21:15:16.803649,38.06,Unknown,Neutral,False,,0.7,10.4,177.2,176.0,179.2,172.8,66.5,Medium
2025-08-18T21:15:16.847367,38.11,Unknown,Neutral,False,,0.7,9.9,177.2,176.0,179.3,172.7,66.3,Medium
2025-08-18T21:15:16.891295,38.14,Unknown,Neutral,False,,0.7,9.5,177.2,176.0,179.4,172.6,66.2,Medium
2025-08-18T21:15:16.932792,38.19,Unknown,Neutral,False,,0.7,9.2,177.2,176.0,179.5,172.6,66.1,Medium
2025-08-18T21:15:16.973092,38.23,Unknown,Neutral,False,,0.8,8.8,177.3,176.1,179.5,172.6,66.1,Medium
2025-08-18T21:15:17.013184,38.27,Unknown,Neutral,False,,0.9,8.5,177.4,176.1,179.5,172.6,66.1,Medium
2025-08-18T21:15:17.056317,38.31,Unknown,Neutral,False,,1.0,8.2,177.5,176.2,179.4,172.5,66.0,Medium
2025-08-18T21:15:17.097687,38.36,Unknown,Neutral,False,,1.2,8.1,177.8,176.3,179.5,172.5,66.0,Medium
2025-08-18T21:15:17.145812,38.41,Unknown,Neutral,False,,1.3,8.1,178.0,176.5,179.6,172.5,66.0,Medium
2025-08-18T21:15:17.191776,38.45,Unknown,Neutral,False,,1.3,8.0,178.0,176.5,179.6,172.4,66.0,Medium
2025-08-18T21:15:17.232139,38.48,Unknown,Neutral,False,,1.4,8.0,177.9,176.4,179.5,172.2,66.1,Medium
2025-08-18T21:15:17.267801,38.53,Unknown,Neutral,False,,1.3,8.0,177.9,176.4,179.5,172.3,66.2,Medium
2025-08-18T21:15:17.303714,38.56,Unknown,Neutral,False,,1.3,8.0,177.9,176.5,179.6,172.3,66.2,Medium
2025-08-18T21:15:17.347730,38.61,Unknown,Neutral,False,,1.3,7.9,177.9,176.6,179.6,172.4,66.3,Medium
2025-08-18T21:15:17.387499,38.64,Unknown,Neutral,False,,1.2,7.9,178.0,176.8,179.7,172.5,66.4,Medium
2025-08-18T21:15:17.427564,38.69,Unknown,Neutral,False,,1.2,7.9,178.1,176.9,179.7,172.5,66.4,Medium
2025-08-18T21:15:17.470831,38.73,Unknown,Neutral,False,,1.2,7.9,178.2,177.0,179.8,172.5,66.5,Medium
2025-08-18T21:15:17.513242,38.77,Unknown,Neutral,False,,1.3,7.9,178.4,177.0,179.8,172.5,66.4,Medium
2025-08-18T21:15:17.551541,38.81,Unknown,Neutral,False,,1.4,7.9,178.3,177.0,179.8,172.5,66.4,Medium
2025-08-18T21:15:17.594656,38.84,Unknown,Neutral,False,,1.4,7.8,178.3,177.0,179.8,172.5,66.4,Medium
2025-08-18T21:15:17.638559,38.89,Unknown,Neutral,False,,1.4,7.8,178.3,177.0,179.8,172.5,66.4,Medium
2025-08-18T21:15:17.689666,38.95,Unknown,Neutral,False,,1.3,7.7,178.4,177.0,179.8,172.5,66.4,Medium
2025-08-18T21:15:17.730891,38.98,Unknown,Neutral,False,,1.2,7.7,178.4,176.9,179.7,172.6,66.4,Medium
2025-08-18T21:15:17.776027,39.03,Unknown,Neutral,False,,1.1,7.6,178.4,176.9,179.7,172.7,66.5,Medium
2025-08-18T21:15:17.819667,39.08,Unknown,Neutral,False,,1.0,7.6,178.4,176.9,179.6,172.8,66.5,Medium
2025-08-18T21:15:17.860117,39.11,Unknown,Neutral,False,,0.9,7.6,178.4,176.8,179.5,172.8,66.5,Medium
2025-08-18T21:15:17.905039,39.16,Unknown,Neutral,False,,0.8,7.6,178.5,176.8,179.3,172.9,66.5,Medium
2025-08-18T21:15:17.946656,39.2,Unknown,Neutral,False,,0.8,7.5,178.5,176.7,179.2,173.1,66.6,Medium
2025-08-18T21:15:17.986486,39.25,Unknown,Neutral,False,,0.7,7.5,178.5,176.7,179.1,173.2,66.7,Medium
2025-08-18T21:15:18.025882,39.28,Unknown,Neutral,False,,0.5,7.4,178.6,176.8,179.1,173.4,66.8,Medium
2025-08-18T21:15:18.063790,39.33,Unknown,Neutral,False,,0.5,7.4,178.7,177.1,179.1,173.5,66.8,Medium
2025-08-18T21:15:18.112598,39.38,Unknown,Neutral,False,,0.4,7.4,178.9,177.2,179.3,173.6,66.8,Medium
2025-08-18T21:15:18.154138,39.41,Unknown,Neutral,False,,0.4,7.3,178.9,177.3,179.4,173.6,66.7,Medium
2025-08-18T21:15:18.193022,39.45,Unknown,Neutral,False,,0.4,7.3,178.8,177.3,179.5,173.5,66.7,Medium
2025-08-18T21:15:18.231960,39.48,Unknown,Neutral,False,,0.3,7.2,178.7,177.3,179.5,173.5,66.6,Medium
2025-08-18T21:15:18.275629,39.53,Unknown,Neutral,False,,0.3,7.2,178.9,177.3,179.5,173.5,66.6,Medium
2025-08-18T21:15:18.317250,39.58,Unknown,Neutral,False,,0.2,7.1,178.9,177.3,179.6,173.4,66.5,Medium
2025-08-18T21:15:18.365923,39.62,Unknown,Neutral,False,,0.2,7.2,178.9,177.2,179.7,173.4,66.5,Medium
2025-08-18T21:15:18.408896,39.67,Unknown,Neutral,False,,0.1,7.2,179.0,177.2,179.7,173.3,66.4,Medium
2025-08-18T21:15:18.447525,39.7,Unknown,Neutral,False,,0.1,7.2,179.0,177.2,179.8,173.2,66.4,Medium
2025-08-18T21:15:18.485735,39.75,Unknown,Neutral,False,,0.1,7.2,179.0,177.1,179.8,173.2,66.4,Medium
2025-08-18T21:15:18.552449,39.81,Unknown,Neutral,False,,0.1,7.1,179.0,177.0,179.8,173.1,66.3,Medium
2025-08-18T21:15:18.599723,39.86,Unknown,Neutral,False,,0.2,7.0,179.0,176.9,179.7,173.1,66.3,Medium
2025-08-18T21:15:18.645248,39.91,Unknown,Neutral,False,,0.3,7.0,179.1,177.0,179.6,173.1,66.3,Medium
2025-08-18T21:15:18.696595,39.95,Unknown,Neutral,False,,0.4,6.9,179.1,177.0,179.6,173.2,66.3,Medium
2025-08-18T21:15:18.748469,40.0,Unknown,Neutral,False,,0.4,6.9,179.0,176.9,179.6,173.1,66.3,Medium
2025-08-18T21:15:18.795774,40.05,Unknown,Neutral,False,,0.4,6.9,178.9,176.8,179.7,173.1,66.3,Medium
2025-08-18T21:15:18.849910,40.11,Unknown,Neutral,False,,0.3,6.9,178.3,176.4,179.6,172.8,66.2,Medium
2025-08-18T21:15:18.907510,40.17,Unknown,Neutral,False,,0.3,6.9,177.9,176.1,179.5,172.6,66.2,Medium
2025-08-18T21:15:18.953889,40.2,Unknown,Neutral,False,,0.2,6.9,177.4,175.7,179.4,172.4,66.1,Medium
2025-08-18T21:15:18.998613,40.25,Unknown,Neutral,False,,0.2,6.9,177.0,175.3,179.4,172.2,66.1,Medium
2025-08-18T21:15:19.044487,40.3,Unknown,Neutral,False,,0.3,6.9,176.7,175.0,179.3,172.0,66.0,Medium
2025-08-18T21:15:19.089269,40.34,Unknown,Neutral,False,,0.3,7.0,176.5,174.8,179.3,171.8,65.9,Medium
2025-08-18T21:15:19.132546,40.39,Unknown,Neutral,False,,0.3,7.1,176.4,174.6,179.4,171.7,65.7,Medium
2025-08-18T21:15:19.177199,40.44,Unknown,Neutral,False,,0.4,7.0,176.3,174.5,179.3,171.5,65.7,Medium
2025-08-18T21:15:19.223901,40.48,Unknown,Neutral,False,,0.4,6.9,176.2,174.4,179.3,171.4,65.6,Medium
2025-08-18T21:15:19.266403,40.52,Unknown,Neutral,False,,0.5,6.8,176.3,174.3,179.4,171.4,65.6,Medium
2025-08-18T21:15:19.310404,40.56,Unknown,Neutral,False,,0.6,6.7,176.5,174.4,179.4,171.4,65.5,Medium
2025-08-18T21:15:19.359637,40.61,Unknown,Neutral,False,,0.7,6.7,176.8,174.5,179.5,171.4,65.5,Medium
2025-08-18T21:15:19.407110,40.66,Unknown,Neutral,False,,0.8,6.6,176.9,174.6,179.5,171.3,65.5,Medium
2025-08-18T21:15:19.457299,40.72,Unknown,Neutral,False,,0.9,6.5,177.1,174.6,179.5,171.3,65.4,Medium
2025-08-18T21:15:19.510634,40.77,Unknown,Neutral,False,,0.9,6.4,177.2,174.6,179.5,171.3,65.4,Medium
2025-08-18T21:15:19.560174,40.81,Unknown,Neutral,False,,0.9,6.3,177.3,174.7,179.6,171.4,65.4,Medium
2025-08-18T21:15:19.619520,40.88,Unknown,Neutral,False,,1.0,6.3,177.4,174.8,179.6,171.4,65.4,Medium
2025-08-18T21:15:19.672422,40.92,Unknown,Neutral,False,,1.0,6.3,177.4,174.8,179.6,171.4,65.3,Medium
2025-08-18T21:15:19.725497,40.98,Unknown,Neutral,False,,1.0,6.3,177.5,174.9,179.7,171.5,65.3,Medium
2025-08-18T21:15:19.776232,41.03,Unknown,Neutral,False,,1.0,6.3,177.5,174.9,179.7,171.5,65.3,Medium
2025-08-18T21:15:19.823793,41.08,Unknown,Neutral,False,,1.0,6.3,177.0,174.8,179.3,171.3,65.4,Medium
2025-08-18T21:15:19.867398,41.12,Unknown,Neutral,False,,1.0,6.3,177.0,175.0,179.4,171.4,65.5,Medium
2025-08-18T21:15:19.914917,41.17,Unknown,Neutral,False,,1.0,6.3,177.0,175.1,179.4,171.5,65.5,Medium
2025-08-18T21:15:19.962856,41.22,Unknown,Neutral,False,,1.0,6.3,177.0,175.2,179.4,171.6,65.4,Medium
2025-08-18T21:15:20.016949,41.27,Unknown,Neutral,False,,0.9,6.3,176.9,175.2,179.4,171.7,65.4,Medium
2025-08-18T21:15:20.059795,41.31,Unknown,Neutral,False,,0.9,6.3,176.9,175.2,179.4,171.7,65.3,Medium
2025-08-18T21:15:20.107767,41.36,Unknown,Neutral,False,,0.9,6.3,177.0,175.3,179.5,171.7,65.2,Medium
2025-08-18T21:15:20.150706,41.41,Unknown,Neutral,False,,0.9,6.3,176.9,175.2,179.5,171.7,65.1,Medium
2025-08-18T21:15:20.194344,41.45,Unknown,Neutral,False,,0.9,6.2,176.9,175.1,179.5,171.5,65.0,Medium
2025-08-18T21:15:20.238547,41.5,Unknown,Neutral,False,,0.9,6.2,177.1,175.2,179.6,171.5,64.9,Medium
2025-08-18T21:15:20.287467,41.55,Unknown,Neutral,False,,0.8,6.2,177.3,175.3,179.6,171.8,64.9,Medium
2025-08-18T21:15:20.331602,41.59,Unknown,Neutral,False,,0.6,6.1,177.2,175.4,179.5,171.9,65.0,Medium
2025-08-18T21:15:20.379494,41.64,Unknown,Neutral,False,,0.5,6.1,177.1,175.4,179.5,172.0,64.9,Medium
2025-08-18T21:15:20.423684,41.69,Unknown,Neutral,False,,0.4,6.0,177.0,175.4,179.5,172.0,64.9,Medium
2025-08-18T21:15:20.463910,41.72,Unknown,Neutral,False,,0.4,5.9,177.0,175.3,179.5,172.0,64.8,Medium
2025-08-18T21:15:20.526841,41.78,Unknown,Neutral,False,,0.4,5.7,176.7,175.2,179.7,172.0,64.7,Medium
2025-08-18T21:15:20.594859,41.84,Unknown,Neutral,False,,0.3,5.6,176.4,175.0,179.6,171.9,64.7,Medium
2025-08-18T21:15:20.700149,41.95,Unknown,Neutral,False,,0.3,5.5,176.2,174.9,179.6,171.8,64.7,Medium
2025-08-18T21:15:20.762116,42.02,Unknown,Neutral,False,,0.3,5.5,176.0,174.7,179.5,171.6,64.6,Medium
2025-08-18T21:15:20.831945,42.09,Unknown,Neutral,False,,0.3,5.4,176.0,174.5,179.6,171.5,64.5,Medium
2025-08-18T21:15:20.878410,42.14,Unknown,Neutral,False,,0.3,5.4,176.0,174.5,179.7,171.4,64.4,Medium
2025-08-18T21:15:20.930648,42.19,Unknown,Neutral,False,,0.2,5.3,176.0,174.5,179.7,171.4,64.4,Medium
2025-08-18T21:15:21.011065,42.27,Unknown,Neutral,False,,0.2,5.3,176.0,174.5,179.8,171.4,64.4,Medium
2025-08-18T21:15:21.099944,42.36,Unknown,Neutral,False,,0.1,5.3,176.0,174.4,179.8,171.4,64.5,Medium
2025-08-18T21:15:21.171600,42.42,Unknown,Neutral,False,,0.1,5.3,176.0,174.5,179.8,171.3,64.5,Medium
2025-08-18T21:15:21.277773,42.53,Unknown,Neutral,False,,0.1,5.2,176.1,174.5,179.7,171.3,64.6,Medium
2025-08-18T21:15:21.439073,42.69,Unknown,Neutral,False,,0.1,5.2,175.9,174.5,179.6,171.3,64.7,Medium
2025-08-18T21:15:21.515621,42.77,Unknown,Neutral,False,,0.1,5.2,175.8,174.5,179.6,171.3,64.8,Medium
2025-08-18T21:15:21.571664,42.83,Unknown,Neutral,False,,0.1,5.2,175.9,174.6,179.7,171.4,64.9,Medium
2025-08-18T21:15:21.634227,42.89,Unknown,Neutral,False,,0.1,5.1,176.1,174.7,179.6,171.6,65.1,Medium
2025-08-18T21:15:21.697601,42.95,Unknown,Neutral,False,,0.1,5.1,176.8,175.1,179.3,172.0,65.5,Medium
2025-08-18T21:15:21.803738,43.06,Unknown,Neutral,False,,0.5,5.1,177.3,175.8,179.1,172.2,66.0,Medium
2025-08-18T21:15:21.882161,43.14,Unknown,Neutral,False,,1.0,4.6,177.6,176.6,178.7,172.4,66.8,Medium
2025-08-18T21:15:21.957403,43.22,Unknown,Neutral,False,,1.4,3.7,177.8,177.2,178.1,172.8,67.6,Medium
2025-08-18T21:15:22.031841,43.28,Unknown,Neutral,False,,1.9,2.9,178.2,177.8,177.9,173.0,68.3,Medium
2025-08-18T21:15:22.091397,43.34,Unknown,Neutral,False,,2.4,2.4,178.4,178.3,177.8,173.1,68.4,Medium
2025-08-18T21:15:22.172851,43.42,Unknown,Neutral,False,,2.8,2.1,178.6,178.6,177.8,173.1,68.1,Medium
2025-08-18T21:15:22.235587,43.48,Unknown,Neutral,False,,3.0,1.9,178.7,178.8,177.7,173.1,67.9,Medium
2025-08-18T21:15:22.302795,43.56,Unknown,Neutral,False,,3.2,2.0,178.7,179.0,177.7,173.2,67.8,Medium
2025-08-18T21:15:22.416127,43.67,Unknown,Neutral,False,,3.2,2.0,178.7,179.2,177.5,173.2,67.9,Medium
2025-08-18T21:15:22.496246,43.75,Unknown,Neutral,False,,3.0,2.1,179.0,179.1,177.3,173.1,68.2,Medium
2025-08-18T21:15:22.559373,43.81,Unknown,Neutral,False,,2.9,2.3,179.2,179.1,177.1,173.0,68.4,Medium
2025-08-18T21:15:22.613037,43.88,Unknown,Neutral,False,,2.7,2.6,178.3,179.2,177.6,172.5,68.1,Medium
2025-08-18T21:15:22.661654,43.92,Unknown,Neutral,False,,2.5,2.8,177.5,179.1,178.0,171.9,67.6,Medium
2025-08-18T21:15:22.745952,44.0,Unknown,Neutral,False,,2.2,3.1,176.7,178.5,178.4,170.8,67.1,Medium
2025-08-18T21:15:22.809159,44.06,Unknown,Neutral,False,,1.8,3.5,175.9,177.8,178.6,169.9,66.8,Medium
2025-08-18T21:15:22.866021,44.12,Unknown,Neutral,False,,1.4,3.9,175.0,176.9,178.9,169.0,66.3,Medium
2025-08-18T21:15:22.922902,44.19,Unknown,Neutral,False,,1.1,4.5,174.6,176.5,179.0,168.4,66.0,Medium
2025-08-18T21:15:22.977302,44.23,Unknown,Neutral,False,,0.9,5.2,174.2,176.1,179.1,168.0,65.7,Medium
2025-08-18T21:15:23.037354,44.3,Unknown,Neutral,False,,0.8,5.8,173.9,176.0,179.2,167.8,65.5,Medium
2025-08-18T21:15:23.097032,44.36,Unknown,Neutral,False,,0.7,6.3,173.8,176.0,179.2,167.7,65.4,Medium
2025-08-18T21:15:23.140847,44.39,Unknown,Neutral,False,,0.7,6.7,173.7,175.9,179.2,167.6,65.4,Medium
2025-08-18T21:15:23.196897,44.45,Unknown,Neutral,False,,0.8,7.0,173.5,175.8,179.1,167.6,65.4,Medium
2025-08-18T21:15:23.240822,44.5,Unknown,Neutral,False,,0.8,7.3,173.5,176.0,179.0,167.6,65.4,Medium
2025-08-18T21:15:23.291220,44.55,Unknown,Neutral,False,,0.9,7.4,173.7,176.2,178.8,167.8,65.6,Medium
2025-08-18T21:15:23.344975,44.59,Unknown,Neutral,False,,1.1,7.5,173.7,176.3,178.6,167.9,65.8,Medium
2025-08-18T21:15:23.409851,44.67,Unknown,Neutral,False,,1.1,7.6,173.8,176.4,178.5,168.1,66.0,Medium
2025-08-18T21:15:23.466860,44.72,Unknown,Neutral,False,,1.2,7.7,173.9,176.2,178.3,168.3,66.2,Medium
2025-08-18T21:15:23.516091,44.77,Unknown,Neutral,False,,1.2,7.7,173.9,176.0,178.1,168.4,66.2,Medium
2025-08-18T21:15:23.565696,44.83,Unknown,Neutral,False,,1.2,7.8,173.9,175.9,178.0,168.5,66.2,Medium
2025-08-18T21:15:23.608888,44.86,Unknown,Neutral,False,,1.1,7.8,173.9,175.9,177.8,168.6,66.2,Medium
2025-08-18T21:15:23.657896,44.92,Unknown,Neutral,False,,1.1,7.9,173.9,175.9,177.6,168.8,66.2,Medium
2025-08-18T21:15:23.704523,44.95,Unknown,Neutral,False,,1.1,7.9,174.0,176.1,177.4,169.0,66.3,Medium
2025-08-18T21:15:23.756098,45.02,Unknown,Neutral,False,,1.1,7.9,174.1,176.3,177.3,169.3,66.3,Medium
2025-08-18T21:15:23.812787,45.06,Unknown,Neutral,False,,1.2,7.9,174.1,176.4,177.2,169.4,66.4,Medium
2025-08-18T21:15:23.868623,45.12,Unknown,Neutral,False,,1.2,7.9,174.2,176.5,177.1,169.6,66.4,Medium
2025-08-18T21:15:23.944018,45.2,Unknown,Neutral,False,,1.2,7.9,174.2,176.6,177.0,169.6,66.4,Medium
2025-08-18T21:15:24.026526,45.28,Unknown,Neutral,False,,1.2,7.9,174.3,176.7,177.0,169.7,66.4,Medium
2025-08-18T21:15:24.089904,45.34,Unknown,Neutral,False,,1.2,7.9,174.4,176.8,176.9,169.8,66.2,Medium
2025-08-18T21:15:24.157294,45.42,Unknown,Neutral,False,,1.2,7.8,174.5,176.9,176.9,169.8,66.2,Medium
2025-08-18T21:15:24.217063,45.47,Unknown,Neutral,False,,1.2,7.8,174.5,177.0,176.9,169.9,66.1,Medium
2025-08-18T21:15:24.306425,45.56,Unknown,Neutral,False,,1.3,7.7,174.5,176.8,176.8,170.0,66.1,Medium
2025-08-18T21:15:24.367655,45.62,Unknown,Neutral,False,,1.3,7.7,174.4,176.7,176.9,170.1,66.0,Medium
2025-08-18T21:15:24.422865,45.67,Unknown,Neutral,False,,1.3,7.6,174.3,176.5,176.9,170.1,66.0,Medium
2025-08-18T21:15:24.480476,45.73,Unknown,Neutral,False,,1.3,7.5,174.2,176.3,177.0,169.9,66.0,Medium
2025-08-18T21:15:24.523077,45.78,Unknown,Neutral,False,,1.3,7.3,174.2,176.1,177.0,169.9,66.1,Medium
2025-08-18T21:15:24.580958,45.84,Unknown,Neutral,False,,1.3,7.1,174.2,176.0,177.1,169.8,66.1,Medium
2025-08-18T21:15:24.636634,45.89,Unknown,Neutral,False,,1.3,6.9,174.2,175.9,177.1,169.7,66.1,Medium
2025-08-18T21:15:24.683330,45.94,Unknown,Neutral,False,,1.3,6.8,174.1,175.8,177.2,169.6,66.2,Medium
2025-08-18T21:15:24.750388,46.0,Unknown,Neutral,False,,1.3,6.6,174.0,175.6,177.3,169.5,66.2,Medium
2025-08-18T21:15:24.811246,46.06,Unknown,Neutral,False,,1.3,6.5,173.9,175.5,177.4,169.4,66.2,Medium
2025-08-18T21:15:24.859442,46.11,Unknown,Neutral,False,,1.3,6.4,173.8,175.4,177.5,169.3,66.2,Medium
2025-08-18T21:15:24.904593,46.16,Unknown,Neutral,False,,1.2,6.4,173.9,175.3,177.5,169.2,66.2,Medium
2025-08-18T21:15:24.951507,46.2,Unknown,Neutral,False,,1.2,6.3,174.0,175.2,177.4,169.1,66.2,Medium
2025-08-18T21:15:24.996832,46.25,Unknown,Neutral,False,,1.2,6.3,174.0,175.1,177.4,169.1,66.2,Medium
2025-08-18T21:15:25.046255,46.3,Unknown,Neutral,False,,1.2,6.4,174.2,175.1,177.2,169.0,66.3,Medium
2025-08-18T21:15:25.098692,46.36,Unknown,Neutral,False,,1.3,6.5,174.5,175.2,177.0,168.9,66.4,Medium
2025-08-18T21:15:25.141383,46.39,Unknown,Neutral,False,,1.3,6.7,174.8,175.5,176.7,169.1,66.5,Medium
2025-08-18T21:15:25.198458,46.45,Unknown,Neutral,False,,1.4,6.9,175.1,175.9,176.4,169.4,66.6,Medium
2025-08-18T21:15:25.246488,46.5,Unknown,Neutral,False,,1.5,7.1,175.3,176.1,176.2,169.8,66.8,Medium
2025-08-18T21:15:25.297449,46.55,Unknown,Neutral,False,,1.6,7.3,175.4,176.4,176.1,170.1,66.8,Medium
2025-08-18T21:15:25.351471,46.61,Unknown,Neutral,False,,1.6,7.4,175.5,176.6,176.0,170.4,66.9,Medium
2025-08-18T21:15:25.427424,46.69,Unknown,Neutral,False,,1.6,7.5,175.5,176.8,175.9,170.6,67.0,Medium
2025-08-18T21:15:25.495491,46.75,Unknown,Neutral,False,,1.6,7.6,175.6,176.9,175.8,170.8,67.1,Medium
2025-08-18T21:15:25.558952,46.81,Unknown,Neutral,False,,1.6,7.7,175.6,177.0,175.8,170.9,67.2,Medium
2025-08-18T21:15:25.623263,46.88,Unknown,Neutral,False,,1.6,7.7,175.6,177.0,175.8,171.0,67.2,Medium
2025-08-18T21:15:25.671745,46.92,Unknown,Neutral,False,,1.6,7.8,175.6,177.1,175.7,171.1,67.2,Medium
2025-08-18T21:15:25.755309,47.02,Unknown,Neutral,False,,1.6,7.8,175.5,177.0,175.7,171.1,67.2,Medium
2025-08-18T21:15:25.812489,47.06,Unknown,Neutral,False,,1.6,7.9,175.4,177.0,175.8,171.2,67.2,Medium
2025-08-18T21:15:25.916414,47.17,Unknown,Neutral,False,,1.6,7.9,175.4,176.9,175.9,171.1,67.1,Medium
2025-08-18T21:15:25.965871,47.22,Unknown,Neutral,False,,1.6,7.9,175.4,176.8,176.0,171.0,67.1,Medium
2025-08-18T21:15:26.065602,47.33,Unknown,Neutral,False,,1.6,8.0,175.2,176.6,176.3,170.7,66.9,Medium
2025-08-18T21:15:26.483062,47.69,Unknown,Neutral,False,,1.6,8.1,175.0,176.4,176.5,170.5,66.8,Medium
2025-08-18T21:15:26.655041,47.89,Unknown,Neutral,False,,1.6,8.2,174.9,176.2,176.7,170.3,66.7,Medium
2025-08-18T21:15:26.795190,48.05,Unknown,Neutral,False,,1.5,8.3,174.7,176.1,176.9,170.1,66.6,Medium
2025-08-18T21:15:26.983623,48.23,Unknown,Neutral,False,,1.5,8.5,174.6,176.0,177.0,170.0,66.5,Medium
2025-08-18T21:15:27.089275,48.34,Unknown,Neutral,False,,1.4,8.5,174.7,176.1,177.0,170.0,66.6,Medium
2025-08-18T21:15:27.168695,48.42,Unknown,Neutral,False,,1.4,8.6,174.8,176.2,177.0,170.1,66.7,Medium
2025-08-18T21:15:27.265257,48.52,Unknown,Neutral,False,,1.3,8.6,174.8,176.3,176.9,170.2,66.9,Medium
2025-08-18T21:15:27.344038,48.59,Unknown,Neutral,False,,1.2,8.6,174.8,176.4,176.8,170.3,67.0,Medium
2025-08-18T21:15:27.438494,48.69,Unknown,Neutral,False,,1.2,8.6,174.9,176.5,176.7,170.5,67.1,Medium
2025-08-18T21:15:27.570784,48.83,Unknown,Neutral,False,,1.3,8.5,175.0,176.6,176.5,170.6,67.2,Medium
2025-08-18T21:15:27.658431,48.91,Unknown,Neutral,False,,1.3,8.5,175.1,176.6,176.4,170.7,67.2,Medium
2025-08-18T21:15:27.779802,49.03,Unknown,Neutral,False,,1.3,8.5,175.1,176.7,176.4,170.7,67.2,Medium
2025-08-18T21:15:27.894773,49.16,Unknown,Neutral,False,,1.3,8.5,175.1,176.7,176.3,170.8,67.2,Medium
2025-08-18T21:15:27.995676,49.25,Unknown,Neutral,False,,1.3,8.5,175.0,176.7,176.4,170.8,67.2,Medium
2025-08-18T21:15:28.071455,49.33,Unknown,Neutral,False,,1.3,8.5,175.0,176.7,176.3,170.8,67.2,Medium
2025-08-18T21:15:28.130836,49.39,Unknown,Neutral,False,,1.3,8.5,175.0,176.7,176.3,170.8,67.2,Medium
2025-08-18T21:15:28.202888,49.45,Unknown,Neutral,False,,1.3,8.5,175.1,176.8,176.3,170.8,67.2,Medium
2025-08-18T21:15:28.271530,49.53,Unknown,Neutral,False,,1.3,8.6,175.1,176.8,176.4,170.7,67.2,Medium
2025-08-18T21:15:28.355036,49.59,Unknown,Neutral,False,,1.3,8.6,175.1,176.8,176.4,170.7,67.2,Medium
2025-08-18T21:15:28.576415,49.83,Unknown,Neutral,False,,1.2,8.6,175.1,176.8,176.4,170.6,67.2,Medium
2025-08-18T21:15:28.971174,50.23,Unknown,Neutral,False,,1.2,8.7,175.1,176.7,176.5,170.5,67.1,Medium
2025-08-18T21:15:29.538407,50.8,Unknown,Neutral,False,,1.2,8.6,175.0,176.7,176.6,170.3,67.1,Medium
2025-08-18T21:15:29.703010,50.95,Unknown,Neutral,False,,1.3,8.7,174.9,176.6,176.6,170.2,67.0,Medium
2025-08-18T21:15:29.812500,51.06,Unknown,Neutral,False,,1.2,8.7,175.1,176.8,176.5,170.4,67.1,Medium
2025-08-18T21:15:30.092025,51.34,Unknown,Neutral,False,,1.2,8.7,175.3,177.0,176.4,170.5,67.2,Medium
2025-08-18T21:15:30.226049,51.48,Unknown,Neutral,False,,1.2,8.8,175.4,177.0,176.3,170.5,67.3,Medium
2025-08-18T21:15:30.348454,51.61,Unknown,Neutral,False,,1.2,8.8,175.4,176.8,176.2,170.4,67.3,Medium
2025-08-18T21:15:30.667445,51.92,Unknown,Neutral,False,,1.2,8.9,175.4,176.5,176.3,170.1,67.3,Medium
2025-08-18T21:15:30.783187,52.05,Unknown,Neutral,False,,1.2,8.9,175.3,176.3,176.4,169.9,67.3,Medium
2025-08-18T21:15:30.895416,52.16,Unknown,Neutral,False,,1.2,9.0,175.1,176.0,176.5,169.7,67.2,Medium
2025-08-18T21:15:31.005303,52.27,Unknown,Neutral,False,,1.2,9.1,174.9,175.8,176.6,169.5,67.2,Medium
2025-08-18T21:15:31.188466,52.44,Unknown,Neutral,False,,1.2,9.1,174.7,175.7,176.6,169.5,67.1,Medium
2025-08-18T21:15:31.318807,52.58,Unknown,Neutral,False,,1.2,9.2,174.6,175.8,176.5,169.6,67.1,Medium
2025-08-18T21:15:31.462228,52.72,Unknown,Neutral,False,,1.1,9.3,174.5,175.6,176.6,169.4,66.9,Medium
2025-08-18T21:15:31.684298,52.94,Unknown,Neutral,False,,1.3,10.8,174.3,175.2,176.6,169.9,66.3,Medium
2025-08-18T21:15:31.835139,53.09,Unknown,Neutral,False,,2.5,13.4,173.9,174.4,176.0,170.8,64.9,Medium
2025-08-18T21:15:31.961396,53.22,Unknown,Neutral,False,,3.4,15.4,172.9,173.4,176.3,170.8,63.2,Medium
2025-08-18T21:15:32.148047,53.41,Unknown,Neutral,False,,3.6,14.6,173.2,173.5,175.4,171.5,60.6,Medium
2025-08-18T21:15:32.260753,53.52,Unknown,RaisedShoulders,False,,3.0,13.9,174.0,174.3,174.6,172.0,58.8,High
2025-08-18T21:15:32.423536,53.69,Unknown,RaisedShoulders,False,,2.5,12.5,174.6,174.9,174.5,171.6,57.9,High
2025-08-18T21:15:32.513224,53.77,Unknown,RaisedShoulders,False,,1.9,12.1,175.8,175.4,173.7,171.2,57.4,High
2025-08-18T21:15:32.598379,53.86,Unknown,RaisedShoulders,False,,1.7,12.5,176.8,176.0,172.9,170.8,55.8,High
2025-08-18T21:15:32.700082,53.95,Unknown,RaisedShoulders,False,,1.6,14.6,177.4,176.4,172.8,170.7,53.9,High
2025-08-18T21:15:32.806762,54.06,Unknown,RaisedShoulders,False,,2.2,17.6,176.5,176.9,173.4,170.3,51.0,High
2025-08-18T21:15:32.960309,54.2,Unknown,ForwardHead,False,,3.1,20.9,177.3,177.1,171.4,170.3,49.3,High
2025-08-18T21:15:33.198415,54.45,Unknown,ForwardHead,False,,4.3,22.8,177.6,177.3,169.5,171.5,49.0,High
2025-08-18T21:15:33.346205,54.61,Unknown,ForwardHead,False,,5.9,24.5,177.5,177.9,167.7,173.5,48.7,High
2025-08-18T21:15:33.575314,54.83,Unknown,ForwardHead,False,,7.3,25.2,176.4,177.3,164.4,175.0,48.9,High
2025-08-18T21:15:33.720142,54.98,Unknown,ForwardHead,False,,8.3,26.0,176.0,176.9,162.7,175.8,49.3,High
2025-08-18T21:15:33.851558,55.11,Unknown,ForwardHead,False,,8.8,25.1,175.3,176.4,161.7,176.6,50.4,High
2025-08-18T21:15:33.989676,55.25,Unknown,ForwardHead,False,,8.8,23.1,175.8,174.8,162.2,176.3,51.8,High
2025-08-18T21:15:34.170948,55.42,Unknown,ForwardHead,False,,8.2,21.7,176.7,174.8,163.8,177.1,52.6,High
2025-08-18T21:15:34.322819,55.58,Unknown,Neutral,False,,7.3,19.3,177.2,174.5,165.5,177.5,54.5,High
2025-08-18T21:15:34.443999,55.7,Unknown,Neutral,False,,6.1,16.8,177.5,174.0,167.4,178.1,56.9,High
2025-08-18T21:15:34.682329,55.94,Unknown,Neutral,False,,4.8,14.1,177.4,174.5,169.4,177.4,60.1,Medium
2025-08-18T21:15:34.813898,56.06,Unknown,Neutral,False,,4.3,11.5,177.4,175.8,170.8,176.5,63.1,Medium
2025-08-18T21:15:34.899161,56.16,Standing,Neutral,True,,3.8,9.3,177.2,176.6,171.8,176.2,64.9,Medium
2025-08-18T21:15:34.987382,56.25,Standing,Neutral,True,,3.5,7.9,177.2,177.3,172.5,175.7,66.5,Medium
2025-08-18T21:15:35.143641,56.41,Standing,Neutral,True,,3.3,7.0,177.2,177.9,173.0,175.2,67.6,Medium
2025-08-18T21:15:35.309087,56.56,Standing,Neutral,True,,3.1,6.2,177.0,177.6,173.7,174.2,68.7,Medium
2025-08-18T21:15:35.415847,56.67,Standing,Neutral,True,,2.9,5.6,176.8,178.0,174.4,173.9,68.9,Medium
2025-08-18T21:15:35.476676,56.73,Standing,Neutral,True,,2.6,5.2,176.5,178.1,174.8,173.9,68.8,Medium
2025-08-18T21:15:35.519705,56.78,Standing,Neutral,True,,2.3,4.9,176.2,177.7,174.9,173.9,68.8,Medium
2025-08-18T21:15:35.568607,56.83,Standing,Neutral,True,,1.9,4.7,176.0,177.5,174.8,173.9,68.8,Medium
2025-08-18T21:15:35.616652,56.88,Standing,Neutral,True,,1.6,4.7,175.8,177.2,174.7,173.9,68.9,Medium
2025-08-18T21:15:35.713783,56.97,Standing,Neutral,True,,1.4,4.7,175.7,176.8,174.6,173.9,68.9,Medium
2025-08-18T21:15:35.768392,57.03,Standing,Neutral,True,,1.2,4.7,175.6,176.7,174.5,173.9,68.9,Medium
2025-08-18T21:15:35.820079,57.08,Standing,Neutral,True,,1.0,4.6,175.5,176.5,174.5,173.9,68.9,Medium
2025-08-18T21:15:35.867035,57.12,Standing,Neutral,True,,0.9,4.5,175.5,176.5,174.4,174.0,68.9,Medium
2025-08-18T21:15:35.916813,57.17,Standing,Neutral,True,,0.8,4.5,175.5,176.5,174.3,174.1,69.0,Medium
2025-08-18T21:15:35.998106,57.25,Standing,Neutral,True,,0.8,4.4,175.6,176.6,174.1,174.2,69.0,Medium
2025-08-18T21:15:36.058944,57.31,Standing,Neutral,True,,0.7,4.4,175.8,176.7,174.0,174.3,68.9,Medium
2025-08-18T21:15:36.110313,57.36,Standing,Neutral,True,,0.7,4.4,175.9,177.0,173.9,174.4,68.8,Medium
2025-08-18T21:15:36.166557,57.42,Standing,Neutral,True,,0.7,4.5,176.0,177.4,173.8,174.5,68.7,Medium
2025-08-18T21:15:36.266994,57.53,Standing,Neutral,True,,0.8,4.5,176.1,177.8,173.8,174.6,68.5,Medium
2025-08-18T21:15:36.335734,57.59,Standing,Neutral,True,,0.8,4.6,176.1,178.1,173.8,174.7,68.5,Medium
2025-08-18T21:15:36.389963,57.64,Standing,Neutral,True,,0.8,4.6,176.2,178.3,173.8,174.7,68.4,Medium
2025-08-18T21:15:36.484510,57.73,Standing,Neutral,True,,0.9,4.6,176.2,178.5,173.8,174.7,68.4,Medium
2025-08-18T21:15:36.535617,57.8,Standing,Neutral,True,,0.9,4.7,176.0,178.6,174.0,174.7,68.4,Medium
2025-08-18T21:15:36.596475,57.86,Standing,Neutral,True,,0.9,4.7,175.9,178.6,174.1,174.7,68.4,Medium
2025-08-18T21:15:36.682951,57.94,Standing,Neutral,True,,0.8,4.8,175.8,178.1,174.3,174.5,68.7,Medium
2025-08-18T21:15:36.805520,58.06,Standing,Neutral,True,,0.8,4.9,175.7,177.7,174.4,174.3,68.9,Medium
2025-08-18T21:15:36.889728,58.14,Standing,Neutral,True,,0.7,4.9,175.5,177.5,174.4,174.3,68.8,Medium
2025-08-18T21:15:36.983371,58.23,Standing,Neutral,True,,0.7,4.9,175.4,177.5,174.3,174.2,68.8,Medium
2025-08-18T21:15:37.051709,58.31,Standing,Neutral,True,,0.7,5.0,175.5,177.6,174.1,174.2,68.8,Medium
2025-08-18T21:15:37.144088,58.41,Standing,Neutral,True,,0.7,4.9,175.7,177.6,173.8,174.2,68.8,Medium
2025-08-18T21:15:37.214562,58.47,Standing,Neutral,True,,0.7,4.9,175.9,177.6,173.5,174.2,68.7,Medium
2025-08-18T21:15:37.315862,58.58,Standing,Neutral,True,,0.7,4.9,176.1,177.8,173.3,174.2,68.7,Medium
2025-08-18T21:15:37.408439,58.67,Standing,Neutral,True,,0.8,4.9,176.1,177.9,173.1,174.2,68.5,Medium
2025-08-18T21:15:37.454322,58.72,Standing,Neutral,True,,0.7,4.8,176.4,178.0,173.1,174.2,68.3,Medium
2025-08-18T21:15:37.502718,58.77,Standing,Neutral,True,,0.7,4.7,176.8,177.7,173.0,174.0,68.2,Medium
2025-08-18T21:15:37.556008,58.81,Standing,Neutral,True,,0.7,4.7,177.3,177.6,173.1,173.6,68.3,Medium
2025-08-18T21:15:37.612609,58.88,Standing,Neutral,True,,0.6,4.6,177.5,177.6,173.3,173.3,68.3,Medium
2025-08-18T21:15:37.661528,58.92,Standing,Neutral,True,,0.6,4.6,177.6,177.7,173.7,173.0,67.7,Medium
2025-08-18T21:15:37.736196,59.0,Standing,Neutral,True,,0.5,4.7,177.4,177.9,174.2,172.9,67.0,Medium
2025-08-18T21:15:37.786503,59.05,Standing,Neutral,True,,0.4,4.9,177.5,178.0,174.6,173.0,66.0,Medium
2025-08-18T21:15:37.837424,59.09,Standing,Neutral,True,,0.4,5.2,177.2,177.3,175.3,172.8,64.8,Medium
2025-08-18T21:15:37.892019,59.16,Standing,Neutral,True,,0.4,5.7,176.8,176.8,176.0,172.5,62.7,Medium
2025-08-18T21:15:37.993099,59.25,Standing,Neutral,True,,0.6,6.4,176.3,176.1,176.7,171.9,58.9,High
2025-08-18T21:15:38.040516,59.3,Standing,RaisedShoulders,True,,0.8,7.6,175.6,175.6,177.3,171.3,52.9,High
2025-08-18T21:15:38.096921,59.36,Standing,RaisedShoulders,True,,0.9,8.9,175.0,175.2,177.7,170.8,47.8,High
2025-08-18T21:15:38.153083,59.41,Standing,RaisedShoulders,True,,1.1,10.0,174.4,174.9,178.1,170.5,45.6,High
2025-08-18T21:15:38.199170,59.45,Standing,RaisedShoulders,True,,1.2,10.9,173.9,174.7,178.4,170.3,45.0,High
2025-08-18T21:15:38.247449,59.5,Standing,RaisedShoulders,True,,1.2,11.6,173.7,174.6,178.5,170.1,45.0,High
2025-08-18T21:15:38.300041,59.56,Standing,RaisedShoulders,True,,1.2,12.3,173.6,174.6,178.6,170.0,45.0,High
2025-08-18T21:15:38.357504,59.61,Standing,RaisedShoulders,True,,1.2,12.7,173.7,174.5,178.6,170.0,45.0,High
2025-08-18T21:15:38.414645,59.67,Standing,RaisedShoulders,True,,1.2,13.0,173.5,174.9,178.7,169.9,45.0,High
2025-08-18T21:15:38.480633,59.73,Standing,RaisedShoulders,True,,1.3,13.2,173.4,175.4,178.8,169.8,45.0,High
2025-08-18T21:15:38.533476,59.8,Standing,RaisedShoulders,True,,1.3,13.4,173.4,175.9,178.9,169.7,45.0,High
2025-08-18T21:15:38.582361,59.84,Standing,RaisedShoulders,True,,1.4,13.5,173.3,176.3,178.9,169.6,45.0,High
2025-08-18T21:15:38.644684,59.91,Standing,RaisedShoulders,True,,1.4,13.5,173.3,176.6,179.0,169.5,45.0,High
2025-08-18T21:15:38.707709,59.97,Standing,RaisedShoulders,True,,1.5,13.4,173.5,176.9,179.0,169.5,45.0,High
2025-08-18T21:15:38.780045,60.03,Standing,RaisedShoulders,True,,1.4,12.9,173.8,177.4,179.0,169.8,45.0,High
2025-08-18T21:15:38.871753,60.12,Standing,RaisedShoulders,True,,1.4,12.4,174.2,177.9,178.9,170.0,45.0,High
2025-08-18T21:15:38.929658,60.19,Standing,RaisedShoulders,True,,1.3,11.8,174.8,178.2,178.7,170.4,45.6,High
2025-08-18T21:15:38.983567,60.23,Standing,RaisedShoulders,True,,1.1,11.3,175.5,178.5,178.3,170.7,48.9,High
2025-08-18T21:15:39.041741,60.3,Standing,RaisedShoulders,True,,1.0,10.9,176.1,178.8,177.9,171.0,53.0,High
2025-08-18T21:15:39.100929,60.36,Standing,RaisedShoulders,True,,0.8,10.5,176.7,178.5,177.6,171.6,57.2,High
2025-08-18T21:15:39.189162,60.45,Standing,RaisedShoulders,True,,0.7,9.9,177.0,178.4,177.2,172.3,60.3,Medium
2025-08-18T21:15:39.239882,60.5,Standing,RaisedShoulders,True,,0.5,9.1,177.1,178.2,176.9,172.9,62.9,Medium
2025-08-18T21:15:39.299623,60.56,Standing,RaisedShoulders,True,,0.4,8.2,177.0,178.0,176.7,173.4,60.0,Medium
2025-08-18T21:15:39.344733,60.59,Standing,RaisedShoulders,True,,0.4,7.5,177.7,177.8,176.1,173.7,57.5,High
2025-08-18T21:15:39.404652,60.66,Standing,RaisedShoulders,True,,0.4,6.9,178.2,177.6,175.6,174.0,54.0,High
2025-08-18T21:15:39.477350,60.73,Standing,RaisedShoulders,True,,0.4,6.4,178.5,177.4,175.2,174.1,50.9,High
2025-08-18T21:15:39.532323,60.78,Standing,RaisedShoulders,True,,0.5,6.0,178.8,177.3,175.0,174.1,47.9,High
2025-08-18T21:15:39.606684,60.86,Standing,RaisedShoulders,True,,0.5,5.6,178.7,177.2,174.7,173.9,46.3,High
2025-08-18T21:15:39.666119,60.92,Standing,RaisedShoulders,True,,0.7,5.2,178.9,177.1,174.8,173.4,44.7,High
2025-08-18T21:15:39.728585,60.98,Standing,RaisedShoulders,True,,0.9,4.9,178.8,176.8,174.8,173.1,44.5,High
2025-08-18T21:15:39.831325,61.09,Standing,RaisedShoulders,True,,1.1,4.6,178.4,176.8,174.7,172.7,44.4,High
2025-08-18T21:15:39.881429,61.14,Standing,RaisedShoulders,True,,1.2,4.3,177.9,176.3,174.6,172.6,44.3,High
2025-08-18T21:15:39.937011,61.19,Standing,RaisedShoulders,True,,1.3,4.1,177.6,175.7,174.6,172.6,44.2,High
2025-08-18T21:15:39.986937,61.25,Standing,RaisedShoulders,True,,1.4,3.9,177.5,175.6,174.6,172.6,44.1,High
2025-08-18T21:15:40.055489,61.31,Standing,RaisedShoulders,True,,1.5,3.8,177.5,175.6,174.6,172.6,43.9,High
2025-08-18T21:15:40.114152,61.38,Standing,RaisedShoulders,True,,1.6,3.6,178.1,175.7,174.9,172.5,43.7,High
2025-08-18T21:15:40.175120,61.44,Standing,RaisedShoulders,True,,1.5,3.5,178.2,175.6,175.4,172.5,43.4,High
2025-08-18T21:15:40.273547,61.53,Standing,RaisedShoulders,True,,1.5,3.5,178.0,175.6,175.9,172.5,43.6,High
2025-08-18T21:15:40.320326,61.58,Standing,RaisedShoulders,True,,1.3,3.5,178.1,175.6,176.1,172.6,45.5,High
2025-08-18T21:15:40.413256,61.67,Standing,RaisedShoulders,True,,1.2,3.7,178.2,175.5,176.3,172.8,49.8,High
2025-08-18T21:15:40.480745,61.73,Standing,RaisedShoulders,True,,1.1,4.0,178.5,175.7,176.3,173.0,55.0,High
2025-08-18T21:15:40.541316,61.8,Standing,RaisedShoulders,True,,0.8,4.2,178.3,175.9,176.3,173.5,59.6,High
2025-08-18T21:15:40.599057,61.86,Standing,Neutral,True,,0.7,4.4,178.5,176.1,175.6,173.8,62.9,Medium
2025-08-18T21:15:40.711216,61.97,Standing,Neutral,True,,0.7,4.6,178.2,176.6,175.3,173.9,65.5,Medium
2025-08-18T21:15:40.762146,62.02,Standing,Neutral,True,,0.6,4.8,177.9,177.4,175.3,174.0,66.9,Medium
2025-08-18T21:15:40.809484,62.06,Standing,Neutral,True,,0.5,5.2,176.7,177.6,175.4,174.3,67.2,Medium
2025-08-18T21:15:40.859594,62.11,Standing,Neutral,True,,0.5,5.6,175.7,177.7,175.7,174.5,67.1,Medium
2025-08-18T21:15:40.907069,62.16,Standing,Neutral,True,,0.6,6.0,175.0,177.6,176.0,174.6,67.2,Medium
2025-08-18T21:15:40.965247,62.22,Standing,Neutral,True,,0.6,6.4,174.5,177.6,176.2,174.6,67.2,Medium
2025-08-18T21:15:41.012726,62.27,Standing,Neutral,True,,0.6,6.8,174.2,177.6,176.4,174.6,67.2,Medium
2025-08-18T21:15:41.072462,62.33,Standing,Neutral,True,,0.5,7.1,174.5,177.3,176.2,174.4,67.4,Medium
2025-08-18T21:15:41.129730,62.39,Standing,Neutral,True,,0.5,7.3,175.0,177.2,176.0,174.2,67.8,Medium
2025-08-18T21:15:41.178219,62.44,Standing,Neutral,True,,0.6,7.5,175.4,177.2,175.9,174.1,68.0,Medium
2025-08-18T21:15:41.248350,62.5,Standing,Neutral,True,,0.6,7.6,175.6,177.4,175.8,174.0,68.1,Medium
2025-08-18T21:15:41.338437,62.59,Standing,Neutral,True,,0.6,7.7,176.0,177.7,175.6,173.9,68.2,Medium
2025-08-18T21:15:41.398210,62.66,Standing,Neutral,True,,0.6,7.8,176.4,178.0,175.5,173.8,68.4,Medium
2025-08-18T21:15:41.462502,62.72,Standing,Neutral,True,,0.6,7.9,176.7,178.2,175.4,173.6,68.5,Medium
2025-08-18T21:15:41.524696,62.78,Standing,Neutral,True,,0.6,7.9,176.8,178.3,175.3,173.5,68.5,Medium
2025-08-18T21:15:41.571531,62.83,Standing,Neutral,True,,0.6,7.9,177.0,178.1,175.1,173.4,68.8,Medium
2025-08-18T21:15:41.615667,62.88,Standing,Neutral,True,,0.4,7.9,177.7,178.1,174.7,173.4,69.3,Medium
2025-08-18T21:15:41.667629,62.92,Standing,Neutral,True,,0.4,7.9,177.9,177.9,174.2,173.4,69.5,Medium
2025-08-18T21:15:41.721253,62.98,Standing,Neutral,True,,0.5,7.8,178.4,177.9,174.6,173.5,68.9,Medium
2025-08-18T21:15:41.770899,63.03,Standing,Neutral,True,,0.6,7.7,177.9,178.2,174.5,173.7,68.6,Medium
2025-08-18T21:15:41.824647,63.08,Standing,Neutral,True,,0.6,7.7,177.1,178.5,174.1,173.8,68.0,Medium
2025-08-18T21:15:41.880331,63.14,Standing,Neutral,True,,0.7,7.6,176.1,178.8,173.6,173.9,67.1,Medium
2025-08-18T21:15:41.926425,63.19,Standing,Neutral,True,,0.7,7.7,176.6,179.0,173.7,173.9,66.5,Medium
2025-08-18T21:15:41.969700,63.22,Standing,Neutral,True,,0.5,7.9,177.4,179.2,174.1,173.7,65.8,Medium
2025-08-18T21:15:42.016178,63.27,Standing,Neutral,True,,0.4,8.2,177.9,179.1,174.6,173.7,65.3,Medium
2025-08-18T21:15:42.065083,63.33,Standing,Neutral,True,,0.4,8.4,178.0,179.0,175.1,173.6,64.8,Medium
2025-08-18T21:15:42.114650,63.38,Standing,Neutral,True,,0.4,8.5,178.0,178.7,175.6,173.5,64.1,Medium
2025-08-18T21:15:42.159620,63.42,Standing,Neutral,True,,0.5,8.6,178.0,178.5,175.9,173.5,63.6,Medium
2025-08-18T21:15:42.208664,63.47,Standing,Neutral,True,,0.5,8.7,178.1,178.3,176.3,173.4,63.3,Medium
2025-08-18T21:15:42.251386,63.52,Standing,Neutral,True,,0.5,8.7,178.3,178.1,176.6,173.3,63.0,Medium
2025-08-18T21:15:42.298777,63.56,Standing,Neutral,True,,0.5,8.7,178.4,177.9,176.8,173.2,62.7,Medium
2025-08-18T21:15:42.359324,63.61,Standing,Neutral,True,,0.5,8.7,178.7,177.8,176.8,173.2,62.5,Medium
2025-08-18T21:15:42.403580,63.66,Standing,Neutral,True,,0.5,8.6,178.8,177.7,176.8,173.2,62.4,Medium
2025-08-18T21:15:42.455875,63.72,Standing,RaisedShoulders,True,,0.5,8.6,178.9,177.6,176.8,173.1,62.3,Medium
2025-08-18T21:15:42.506448,63.77,Standing,RaisedShoulders,True,,0.6,8.6,178.9,177.6,176.8,173.1,62.3,Medium
2025-08-18T21:15:42.550245,63.81,Standing,RaisedShoulders,True,,0.6,8.6,178.8,177.6,176.9,173.0,62.3,Medium
2025-08-18T21:15:42.598748,63.86,Standing,RaisedShoulders,True,,0.6,8.6,178.7,177.7,176.9,173.0,62.4,Medium
2025-08-18T21:15:42.647385,63.91,Standing,RaisedShoulders,True,,0.7,8.6,178.9,177.7,176.7,173.0,62.4,Medium
2025-08-18T21:15:42.703348,63.95,Standing,RaisedShoulders,True,,0.7,8.5,178.9,177.8,176.7,172.9,62.4,Medium
2025-08-18T21:15:42.753555,64.02,Standing,RaisedShoulders,True,,0.7,8.4,178.9,177.8,176.6,172.9,62.3,Medium
2025-08-18T21:15:42.797924,64.06,Standing,Neutral,True,,0.7,8.3,179.0,177.8,176.6,172.9,62.3,Medium
2025-08-18T21:15:42.913810,64.17,Standing,Neutral,True,,0.7,8.3,179.0,177.8,176.6,172.9,62.3,Medium
2025-08-18T21:15:42.963188,64.22,Standing,Neutral,True,,0.8,8.2,179.1,178.0,176.6,172.8,62.3,Medium
2025-08-18T21:15:43.010574,64.27,Standing,Neutral,True,,0.8,8.2,179.3,178.2,176.6,172.6,62.2,Medium
2025-08-18T21:15:43.058291,64.31,Standing,Neutral,True,,0.9,8.2,179.5,178.3,176.6,172.4,62.0,Medium
2025-08-18T21:15:43.121439,64.38,Standing,Neutral,True,,1.0,8.3,179.5,178.4,176.8,172.2,61.8,Medium
2025-08-18T21:15:43.184534,64.44,Standing,Neutral,True,,1.1,8.5,179.4,178.5,176.9,172.1,61.6,Medium
2025-08-18T21:15:43.244626,64.5,Standing,Neutral,True,,1.2,8.5,179.6,178.6,177.1,171.9,61.5,Medium
2025-08-18T21:15:43.295931,64.55,Standing,Neutral,True,,1.3,8.6,179.5,178.7,177.1,171.8,61.4,Medium
2025-08-18T21:15:43.344736,64.59,Standing,Neutral,True,,1.3,8.5,179.4,179.0,177.2,171.9,61.5,Medium
2025-08-18T21:15:43.392942,64.66,Standing,Neutral,True,,1.2,8.3,178.9,178.7,177.1,172.0,61.6,Medium
2025-08-18T21:15:43.459296,64.72,Standing,Neutral,True,,1.1,8.2,178.3,178.2,177.0,172.2,61.9,Medium
2025-08-18T21:15:43.521414,64.78,Standing,Neutral,True,,1.0,8.2,177.9,177.8,176.8,172.4,62.2,Medium
2025-08-18T21:15:43.609041,64.86,Standing,Neutral,True,,0.9,8.3,177.4,177.5,176.5,172.6,62.6,Medium
2025-08-18T21:15:43.655941,64.91,Standing,Neutral,True,,0.8,8.9,177.1,177.3,176.3,172.6,63.4,Medium
2025-08-18T21:15:43.705191,64.97,Standing,Neutral,True,,0.6,9.4,177.0,177.2,176.1,172.9,64.1,Medium
2025-08-18T21:15:43.789156,65.05,Standing,Neutral,True,,0.5,10.0,177.0,177.2,175.8,173.1,64.7,Medium
2025-08-18T21:15:43.868957,65.12,Standing,Neutral,True,,0.6,11.3,177.1,177.3,175.4,173.5,65.2,Medium
2025-08-18T21:15:43.954498,65.2,Standing,Neutral,True,,0.7,12.3,177.7,177.6,175.4,173.8,65.3,Medium
2025-08-18T21:15:44.050487,65.31,Standing,Neutral,True,,1.1,13.3,176.7,177.5,175.6,174.5,65.0,Medium
2025-08-18T21:15:44.104447,65.36,Standing,Neutral,True,,1.5,14.1,175.9,177.3,175.5,175.0,64.9,Medium
2025-08-18T21:15:44.157398,65.41,Standing,Neutral,True,,1.8,14.6,175.3,177.2,175.4,175.4,64.8,Medium
2025-08-18T21:15:44.232713,65.48,Standing,Neutral,True,,2.0,14.9,175.5,177.3,174.8,175.7,64.5,Medium
2025-08-18T21:15:44.298390,65.56,Standing,Neutral,True,,2.1,15.0,176.1,177.3,173.9,176.0,64.3,Medium
2025-08-18T21:15:44.356551,65.61,Standing,Neutral,True,,2.2,15.1,176.8,177.4,173.1,176.1,64.2,Medium
2025-08-18T21:15:44.457337,65.72,Standing,Neutral,True,,2.3,14.6,177.4,177.6,172.5,176.2,64.5,Medium
2025-08-18T21:15:44.506152,65.77,Standing,Neutral,True,,2.2,13.7,178.0,177.8,172.0,176.2,64.7,Medium
2025-08-18T21:15:44.550760,65.81,Standing,Neutral,True,,2.2,12.6,178.2,178.2,171.8,176.3,65.0,Medium
2025-08-18T21:15:44.605817,65.86,Standing,Neutral,True,,2.1,11.6,178.4,178.6,171.7,176.4,65.3,Medium
2025-08-18T21:15:44.671090,65.92,Standing,Neutral,True,,2.1,10.7,178.5,178.9,171.6,176.4,65.6,Medium
2025-08-18T21:15:44.779412,66.03,Standing,Neutral,True,,2.0,10.0,178.6,179.1,171.4,176.4,65.8,Medium
2025-08-18T21:15:44.826691,66.08,Standing,Neutral,True,,2.1,9.5,178.6,179.2,171.4,176.4,65.9,Medium
2025-08-18T21:15:44.919026,66.17,Standing,Neutral,True,,2.2,9.1,178.7,179.4,171.3,176.5,65.8,Medium
2025-08-18T21:15:44.997224,66.25,Standing,Neutral,True,,2.3,9.5,178.7,179.4,171.1,176.5,65.8,Medium
2025-08-18T21:15:45.081721,66.34,Standing,Neutral,True,,2.5,10.3,178.7,179.3,171.0,176.5,65.6,Medium
2025-08-18T21:15:45.130881,66.39,Standing,Neutral,True,,3.0,13.9,179.0,178.9,170.3,177.3,64.8,Medium
2025-08-18T21:15:45.240207,66.5,Standing,Neutral,True,,3.9,18.1,178.8,178.0,169.2,177.2,62.2,Medium
2025-08-18T21:15:45.316109,66.58,Standing,ForwardHead,True,,4.8,21.7,178.6,176.7,168.7,176.7,59.7,High
2025-08-18T21:15:45.401404,66.66,Standing,ForwardHead,True,,6.0,29.2,178.0,176.4,166.8,176.4,56.1,High
2025-08-18T21:15:45.469095,66.72,Standing,ForwardHead,True,,7.5,41.1,176.0,176.6,164.2,176.5,51.0,High
2025-08-18T21:15:45.522036,66.78,Unknown,ForwardHead,False,,9.1,46.6,173.0,177.4,160.9,177.4,47.0,High
2025-08-18T21:15:45.605276,66.86,Unknown,ForwardHead,False,,10.1,50.7,171.1,177.8,160.0,177.1,44.6,High
2025-08-18T21:15:45.698738,66.95,Unknown,ForwardHead,False,,11.1,49.3,168.4,177.4,156.2,175.3,43.3,High
2025-08-18T21:15:45.779030,67.03,Unknown,ForwardHead,False,,12.8,45.0,166.8,176.3,151.4,172.8,43.5,High
2025-08-18T21:15:45.839311,67.09,Unknown,Slouch,False,,18.5,37.7,138.3,175.0,134.4,131.9,47.1,High
2025-08-18T21:15:45.894677,67.16,Unknown,Slouch,False,,18.1,30.5,135.0,154.9,118.8,100.7,59.0,High
2025-08-18T21:15:45.975473,67.23,Unknown,ForwardHead,False,,17.9,25.7,132.1,119.5,115.8,78.9,65.9,Medium
2025-08-18T21:15:46.036556,67.3,Unknown,ForwardHead,False,,13.9,20.9,126.3,91.7,106.6,64.2,70.3,Medium
2025-08-18T21:15:46.082658,67.34,Unknown,RaisedShoulders,False,,10.4,17.1,118.5,71.4,99.2,55.5,68.9,Medium
2025-08-18T21:15:46.140765,67.39,Unknown,RaisedShoulders,False,,8.1,12.9,111.3,61.6,94.4,49.3,65.4,Medium
2025-08-18T21:15:46.187781,67.44,Unknown,Slouch,False,,18.1,11.4,127.3,85.5,114.8,74.5,64.2,Medium
2025-08-18T21:15:46.232462,67.48,Unknown,RaisedShoulders,False,,16.5,10.2,99.0,76.4,124.5,96.3,67.9,Medium
2025-08-18T21:15:46.294965,67.55,Unknown,RaisedShoulders,False,,13.3,18.8,114.0,68.9,130.1,112.5,64.0,Medium
2025-08-18T21:15:46.345637,67.61,Unknown,ForwardHead,False,,10.6,22.9,114.1,88.6,133.1,124.6,68.5,Medium
2025-08-18T21:15:46.393127,67.66,Unknown,ForwardHead,False,,8.5,23.8,104.3,99.8,134.3,133.7,78.7,Medium
2025-08-18T21:15:46.454830,67.72,Unknown,ForwardHead,False,,6.5,21.5,96.7,92.7,137.0,140.8,78.8,Medium
2025-08-18T21:15:46.498942,67.75,Unknown,ForwardHead,False,,4.9,20.7,78.3,78.8,139.4,147.7,76.6,Medium
2025-08-18T21:15:46.544245,67.8,Unknown,ForwardHead,False,,3.7,20.5,67.3,73.5,140.8,152.9,71.8,Medium
2025-08-18T21:15:46.595277,67.86,Unknown,ForwardHead,False,,3.1,23.1,57.5,68.2,142.1,156.4,65.0,Medium
2025-08-18T21:15:46.646841,67.91,Unknown,ForwardHead,False,,3.1,26.2,52.3,63.2,142.4,158.8,60.7,Medium
2025-08-18T21:15:46.696768,67.95,Unknown,ForwardHead,False,,3.5,29.8,81.5,76.4,142.5,160.5,68.7,Medium
2025-08-18T21:15:46.762751,68.02,Unknown,ForwardHead,False,,4.6,30.3,101.9,98.1,141.7,163.7,71.0,Medium
2025-08-18T21:15:46.805770,68.06,Unknown,ForwardHead,False,,6.9,32.3,109.4,108.8,138.7,162.0,66.9,Medium
2025-08-18T21:15:46.860903,68.12,Unknown,ForwardHead,False,,9.6,33.1,118.1,126.2,136.8,164.7,56.5,High
2025-08-18T21:15:46.920391,68.17,Unknown,ForwardHead,False,,12.8,33.7,118.1,136.3,133.2,165.2,52.8,High
2025-08-18T21:15:46.978127,68.23,Unknown,ForwardHead,False,,15.2,34.4,121.2,147.2,131.1,163.6,48.6,High
2025-08-18T21:15:47.036353,68.3,Unknown,Slouch,False,LeanRight,18.3,33.9,122.7,152.5,130.9,163.1,46.5,High
2025-08-18T21:15:47.083230,68.34,Unknown,Slouch,False,LeanRight,20.8,32.5,119.6,157.5,130.6,162.0,45.7,High
2025-08-18T21:15:47.145775,68.41,Unknown,Slouch,False,LeanRight,22.9,31.6,113.8,159.8,131.4,158.2,45.4,High
2025-08-18T21:15:47.201127,68.45,Unknown,Slouch,False,LeanRight,24.6,31.0,107.8,164.5,131.7,157.8,45.4,High
2025-08-18T21:15:47.250915,68.5,Unknown,Slouch,False,LeanRight,25.6,30.9,102.9,166.6,132.7,157.4,45.0,High
2025-08-18T21:15:47.303759,68.56,Unknown,Slouch,False,LeanRight,26.1,30.2,104.1,169.2,134.0,153.8,44.0,High
2025-08-18T21:15:47.399824,68.66,Unknown,Slouch,False,LeanRight,25.8,29.0,111.3,168.3,135.7,154.2,42.9,High
2025-08-18T21:15:47.467139,68.72,Unknown,Slouch,False,,24.6,28.0,114.9,168.3,132.9,152.5,43.4,High
2025-08-18T21:15:47.521027,68.78,Unknown,Slouch,False,,23.4,27.9,121.7,168.0,134.4,153.7,41.2,High
2025-08-18T21:15:47.579035,68.83,Unknown,Slouch,False,,22.1,28.2,128.5,169.2,136.8,157.4,38.8,High
2025-08-18T21:15:47.642911,68.91,Unknown,Slouch,False,,20.5,28.2,139.8,169.3,143.1,162.0,36.0,High
2025-08-18T21:15:47.693188,68.95,Unknown,Slouch,False,,18.2,29.4,149.2,170.2,149.4,165.2,35.1,High
2025-08-18T21:15:47.750874,69.0,Unknown,ForwardHead,False,,16.2,29.8,156.9,170.5,154.6,168.4,35.8,High
2025-08-18T21:15:47.801335,69.06,Unknown,ForwardHead,False,,14.2,30.2,162.5,170.9,158.7,170.7,36.5,High
2025-08-18T21:15:47.856331,69.11,Unknown,ForwardHead,False,,12.4,30.5,166.9,171.1,162.3,172.8,37.1,High
2025-08-18T21:15:47.927011,69.19,Unknown,ForwardHead,False,,10.7,30.2,170.0,171.6,165.5,174.2,38.0,High
2025-08-18T21:15:47.991843,69.25,Unknown,ForwardHead,False,,9.1,26.7,172.3,172.9,167.6,175.4,39.9,High
2025-08-18T21:15:48.048982,69.31,Unknown,ForwardHead,False,,7.4,24.0,173.8,174.4,169.5,175.6,41.1,High
2025-08-18T21:15:48.099336,69.36,Unknown,ForwardHead,False,,6.4,21.7,174.5,175.7,171.0,175.6,42.1,High
2025-08-18T21:15:48.149749,69.41,Unknown,RaisedShoulders,False,,5.4,19.3,174.9,176.1,172.5,175.0,43.1,High
2025-08-18T21:15:48.213713,69.47,Unknown,RaisedShoulders,False,,4.1,16.1,175.3,176.6,173.8,174.1,44.7,High
2025-08-18T21:15:48.265388,69.52,Unknown,RaisedShoulders,False,,3.3,13.5,175.5,176.5,174.7,173.1,46.4,High
2025-08-18T21:15:48.317720,69.58,Unknown,RaisedShoulders,False,,2.6,11.3,175.5,176.0,175.2,172.0,48.0,High
2025-08-18T21:15:48.372489,69.62,Unknown,RaisedShoulders,False,,2.2,9.4,175.3,175.7,175.6,171.2,50.4,High
2025-08-18T21:15:48.422488,69.67,Unknown,RaisedShoulders,False,,2.1,7.3,175.4,175.5,176.2,170.6,52.5,High
2025-08-18T21:15:48.484916,69.73,Unknown,RaisedShoulders,False,,2.3,5.9,175.3,175.3,177.1,170.1,54.8,High
2025-08-18T21:15:48.538701,69.8,Unknown,RaisedShoulders,False,,2.6,5.3,174.9,174.6,177.5,169.6,57.0,High
2025-08-18T21:15:48.589089,69.84,Unknown,RaisedShoulders,False,,2.8,4.9,174.8,174.2,178.0,169.4,58.9,High
2025-08-18T21:15:48.648851,69.91,Unknown,RaisedShoulders,False,,3.0,5.1,174.5,174.0,178.3,169.5,60.7,Medium
2025-08-18T21:15:48.701504,69.95,Unknown,RaisedShoulders,False,,3.1,5.4,174.7,174.2,178.7,169.7,59.3,High
2025-08-18T21:15:48.754689,70.02,Unknown,RaisedShoulders,False,,2.8,5.3,174.8,174.6,178.7,170.4,59.8,High
2025-08-18T21:15:48.806813,70.06,Unknown,RaisedShoulders,False,,2.5,5.1,175.0,175.0,178.6,171.1,60.9,Medium
2025-08-18T21:15:48.864036,70.12,Unknown,RaisedShoulders,False,,2.2,4.9,175.2,175.3,178.5,171.7,62.1,Medium
2025-08-18T21:15:48.924774,70.19,Unknown,Neutral,False,,2.0,4.5,175.2,175.5,178.4,172.1,62.6,Medium
2025-08-18T21:15:48.975191,70.23,Unknown,Neutral,False,,1.8,4.2,175.3,175.8,178.2,172.5,63.2,Medium
2025-08-18T21:15:49.021591,70.28,Unknown,Neutral,False,,1.7,3.2,175.7,176.5,177.9,173.5,64.2,Medium
2025-08-18T21:15:49.067289,70.33,Unknown,Neutral,False,,1.4,3.0,176.2,177.2,177.5,174.4,65.4,Medium
2025-08-18T21:15:49.120419,70.38,Unknown,Neutral,False,,1.2,3.2,176.5,177.8,177.2,175.3,66.6,Medium
2025-08-18T21:15:49.163604,70.42,Unknown,Neutral,False,,1.0,3.6,176.7,178.4,177.0,176.1,67.4,Medium
2025-08-18T21:15:49.208832,70.47,Unknown,Neutral,False,,0.7,4.0,176.9,178.7,176.8,176.7,68.3,Medium
2025-08-18T21:15:49.258847,70.52,Unknown,Neutral,False,,0.6,4.2,177.0,179.0,176.6,177.3,68.9,Medium
2025-08-18T21:15:49.310528,70.56,Unknown,Neutral,False,,0.5,4.1,177.2,178.6,176.6,176.6,69.4,Medium
2025-08-18T21:15:49.355282,70.61,Unknown,Neutral,False,,0.4,3.8,177.4,178.2,176.8,175.7,69.0,Medium
2025-08-18T21:15:49.402401,70.66,Unknown,Neutral,False,,0.3,3.4,177.4,177.6,177.2,174.6,68.6,Medium
2025-08-18T21:15:49.450076,70.7,Unknown,Neutral,False,,0.3,3.1,177.4,177.1,177.4,173.7,68.3,Medium
2025-08-18T21:15:49.494503,70.75,Unknown,Neutral,False,,0.5,2.9,177.4,176.6,177.7,172.8,68.0,Medium
2025-08-18T21:15:49.584268,70.84,Unknown,Neutral,False,,0.7,2.9,177.3,176.1,178.1,171.8,67.6,Medium
2025-08-18T21:15:49.672694,70.92,Unknown,Neutral,False,,0.9,2.7,177.0,175.6,178.5,170.9,66.8,Medium
2025-08-18T21:15:49.717701,70.97,Unknown,Neutral,False,,1.3,2.6,176.8,175.3,178.8,170.0,65.7,Medium
2025-08-18T21:15:49.781164,71.03,Unknown,Neutral,False,,1.7,2.6,176.8,175.1,178.8,169.2,64.7,Medium
2025-08-18T21:15:49.835568,71.09,Unknown,Neutral,False,,2.2,2.6,176.9,175.1,178.9,168.8,64.2,Medium
2025-08-18T21:15:49.887398,71.14,Unknown,Neutral,False,,2.5,2.4,176.8,175.0,179.0,168.4,64.1,Medium
2025-08-18T21:15:49.944551,71.2,Unknown,Neutral,False,,2.7,2.1,176.8,175.0,179.1,168.2,64.0,Medium
2025-08-18T21:15:49.993221,71.25,Unknown,Neutral,False,,2.9,1.8,176.8,175.0,179.2,168.0,64.0,Medium
2025-08-18T21:15:50.040420,71.3,Unknown,Neutral,False,,3.0,1.7,176.8,175.0,179.4,167.9,64.0,Medium
2025-08-18T21:15:50.088298,71.34,Unknown,Neutral,False,,2.9,1.6,176.8,175.2,179.5,168.1,64.0,Medium
2025-08-18T21:15:50.141089,71.39,Unknown,Neutral,False,,2.8,1.6,177.0,175.6,179.5,168.4,64.2,Medium
2025-08-18T21:15:50.192455,71.45,Unknown,Neutral,False,,2.6,1.9,177.0,175.8,179.4,168.7,64.4,Medium
2025-08-18T21:15:50.247873,71.5,Unknown,Neutral,False,,2.4,2.3,177.1,175.9,179.3,169.0,64.6,Medium
2025-08-18T21:15:50.299661,71.56,Unknown,Neutral,False,,2.2,2.7,177.1,176.0,179.1,169.2,65.0,Medium
2025-08-18T21:15:50.346055,71.61,Unknown,Neutral,False,,1.7,4.1,176.9,175.9,179.0,169.5,65.8,Medium
2025-08-18T21:15:50.400711,71.66,Unknown,Neutral,False,,1.4,5.8,176.8,175.7,178.7,169.6,66.8,Medium
2025-08-18T21:15:50.460538,71.72,Unknown,Neutral,False,,1.0,7.2,176.6,175.4,178.8,169.4,66.0,Medium
2025-08-18T21:15:50.506362,71.77,Unknown,Neutral,False,,1.0,8.6,176.4,175.1,178.6,169.3,64.9,Medium
2025-08-18T21:15:50.554696,71.81,Unknown,Neutral,False,,1.2,9.8,176.3,174.9,178.2,169.3,63.8,Medium
2025-08-18T21:15:50.608441,71.86,Unknown,Neutral,False,,1.6,11.1,176.2,174.9,177.9,169.3,62.6,Medium
2025-08-18T21:15:50.660754,71.92,Unknown,Neutral,False,,1.9,12.7,176.1,174.8,177.8,169.0,60.8,Medium
2025-08-18T21:15:50.730288,71.98,Unknown,Neutral,False,,2.2,14.0,176.2,175.1,177.7,169.2,59.5,High
2025-08-18T21:15:50.800256,72.06,Unknown,Neutral,False,,2.3,15.6,176.5,175.8,177.7,169.8,58.4,High
2025-08-18T21:15:50.850524,72.11,Unknown,Neutral,False,,2.4,16.9,177.0,176.5,177.4,170.5,57.3,High
2025-08-18T21:15:50.900614,72.16,Unknown,Neutral,False,,2.6,18.0,177.4,177.1,177.0,171.3,56.5,High
2025-08-18T21:15:50.953855,72.2,Unknown,Neutral,False,,2.8,18.6,177.7,177.6,176.7,171.9,56.2,High
2025-08-18T21:15:51.010618,72.27,Unknown,Neutral,False,,2.9,18.8,178.0,178.0,176.3,172.4,56.2,High
2025-08-18T21:15:51.071330,72.33,Unknown,Neutral,False,,3.0,19.1,178.2,178.2,176.2,172.8,56.1,High
2025-08-18T21:15:51.118889,72.38,Unknown,RaisedShoulders,False,,3.0,19.4,178.4,178.5,176.2,173.1,55.8,High
2025-08-18T21:15:51.164508,72.42,Unknown,RaisedShoulders,False,,3.1,19.6,178.5,178.7,176.0,173.4,55.7,High
2025-08-18T21:15:51.227918,72.48,Unknown,RaisedShoulders,False,,3.1,19.5,178.5,178.8,175.9,173.7,55.7,High
2025-08-18T21:15:51.278826,72.53,Unknown,RaisedShoulders,False,,3.2,19.5,178.5,179.0,175.9,173.9,55.6,High
2025-08-18T21:15:51.342823,72.59,Unknown,RaisedShoulders,False,,3.2,19.5,178.4,179.1,175.8,174.1,55.6,High
2025-08-18T21:15:51.390137,72.64,Unknown,RaisedShoulders,False,,3.1,19.4,178.4,179.1,175.9,174.2,55.6,High
2025-08-18T21:15:51.454720,72.7,Unknown,RaisedShoulders,False,,3.2,19.4,178.3,179.1,175.9,174.3,55.6,High
2025-08-18T21:15:51.514876,72.77,Unknown,RaisedShoulders,False,,3.2,19.3,178.3,179.1,176.1,174.3,55.6,High
2025-08-18T21:15:51.567379,72.83,Unknown,RaisedShoulders,False,,3.3,19.2,178.2,179.1,176.2,174.3,55.6,High
2025-08-18T21:15:51.623027,72.88,Unknown,RaisedShoulders,False,,3.2,18.1,178.2,179.2,176.2,174.3,56.3,High
2025-08-18T21:15:51.679610,72.94,Unknown,Neutral,False,,3.0,16.8,178.2,179.2,176.2,174.2,57.1,High
2025-08-18T21:15:51.793284,73.05,Unknown,Neutral,False,,2.8,15.7,178.2,179.3,176.2,174.1,57.8,High
2025-08-18T21:15:51.865728,73.12,Unknown,Neutral,False,,2.5,14.6,178.3,179.4,176.3,174.0,58.9,High
2025-08-18T21:15:51.945727,73.2,Unknown,Neutral,False,,2.2,13.5,178.4,179.4,176.4,173.8,59.7,High
2025-08-18T21:15:52.001034,73.27,Unknown,Neutral,False,,1.7,12.4,178.5,179.5,176.9,173.5,60.8,Medium
2025-08-18T21:15:52.046782,73.3,Unknown,Neutral,False,,1.3,11.4,178.5,179.4,177.1,173.4,61.9,Medium
2025-08-18T21:15:52.099832,73.36,Unknown,Neutral,False,,1.1,10.6,178.5,179.2,177.3,173.2,62.8,Medium
2025-08-18T21:15:52.149490,73.41,Unknown,Neutral,False,,0.9,9.7,178.5,179.0,177.5,173.0,63.5,Medium
2025-08-18T21:15:52.192757,73.45,Unknown,Neutral,False,,0.8,9.0,178.4,178.8,177.7,172.8,63.9,Medium
2025-08-18T21:15:52.236293,73.5,Unknown,Neutral,False,,0.8,8.4,178.2,178.4,177.9,172.5,64.2,Medium
2025-08-18T21:15:52.286844,73.55,Unknown,Neutral,False,,0.8,7.9,178.0,178.1,178.1,172.2,64.5,Medium
2025-08-18T21:15:52.331264,73.59,Unknown,Neutral,False,,0.9,7.6,177.8,177.9,178.3,171.9,64.8,Medium
2025-08-18T21:15:52.438673,73.69,Unknown,Neutral,False,,0.9,7.4,178.0,177.8,178.1,171.6,65.1,Medium
2025-08-18T21:15:52.486653,73.75,Unknown,Neutral,False,,0.9,7.1,177.7,177.7,178.3,171.2,65.3,Medium
2025-08-18T21:15:52.534278,73.8,Unknown,Neutral,False,,1.0,6.8,177.4,177.4,178.5,170.7,65.5,Medium
2025-08-18T21:15:52.597067,73.86,Unknown,Neutral,False,,1.1,6.5,176.8,176.7,178.9,170.0,65.4,Medium
2025-08-18T21:15:52.654206,73.91,Unknown,Neutral,False,,1.4,6.3,176.1,175.6,179.0,169.1,65.2,Medium
2025-08-18T21:15:52.715595,73.97,Unknown,Neutral,False,,1.6,6.1,175.2,174.4,179.1,168.1,64.9,Medium
2025-08-18T21:15:52.762710,74.02,Unknown,Neutral,False,,1.9,5.9,174.4,173.3,179.2,167.1,64.5,Medium
2025-08-18T21:15:52.812231,74.06,Unknown,Neutral,False,,2.1,5.8,173.9,172.5,179.3,166.4,64.2,Medium
2025-08-18T21:15:52.862736,74.12,Unknown,Neutral,False,,2.2,5.7,173.4,171.9,179.4,165.9,63.9,Medium
2025-08-18T21:15:52.910317,74.17,Unknown,Neutral,False,,2.2,5.6,173.0,171.4,179.5,165.4,63.7,Medium
2025-08-18T21:15:52.952384,74.2,Unknown,Neutral,False,,2.3,5.5,172.8,171.2,179.6,165.2,63.5,Medium
2025-08-18T21:15:53.000865,74.25,Unknown,Neutral,False,,2.3,5.5,172.6,171.1,179.7,165.0,63.3,Medium
2025-08-18T21:15:53.054594,74.31,Unknown,Neutral,False,,2.3,5.5,172.6,171.0,179.7,164.9,63.2,Medium
2025-08-18T21:15:53.100926,74.36,Unknown,Neutral,False,,2.4,5.6,172.5,171.0,179.7,164.9,63.1,Medium
2025-08-18T21:15:53.159305,74.42,Unknown,Neutral,False,,2.5,5.6,172.5,171.2,179.8,164.9,63.2,Medium
2025-08-18T21:15:53.218795,74.47,Unknown,Neutral,False,,2.6,5.7,172.5,171.3,179.8,164.9,63.2,Medium
2025-08-18T21:15:53.276437,74.53,Unknown,Neutral,False,,2.6,5.7,172.4,171.4,179.9,164.9,63.2,Medium
2025-08-18T21:15:53.329129,74.58,Unknown,Neutral,False,,2.7,5.6,172.4,171.5,179.9,164.9,63.2,Medium
2025-08-18T21:15:53.374305,74.62,Unknown,Neutral,False,,2.7,5.6,172.5,171.6,179.9,165.0,63.2,Medium
2025-08-18T21:15:53.418880,74.67,Unknown,Neutral,False,,2.7,5.5,172.5,171.7,179.9,165.0,63.2,Medium
2025-08-18T21:15:53.480860,74.73,Unknown,Neutral,False,,2.8,5.4,172.8,171.8,179.8,165.1,63.2,Medium
2025-08-18T21:15:53.528928,74.78,Unknown,Neutral,False,,2.8,5.4,173.1,172.0,179.7,165.2,63.2,Medium
2025-08-18T21:15:53.574161,74.83,Unknown,Neutral,False,,2.9,5.4,173.6,172.2,179.7,165.3,63.2,Medium
2025-08-18T21:15:53.621770,74.88,Unknown,Neutral,False,,2.9,5.5,174.0,172.4,179.5,165.6,63.3,Medium
2025-08-18T21:15:53.666089,74.92,Unknown,Neutral,False,,2.9,5.5,174.4,172.7,179.4,165.8,63.4,Medium
2025-08-18T21:15:53.709932,74.97,Unknown,Neutral,False,,2.9,5.6,174.6,172.9,179.3,165.9,63.5,Medium
2025-08-18T21:15:53.754370,75.02,Unknown,Neutral,False,,2.9,5.6,174.8,173.0,179.2,166.1,63.6,Medium
2025-08-18T21:15:53.805066,75.06,Unknown,Neutral,False,,2.9,5.7,174.9,173.2,179.2,166.2,63.7,Medium
2025-08-18T21:15:53.857277,75.11,Unknown,Neutral,False,,3.0,5.8,175.1,173.4,179.1,166.3,63.8,Medium
2025-08-18T21:15:53.917371,75.17,Unknown,Neutral,False,,3.0,5.9,175.3,173.6,179.1,166.4,63.9,Medium
2025-08-18T21:15:53.961481,75.22,Unknown,Neutral,False,,3.1,6.0,175.5,173.8,179.1,166.5,64.1,Medium
2025-08-18T21:15:54.027325,75.28,Unknown,Neutral,False,,3.1,6.1,175.6,173.9,179.1,166.6,64.2,Medium
2025-08-18T21:15:54.089111,75.34,Unknown,Neutral,False,,3.2,6.1,175.8,174.0,179.1,166.6,64.3,Medium
2025-08-18T21:15:54.141226,75.39,Unknown,Neutral,False,,3.2,6.1,176.0,174.1,179.1,166.7,64.4,Medium
2025-08-18T21:15:54.189190,75.45,Unknown,Neutral,False,,3.2,6.2,176.0,174.2,179.1,166.7,64.5,Medium
2025-08-18T21:15:54.234138,75.48,Unknown,Neutral,False,,3.2,6.2,176.1,174.2,179.1,166.6,64.5,Medium
2025-08-18T21:15:54.290498,75.55,Unknown,Neutral,False,,3.2,6.2,176.2,174.2,179.2,166.7,64.5,Medium
2025-08-18T21:15:54.343204,75.59,Unknown,Neutral,False,,3.2,6.1,176.2,174.3,179.2,166.7,64.6,Medium
2025-08-18T21:15:54.394032,75.66,Unknown,Neutral,False,,3.2,6.1,176.2,174.3,179.2,166.7,64.6,Medium
2025-08-18T21:15:54.436225,75.69,Unknown,Neutral,False,,3.2,6.1,176.2,174.3,179.2,166.8,64.6,Medium
2025-08-18T21:15:54.482506,75.73,Unknown,Neutral,False,,3.1,6.0,176.2,174.4,179.2,166.9,64.7,Medium
2025-08-18T21:15:54.527693,75.78,Unknown,Neutral,False,,3.1,5.9,176.1,174.5,179.2,167.0,64.7,Medium
2025-08-18T21:15:54.572864,75.83,Unknown,Neutral,False,,3.0,5.7,176.0,174.6,179.2,167.2,64.7,Medium
2025-08-18T21:15:54.624507,75.88,Unknown,Neutral,False,,2.7,5.6,176.0,174.8,179.2,167.4,64.7,Medium
2025-08-18T21:15:54.672939,75.94,Unknown,Neutral,False,,2.3,5.4,176.1,175.0,179.1,167.6,64.7,Medium
2025-08-18T21:15:54.716765,75.97,Unknown,Neutral,False,,2.0,5.3,176.2,175.1,179.0,167.8,64.6,Medium
2025-08-18T21:15:54.763357,76.02,Unknown,Neutral,False,,1.6,5.2,176.2,175.2,178.7,168.1,64.3,Medium
2025-08-18T21:15:54.807625,76.06,Unknown,Neutral,False,,1.2,5.0,176.3,175.3,178.5,168.4,64.1,Medium
2025-08-18T21:15:54.857435,76.11,Unknown,Neutral,False,,1.0,4.8,176.4,175.5,178.3,168.7,64.0,Medium
2025-08-18T21:15:54.908032,76.17,Unknown,Neutral,False,,0.8,4.5,176.2,175.3,178.5,168.5,63.7,Medium
2025-08-18T21:15:54.961313,76.22,Unknown,Neutral,False,,0.7,4.1,176.1,175.1,178.8,168.2,63.5,Medium
2025-08-18T21:15:55.016266,76.27,Unknown,Neutral,False,,0.7,3.8,175.9,175.0,179.0,168.0,63.5,Medium
2025-08-18T21:15:55.058652,76.31,Unknown,Neutral,False,,0.8,3.5,175.4,174.7,179.3,167.8,63.6,Medium
2025-08-18T21:15:55.102591,76.36,Unknown,Neutral,False,,0.8,3.2,175.0,174.4,179.4,167.6,63.6,Medium
2025-08-18T21:15:55.157201,76.41,Unknown,Neutral,False,,0.8,3.1,174.7,174.2,179.5,167.7,63.6,Medium
2025-08-18T21:15:55.207437,76.47,Unknown,Neutral,False,,0.9,3.5,174.9,174.5,179.3,168.3,64.1,Medium
2025-08-18T21:15:55.255859,76.52,Unknown,Neutral,False,,1.1,4.2,175.4,175.1,178.8,169.3,65.0,Medium
2025-08-18T21:15:55.304253,76.56,Unknown,Neutral,False,,1.2,5.1,175.8,175.7,178.5,170.1,65.7,Medium
2025-08-18T21:15:55.351331,76.61,Unknown,Neutral,False,,1.4,5.9,176.1,176.0,178.3,170.5,66.2,Medium
2025-08-18T21:15:55.395469,76.66,Unknown,Neutral,False,,1.5,6.3,176.4,176.4,178.2,170.8,66.6,Medium
2025-08-18T21:15:55.456766,76.72,Unknown,Neutral,False,,1.7,6.6,176.6,176.7,178.2,171.0,66.7,Medium
2025-08-18T21:15:55.514680,76.77,Unknown,Neutral,False,,1.8,6.8,176.8,176.9,178.1,171.2,66.9,Medium
2025-08-18T21:15:55.561496,76.81,Unknown,Neutral,False,,2.0,6.9,177.1,177.1,177.8,171.4,67.1,Medium
2025-08-18T21:15:55.604417,76.86,Unknown,Neutral,False,,2.1,7.0,177.2,177.3,177.7,171.6,67.2,Medium
2025-08-18T21:15:55.649227,76.91,Unknown,Neutral,False,,2.2,7.0,177.4,177.5,177.7,171.6,67.2,Medium
2025-08-18T21:15:55.693324,76.95,Unknown,Neutral,False,,2.2,7.0,177.5,177.8,177.5,171.8,67.2,Medium
2025-08-18T21:15:55.743963,77.0,Unknown,Neutral,False,,2.3,7.0,177.7,178.0,177.4,171.9,67.3,Medium
2025-08-18T21:15:55.798137,77.05,Unknown,Neutral,False,,2.3,7.0,177.7,178.1,177.3,171.9,67.3,Medium
2025-08-18T21:15:55.841296,77.09,Unknown,Neutral,False,,2.3,7.0,177.8,178.3,177.3,172.0,67.3,Medium
2025-08-18T21:15:55.893864,77.16,Unknown,Neutral,False,,2.4,7.1,177.9,178.5,177.2,172.1,67.3,Medium
2025-08-18T21:15:55.944460,77.2,Unknown,Neutral,False,,2.3,7.2,178.1,178.6,177.3,172.1,67.2,Medium
2025-08-18T21:15:55.992583,77.25,Unknown,Neutral,False,,2.3,7.4,178.2,178.6,177.4,171.9,67.2,Medium
2025-08-18T21:15:56.050737,77.31,Unknown,Neutral,False,,2.3,7.7,178.3,178.6,177.4,171.8,67.1,Medium
2025-08-18T21:15:56.095997,77.36,Unknown,Neutral,False,,2.3,7.9,178.3,178.6,177.5,171.7,67.1,Medium
2025-08-18T21:15:56.138699,77.39,Unknown,Neutral,False,,2.3,8.2,178.3,178.6,177.5,171.5,67.1,Medium
2025-08-18T21:15:56.185801,77.44,Unknown,Neutral,False,,2.3,8.4,178.3,178.5,177.5,171.4,67.1,Medium
2025-08-18T21:15:56.243642,77.5,Unknown,Neutral,False,,2.3,8.6,178.2,178.4,177.5,171.3,67.1,Medium
2025-08-18T21:15:56.322036,77.58,Unknown,Neutral,False,,2.4,8.9,178.2,178.4,177.5,171.2,67.1,Medium
2025-08-18T21:15:56.423073,77.69,Unknown,Neutral,False,,2.5,9.1,178.1,178.3,177.4,171.2,67.2,Medium
2025-08-18T21:15:56.481938,77.73,Unknown,Neutral,False,,2.6,9.3,178.1,178.3,177.4,171.1,67.3,Medium
2025-08-18T21:15:56.537771,77.8,Unknown,Neutral,False,,2.7,9.7,178.0,178.3,177.4,171.0,67.5,Medium
2025-08-18T21:15:56.587856,77.84,Unknown,Neutral,False,,2.8,10.0,178.1,178.2,177.4,170.9,67.5,Medium
2025-08-18T21:15:56.631500,77.89,Unknown,Neutral,False,,2.9,10.3,178.1,178.4,177.4,170.9,67.6,Medium
2025-08-18T21:15:56.677119,77.94,Unknown,Neutral,False,,3.0,10.5,178.1,178.6,177.5,170.9,67.6,Medium
2025-08-18T21:15:56.723095,77.98,Unknown,Neutral,False,,3.0,10.7,178.2,178.8,177.6,170.8,67.5,Medium
2025-08-18T21:15:56.771287,78.03,Unknown,Neutral,False,,3.1,10.8,178.2,179.0,177.6,170.8,67.5,Medium
2025-08-18T21:15:56.820279,78.08,Unknown,Neutral,False,,3.1,10.9,178.2,179.2,177.8,170.6,67.4,Medium
2025-08-18T21:15:56.863316,78.12,Unknown,Neutral,False,,3.1,11.0,178.1,179.4,177.9,170.6,67.3,Medium
2025-08-18T21:15:56.918756,78.17,Unknown,Neutral,False,,3.1,11.0,178.1,179.5,178.0,170.6,67.2,Medium
2025-08-18T21:15:56.959457,78.22,Unknown,Neutral,False,,3.1,11.0,178.1,179.5,178.0,170.6,67.2,Medium
2025-08-18T21:15:57.018432,78.28,Unknown,Neutral,False,,3.1,11.1,178.0,179.5,178.1,170.6,67.2,Medium
2025-08-18T21:15:57.070311,78.33,Unknown,Neutral,False,,3.1,11.0,177.9,179.6,178.1,170.6,67.1,Medium
2025-08-18T21:15:57.153191,78.41,Unknown,Neutral,False,,3.1,11.0,177.9,179.6,178.1,170.7,67.1,Medium
2025-08-18T21:15:57.199863,78.45,Unknown,Neutral,False,,3.1,11.0,177.8,179.7,178.0,170.7,67.1,Medium
2025-08-18T21:15:57.245449,78.5,Unknown,Neutral,False,,3.1,11.0,177.8,179.8,178.0,170.8,67.1,Medium
2025-08-18T21:15:57.292920,78.55,Unknown,Neutral,False,,3.1,10.9,177.8,179.8,177.9,170.9,67.1,Medium
2025-08-18T21:15:57.339462,78.59,Unknown,Neutral,False,,3.1,10.8,177.8,179.8,177.9,170.9,67.0,Medium
2025-08-18T21:15:57.382138,78.64,Unknown,Neutral,False,,3.0,10.7,177.8,179.9,177.9,171.0,67.0,Medium
2025-08-18T21:15:57.428023,78.69,Unknown,Neutral,False,,2.9,10.6,177.9,179.9,177.9,171.1,67.1,Medium
2025-08-18T21:15:57.475884,78.73,Unknown,Neutral,False,,2.8,10.4,177.9,179.9,177.9,171.2,67.1,Medium
2025-08-18T21:15:57.530523,78.78,Unknown,Neutral,False,,2.8,10.2,177.9,179.9,177.8,171.2,67.1,Medium
2025-08-18T21:15:57.586464,78.84,Unknown,Neutral,False,,2.7,10.0,178.0,179.9,177.8,171.3,67.1,Medium
2025-08-18T21:15:57.651814,78.91,Unknown,Neutral,False,,2.7,9.8,177.9,179.8,177.8,171.3,67.0,Medium
2025-08-18T21:15:57.699652,78.95,Unknown,Neutral,False,,2.7,9.6,177.9,179.8,177.7,171.4,67.1,Medium
2025-08-18T21:15:57.746240,79.0,Unknown,Neutral,False,,2.6,9.4,177.9,179.8,177.7,171.5,67.1,Medium
2025-08-18T21:15:57.802289,79.06,Unknown,Neutral,False,,2.6,9.2,177.9,179.8,177.6,171.6,67.1,Medium
2025-08-18T21:15:57.846447,79.11,Unknown,Neutral,False,,2.5,9.0,177.9,179.8,177.6,171.7,67.1,Medium
2025-08-18T21:15:57.900728,79.16,Unknown,Neutral,False,,2.5,8.7,178.0,179.8,177.5,171.8,67.1,Medium
2025-08-18T21:15:57.948793,79.2,Unknown,Neutral,False,,2.5,8.5,178.0,179.8,177.5,171.8,67.2,Medium
2025-08-18T21:15:57.995547,79.25,Unknown,Neutral,False,,2.5,8.3,178.0,179.8,177.5,171.8,67.2,Medium
2025-08-18T21:15:58.045006,79.3,Unknown,Neutral,False,,2.5,8.2,178.0,179.8,177.5,171.7,67.2,Medium
2025-08-18T21:15:58.095850,79.36,Unknown,Neutral,False,,2.5,8.1,178.0,179.8,177.5,171.7,67.2,Medium
2025-08-18T21:15:58.136788,79.39,Unknown,Neutral,False,,2.5,8.0,178.1,179.7,177.5,171.6,67.2,Medium
2025-08-18T21:15:58.184283,79.44,Unknown,Neutral,False,,2.5,7.9,178.1,179.7,177.6,171.6,67.2,Medium
2025-08-18T21:15:58.233834,79.48,Unknown,Neutral,False,,2.5,7.8,178.1,179.7,177.6,171.5,67.2,Medium
2025-08-18T21:15:58.287883,79.55,Unknown,Neutral,False,,2.6,7.7,178.1,179.6,177.6,171.6,67.2,Medium
2025-08-18T21:15:58.346187,79.61,Unknown,Neutral,False,,2.6,7.6,178.1,179.6,177.6,171.5,67.1,Medium
2025-08-18T21:15:58.393687,79.66,Unknown,Neutral,False,,2.6,7.6,178.0,179.5,177.6,171.5,67.1,Medium
2025-08-18T21:15:58.465790,79.72,Unknown,Neutral,False,,2.6,7.5,177.9,179.4,177.7,171.4,67.0,Medium
2025-08-18T21:15:58.520605,79.78,Unknown,Neutral,False,,2.5,7.4,177.9,179.4,177.7,171.4,67.0,Medium
2025-08-18T21:15:58.573578,79.83,Unknown,Neutral,False,,2.5,7.3,178.0,179.4,177.7,171.5,67.1,Medium
2025-08-18T21:15:58.621012,79.88,Unknown,Neutral,False,,2.5,7.2,178.0,179.4,177.6,171.5,67.1,Medium
2025-08-18T21:15:58.663149,79.92,Unknown,Neutral,False,,2.5,7.1,178.1,179.5,177.6,171.5,67.1,Medium
2025-08-18T21:15:58.757025,80.02,Unknown,Neutral,False,,2.5,7.0,178.1,179.5,177.6,171.6,67.2,Medium
2025-08-18T21:15:58.811642,80.06,Unknown,Neutral,False,,2.5,6.9,178.1,179.5,177.6,171.6,67.3,Medium
2025-08-18T21:15:58.863041,80.12,Unknown,Neutral,False,,2.4,6.9,178.1,179.5,177.6,171.7,67.3,Medium
2025-08-18T21:15:58.965317,80.22,Unknown,Neutral,False,,2.4,6.8,178.1,179.6,177.6,171.8,67.4,Medium
2025-08-18T21:15:59.018176,80.28,Unknown,Neutral,False,,2.4,6.8,178.1,179.5,177.5,171.8,67.6,Medium
2025-08-18T21:15:59.064934,80.33,Unknown,Neutral,False,,2.4,6.7,178.1,179.4,177.5,171.8,67.7,Medium
2025-08-18T21:15:59.118169,80.38,Unknown,Neutral,False,,2.4,6.7,178.1,179.4,177.5,171.8,67.7,Medium
2025-08-18T21:15:59.163846,80.42,Unknown,Neutral,False,,2.4,6.6,178.1,179.4,177.5,171.8,67.8,Medium
2025-08-18T21:15:59.213393,80.47,Unknown,Neutral,False,,2.4,6.6,178.1,179.3,177.4,171.7,67.8,Medium
2025-08-18T21:15:59.264270,80.52,Unknown,Neutral,False,,2.4,6.5,178.1,179.3,177.4,171.7,67.8,Medium
2025-08-18T21:15:59.316370,80.58,Unknown,Neutral,False,,2.4,6.5,178.1,179.3,177.4,171.7,67.8,Medium
2025-08-18T21:15:59.363430,80.62,Unknown,Neutral,False,,2.4,6.5,178.2,179.3,177.4,171.6,67.8,Medium
2025-08-18T21:15:59.410647,80.67,Unknown,Neutral,False,,2.5,6.4,178.2,179.4,177.4,171.6,67.8,Medium
2025-08-18T21:15:59.456096,80.72,Unknown,Neutral,False,,2.5,6.4,178.2,179.4,177.4,171.6,67.8,Medium
2025-08-18T21:15:59.504520,80.77,Unknown,Neutral,False,,2.5,6.4,178.1,179.4,177.4,171.6,67.8,Medium
2025-08-18T21:15:59.569114,80.83,Unknown,Neutral,False,,2.4,6.4,178.1,179.4,177.4,171.6,67.8,Medium
2025-08-18T21:15:59.614527,80.88,Unknown,Neutral,False,,2.5,6.5,178.0,179.4,177.4,171.7,67.8,Medium
2025-08-18T21:15:59.685364,80.94,Unknown,Neutral,False,,2.5,6.5,178.0,179.5,177.5,171.7,67.8,Medium
2025-08-18T21:15:59.726802,80.98,Unknown,Neutral,False,,2.5,6.5,178.0,179.6,177.5,171.8,67.7,Medium
2025-08-18T21:15:59.773914,81.03,Unknown,Neutral,False,,2.5,6.5,178.1,179.6,177.5,171.9,67.7,Medium
2025-08-18T21:15:59.817332,81.08,Unknown,Neutral,False,,2.5,6.5,178.2,179.7,177.5,171.9,67.7,Medium
2025-08-18T21:15:59.859927,81.11,Unknown,Neutral,False,,2.4,6.6,178.2,179.7,177.4,171.9,67.7,Medium
2025-08-18T21:15:59.914130,81.17,Unknown,Neutral,False,,2.5,6.6,178.3,179.7,177.4,171.9,67.7,Medium
2025-08-18T21:15:59.963418,81.22,Unknown,Neutral,False,,2.5,6.6,178.3,179.7,177.5,171.9,67.7,Medium
2025-08-18T21:16:00.012458,81.27,Unknown,Neutral,False,,2.5,6.6,178.3,179.7,177.5,171.8,67.7,Medium
2025-08-18T21:16:00.066005,81.33,Unknown,Neutral,False,,2.5,6.6,178.3,179.8,177.5,171.7,67.6,Medium
2025-08-18T21:16:00.113195,81.38,Unknown,Neutral,False,,2.5,6.5,178.3,179.8,177.6,171.7,67.5,Medium
2025-08-18T21:16:00.168222,81.42,Unknown,Neutral,False,,2.5,6.4,178.2,179.9,177.6,171.6,67.4,Medium
2025-08-18T21:16:00.226242,81.48,Unknown,Neutral,False,,2.4,6.3,178.1,179.9,177.6,171.6,67.4,Medium
2025-08-18T21:16:00.281600,81.53,Unknown,Neutral,False,,2.4,6.2,178.1,179.9,177.6,171.6,67.3,Medium
2025-08-18T21:16:00.329224,81.59,Unknown,Neutral,False,,2.4,6.1,178.1,179.9,177.6,171.6,67.2,Medium
2025-08-18T21:16:00.378240,81.64,Unknown,Neutral,False,,2.3,6.1,178.1,179.9,177.6,171.6,67.2,Medium
2025-08-18T21:16:00.424417,81.69,Unknown,Neutral,False,,2.3,6.1,178.2,179.9,177.5,171.7,67.2,Medium
2025-08-18T21:16:00.470072,81.72,Unknown,Neutral,False,,2.2,6.0,178.3,179.9,177.5,171.7,67.1,Medium
2025-08-18T21:16:00.513352,81.77,Unknown,Neutral,False,,2.2,6.0,178.3,179.9,177.4,171.8,67.1,Medium
2025-08-18T21:16:00.558742,81.81,Unknown,Neutral,False,,2.2,6.0,178.3,179.9,177.3,171.9,67.2,Medium
2025-08-18T21:16:00.606457,81.86,Unknown,Neutral,False,,2.1,6.0,178.3,179.9,177.2,172.0,67.2,Medium
2025-08-18T21:16:00.652793,81.91,Unknown,Neutral,False,,2.1,6.0,178.3,179.9,177.2,172.1,67.2,Medium
2025-08-18T21:16:00.699310,81.95,Unknown,Neutral,False,,2.1,6.0,178.3,179.9,177.1,172.2,67.2,Medium
2025-08-18T21:16:00.761764,82.02,Unknown,Neutral,False,,2.1,6.0,178.3,179.9,177.0,172.3,67.2,Medium
2025-08-18T21:16:00.810023,82.06,Unknown,Neutral,False,,2.1,6.0,178.3,179.8,177.0,172.4,67.3,Medium
2025-08-18T21:16:00.863862,82.12,Unknown,Neutral,False,,2.1,6.0,178.3,179.8,177.0,172.4,67.2,Medium
2025-08-18T21:16:00.924161,82.19,Unknown,Neutral,False,,2.1,6.0,178.4,179.8,177.0,172.4,67.2,Medium
2025-08-18T21:16:00.973145,82.23,Unknown,Neutral,False,,2.1,6.0,178.4,179.8,177.1,172.3,67.2,Medium
2025-08-18T21:16:01.018410,82.28,Unknown,Neutral,False,,2.2,6.1,178.3,179.7,177.1,172.3,67.2,Medium
2025-08-18T21:16:01.065919,82.33,Unknown,Neutral,False,,2.2,6.1,178.4,179.7,177.1,172.2,67.3,Medium
2025-08-18T21:16:01.113112,82.38,Unknown,Neutral,False,,2.2,6.1,178.4,179.6,177.1,172.2,67.3,Medium
2025-08-18T21:16:01.155516,82.41,Unknown,Neutral,False,,2.2,6.2,178.4,179.6,177.1,172.2,67.3,Medium
2025-08-18T21:16:01.203896,82.45,Unknown,Neutral,False,,2.3,6.2,178.4,179.6,177.1,172.2,67.3,Medium
2025-08-18T21:16:01.251195,82.52,Unknown,Neutral,False,,2.3,6.3,178.4,179.6,177.0,172.3,67.4,Medium
2025-08-18T21:16:01.299208,82.56,Unknown,Neutral,False,,2.3,6.4,178.4,179.7,176.9,172.4,67.4,Medium
2025-08-18T21:16:01.347945,82.61,Unknown,Neutral,False,,2.3,6.5,178.4,179.8,176.9,172.5,67.4,Medium
2025-08-18T21:16:01.398271,82.66,Unknown,Neutral,False,,2.3,6.7,178.4,179.8,176.8,172.6,67.5,Medium
2025-08-18T21:16:01.452361,82.7,Unknown,Neutral,False,,2.3,6.8,178.4,179.8,176.8,172.6,67.6,Medium
2025-08-18T21:16:01.497446,82.75,Unknown,Neutral,False,,2.3,6.9,178.6,179.8,176.7,172.7,67.7,Medium
2025-08-18T21:16:01.548026,82.8,Unknown,Neutral,False,,2.2,7.1,178.7,179.8,176.7,172.7,67.8,Medium
2025-08-18T21:16:01.593888,82.84,Unknown,Neutral,False,,2.2,7.3,178.9,179.8,176.6,172.7,67.9,Medium
2025-08-18T21:16:01.648248,82.91,Unknown,Neutral,False,,2.1,7.5,179.1,179.8,176.6,172.6,67.9,Medium
2025-08-18T21:16:01.703089,82.95,Unknown,Neutral,False,,2.1,7.7,179.3,179.7,176.6,172.5,68.0,Medium
2025-08-18T21:16:01.750540,83.0,Unknown,Neutral,False,,1.9,7.8,179.3,179.8,176.7,172.4,68.0,Medium
2025-08-18T21:16:01.794840,83.05,Unknown,Neutral,False,,1.8,8.0,179.4,179.8,176.7,172.4,68.0,Medium
2025-08-18T21:16:01.857271,83.11,Unknown,Neutral,False,,1.8,8.1,179.4,179.8,176.7,172.4,67.9,Medium
2025-08-18T21:16:01.903525,83.16,Unknown,Neutral,False,,1.7,8.2,179.4,179.8,176.8,172.3,67.9,Medium
2025-08-18T21:16:01.947884,83.2,Unknown,Neutral,False,,1.7,8.3,179.4,179.8,176.8,172.3,67.9,Medium
2025-08-18T21:16:01.994991,83.25,Unknown,Neutral,False,,1.7,8.4,179.4,179.8,176.8,172.3,67.8,Medium
2025-08-18T21:16:02.039032,83.3,Unknown,Neutral,False,,1.6,8.5,179.4,179.8,176.8,172.3,67.7,Medium
2025-08-18T21:16:02.081750,83.34,Unknown,Neutral,False,,1.6,8.5,179.3,179.9,176.9,172.2,67.6,Medium
2025-08-18T21:16:02.125056,83.38,Unknown,Neutral,False,,1.6,8.6,179.2,179.8,176.9,172.2,67.6,Medium
2025-08-18T21:16:02.175948,83.44,Unknown,Neutral,False,,1.6,8.6,179.1,179.8,176.8,172.3,67.6,Medium
2025-08-18T21:16:02.220081,83.48,Unknown,Neutral,False,,1.6,8.6,179.0,179.8,176.8,172.3,67.5,Medium
2025-08-18T21:16:02.273417,83.53,Unknown,Neutral,False,,1.6,8.6,178.9,179.8,176.9,172.3,67.5,Medium
2025-08-18T21:16:02.320079,83.58,Unknown,Neutral,False,,1.6,8.6,178.8,179.8,176.9,172.3,67.6,Medium
2025-08-18T21:16:02.366242,83.62,Unknown,Neutral,False,,1.6,8.7,178.8,179.8,176.9,172.3,67.6,Medium
2025-08-18T21:16:02.418249,83.67,Unknown,Neutral,False,,1.6,8.7,178.7,179.9,177.0,172.3,67.7,Medium
2025-08-18T21:16:02.465480,83.72,Unknown,Neutral,False,,1.6,8.7,178.7,179.9,177.0,172.2,67.7,Medium
2025-08-18T21:16:02.513806,83.77,Unknown,Neutral,False,,1.6,8.7,178.7,179.9,177.2,172.1,67.6,Medium
2025-08-18T21:16:02.557972,83.81,Unknown,Neutral,False,,1.6,8.7,178.6,179.8,177.3,172.1,67.6,Medium
2025-08-18T21:16:02.608055,83.86,Unknown,Neutral,False,,1.6,8.6,178.6,179.7,177.3,172.1,67.6,Medium
2025-08-18T21:16:02.663225,83.92,Unknown,Neutral,False,,1.6,8.5,178.6,179.6,177.3,172.1,67.7,Medium
2025-08-18T21:16:02.706530,83.97,Unknown,Neutral,False,,1.6,8.4,178.5,179.6,177.4,172.1,67.7,Medium
2025-08-18T21:16:02.758129,84.02,Unknown,Neutral,False,,1.6,8.2,178.4,179.6,177.5,172.0,67.6,Medium
2025-08-18T21:16:02.812803,84.06,Unknown,Neutral,False,,1.7,8.0,178.3,179.7,177.7,171.9,67.4,Medium
2025-08-18T21:16:02.863025,84.12,Unknown,Neutral,False,,1.8,7.9,178.2,179.7,177.8,171.8,67.4,Medium
2025-08-18T21:16:02.941622,84.2,Unknown,Neutral,False,,1.9,7.7,178.2,179.6,177.8,171.8,67.5,Medium
2025-08-18T21:16:02.985957,84.25,Unknown,Neutral,False,,1.9,7.5,178.2,179.5,177.7,171.8,67.7,Medium
2025-08-18T21:16:03.029761,84.28,Unknown,Neutral,False,,2.0,7.3,178.3,179.4,177.6,171.8,67.9,Medium
2025-08-18T21:16:03.081875,84.34,Unknown,Neutral,False,,2.0,7.0,178.3,179.3,177.5,171.8,67.9,Medium
2025-08-18T21:16:03.142869,84.41,Unknown,Neutral,False,,1.9,6.6,178.3,179.1,177.5,171.6,67.9,Medium
2025-08-18T21:16:03.195168,84.45,Unknown,Neutral,False,,1.7,6.1,178.3,179.0,177.3,171.6,68.0,Medium
2025-08-18T21:16:03.245141,84.5,Unknown,Neutral,False,,1.4,5.5,178.4,178.8,177.0,171.7,67.8,Medium
2025-08-18T21:16:03.307949,84.56,Unknown,Neutral,False,,1.3,5.1,178.6,178.7,176.9,171.9,67.5,Medium
2025-08-18T21:16:03.381037,84.64,Unknown,Neutral,False,,1.4,5.0,178.9,178.9,176.7,172.4,67.3,Medium
2025-08-18T21:16:03.463321,84.72,Unknown,Neutral,False,,1.4,6.5,179.0,179.1,176.5,172.5,67.0,Medium
2025-08-18T21:16:03.527217,84.78,Unknown,Neutral,False,,1.3,8.6,179.0,179.2,176.2,172.5,66.4,Medium
2025-08-18T21:16:03.611481,84.88,Unknown,Neutral,False,,1.1,10.6,178.9,179.2,176.0,172.7,66.2,Medium
2025-08-18T21:16:03.692432,84.95,Unknown,Neutral,False,,0.9,11.8,178.9,179.2,175.6,172.7,65.9,Medium
2025-08-18T21:16:03.789255,85.05,Unknown,Neutral,False,,0.8,12.2,179.0,179.0,175.4,173.0,65.6,Medium
2025-08-18T21:16:03.869826,85.12,Unknown,Neutral,False,,1.0,12.5,179.1,178.7,175.2,173.3,65.1,Medium
2025-08-18T21:16:04.055188,85.31,Unknown,Neutral,False,,0.8,12.3,179.2,178.7,175.0,173.4,64.9,Medium
2025-08-18T21:16:04.122981,85.38,Unknown,Neutral,False,,1.3,11.2,179.3,178.6,175.3,173.4,65.7,Medium
2025-08-18T21:16:04.213072,85.47,Unknown,Neutral,False,,1.4,9.7,179.1,178.8,175.6,173.2,66.4,Medium
2025-08-18T21:16:04.298011,85.56,Unknown,Neutral,False,,2.1,7.6,179.2,178.7,176.1,172.8,67.1,Medium
2025-08-18T21:16:04.373263,85.62,Unknown,Neutral,False,,2.9,6.0,178.8,178.9,176.9,172.5,68.0,Medium
2025-08-18T21:16:04.450729,85.7,Unknown,Neutral,False,,3.7,4.6,177.6,178.7,177.5,172.4,67.9,Medium
2025-08-18T21:16:04.517138,85.77,Unknown,Neutral,False,,4.2,3.8,177.2,178.8,178.0,172.6,66.8,Medium
2025-08-18T21:16:04.575868,85.83,Unknown,Neutral,False,,4.5,3.5,177.0,179.1,178.3,172.9,66.0,Medium
2025-08-18T21:16:04.711568,85.97,Unknown,Neutral,False,,4.7,3.5,177.1,179.2,178.3,173.1,65.5,Medium
2025-08-18T21:16:04.800579,86.06,Unknown,Neutral,False,,4.7,3.3,177.3,179.3,178.0,173.3,65.3,Medium
2025-08-18T21:16:04.893028,86.16,Unknown,Neutral,False,,4.6,3.1,177.5,179.2,177.7,173.6,65.3,Medium
2025-08-18T21:16:05.010750,86.27,Unknown,Neutral,False,,4.5,2.8,177.8,179.1,177.4,173.8,65.3,Medium
2025-08-18T21:16:05.201892,86.45,Unknown,Neutral,False,,4.5,2.5,177.9,179.1,177.1,174.1,65.3,Medium
2025-08-18T21:16:05.282249,86.53,Unknown,Neutral,False,,4.6,2.5,178.2,179.0,176.9,174.4,65.4,Medium
2025-08-18T21:16:05.356513,86.61,Unknown,Neutral,False,,4.8,2.7,178.5,178.9,176.8,174.6,65.4,Medium
2025-08-18T21:16:05.406435,86.66,Unknown,Neutral,False,,5.0,3.0,178.8,178.8,176.8,174.8,65.3,Medium
2025-08-18T21:16:05.481196,86.73,Unknown,Neutral,False,,5.2,3.5,179.0,178.8,176.9,174.9,64.9,Medium
2025-08-18T21:16:05.544956,86.8,Unknown,Neutral,False,,5.3,4.1,179.2,178.8,176.9,174.9,64.5,Medium
2025-08-18T21:16:05.604718,86.86,Unknown,Neutral,False,,5.5,4.6,179.3,179.0,177.0,174.8,64.1,Medium
2025-08-18T21:16:05.656694,86.91,Unknown,Neutral,False,,5.7,5.4,179.3,179.1,177.2,174.7,63.7,Medium
2025-08-18T21:16:05.759780,87.02,Unknown,Neutral,False,,5.9,6.1,179.3,179.3,177.5,174.5,63.4,Medium
2025-08-18T21:16:05.821778,87.08,Unknown,Neutral,False,,6.2,6.8,179.4,179.4,177.7,174.1,62.9,Medium
2025-08-18T21:16:05.881791,87.14,Unknown,Neutral,False,,6.5,7.3,179.4,179.4,177.9,173.8,62.4,Medium
2025-08-18T21:16:06.017871,87.28,Unknown,Neutral,False,,6.7,7.7,179.4,179.4,178.2,173.6,61.9,Medium
2025-08-18T21:16:06.091726,87.34,Unknown,Neutral,False,,7.0,8.4,179.4,179.5,178.4,173.3,61.1,Medium
2025-08-18T21:16:06.160617,87.42,Unknown,Neutral,False,,7.2,9.0,179.4,179.5,178.7,173.2,60.3,Medium
2025-08-18T21:16:06.214917,87.47,Unknown,Neutral,False,,7.4,9.4,179.2,179.5,178.8,173.2,59.4,High
2025-08-18T21:16:06.287884,87.55,Unknown,Neutral,False,,7.6,9.7,179.1,179.6,178.9,173.4,58.5,High
2025-08-18T21:16:06.371279,87.62,Unknown,Neutral,False,,7.7,10.0,179.1,179.6,179.0,173.5,57.7,High
2025-08-18T21:16:06.435952,87.69,Unknown,Neutral,False,,7.8,10.1,179.1,179.7,179.1,173.6,56.7,High
2025-08-18T21:16:06.508383,87.77,Unknown,RaisedShoulders,False,,7.9,10.2,179.1,179.6,179.2,173.6,55.8,High
2025-08-18T21:16:06.583427,87.84,Unknown,RaisedShoulders,False,,7.8,9.6,179.2,179.5,179.3,173.7,54.8,High
2025-08-18T21:16:06.662395,87.92,Unknown,RaisedShoulders,False,,7.8,9.1,179.2,179.3,179.3,173.8,53.8,High
2025-08-18T21:16:06.726246,87.98,Unknown,RaisedShoulders,False,,7.6,8.6,179.3,179.2,179.3,173.7,53.0,High
2025-08-18T21:16:06.831696,88.09,Unknown,RaisedShoulders,False,,7.5,8.1,179.4,179.1,179.3,173.6,52.7,High
2025-08-18T21:16:06.915814,88.17,Unknown,RaisedShoulders,False,,7.3,7.4,179.4,179.1,179.2,173.6,52.7,High
2025-08-18T21:16:06.984489,88.23,Unknown,RaisedShoulders,False,,7.1,6.3,179.4,179.1,179.3,173.4,53.3,High
2025-08-18T21:16:07.052448,88.31,Unknown,RaisedShoulders,False,,6.7,4.8,179.4,179.0,179.2,173.3,54.4,High
2025-08-18T21:16:07.128894,88.39,Unknown,RaisedShoulders,False,,6.3,3.7,179.4,179.0,179.2,173.3,55.8,High
2025-08-18T21:16:07.277624,88.53,Unknown,Neutral,False,,5.9,3.2,179.5,178.9,179.1,173.2,57.1,High
2025-08-18T21:16:07.334131,88.59,Unknown,Neutral,False,,5.2,3.3,179.5,179.1,178.9,173.2,58.9,High
2025-08-18T21:16:07.398571,88.66,Unknown,Neutral,False,,4.3,3.8,179.4,179.2,178.3,173.5,61.2,Medium
2025-08-18T21:16:07.461941,88.72,Unknown,Neutral,False,,3.4,4.3,179.4,179.3,177.5,173.9,63.3,Medium
2025-08-18T21:16:07.518033,88.78,Unknown,Neutral,False,,2.6,4.8,179.5,179.3,176.9,174.2,64.5,Medium
2025-08-18T21:16:07.595252,88.84,Unknown,Neutral,False,,2.2,5.2,179.6,179.3,176.2,174.5,65.6,Medium
2025-08-18T21:16:07.690076,88.95,Unknown,Neutral,False,,1.9,6.0,179.5,179.4,175.8,174.6,66.6,Medium
2025-08-18T21:16:07.753636,89.02,Unknown,Neutral,False,,1.6,6.8,179.3,179.4,175.6,174.5,67.1,Medium
2025-08-18T21:16:07.812537,89.06,Unknown,Neutral,False,,1.3,7.6,179.3,179.3,175.5,174.4,67.5,Medium
2025-08-18T21:16:07.887663,89.14,Unknown,Neutral,False,,1.1,8.2,179.1,179.1,175.4,174.3,67.7,Medium
2025-08-18T21:16:08.018173,89.28,Unknown,Neutral,False,,0.8,8.8,179.0,179.0,175.5,174.2,67.8,Medium
2025-08-18T21:16:08.111370,89.38,Unknown,Neutral,False,,0.6,9.2,178.9,178.8,175.6,174.1,67.8,Medium
2025-08-18T21:16:08.164985,89.42,Unknown,Neutral,False,,0.5,9.6,178.8,178.8,175.5,174.2,67.8,Medium
2025-08-18T21:16:08.236875,89.5,Unknown,Neutral,False,,0.4,10.0,178.7,178.7,175.4,174.3,67.8,Medium
2025-08-18T21:16:08.338958,89.59,Unknown,Neutral,False,,0.4,10.3,178.7,178.7,175.4,174.3,67.8,Medium
2025-08-18T21:16:08.396608,89.66,Unknown,Neutral,False,,0.3,10.5,178.7,178.7,175.5,174.2,67.8,Medium
2025-08-18T21:16:08.444267,89.7,Unknown,Neutral,False,,0.3,10.7,178.8,178.7,175.6,174.1,67.7,Medium
2025-08-18T21:16:08.498300,89.75,Unknown,Neutral,False,,0.2,10.9,178.9,178.7,175.8,174.0,67.7,Medium
2025-08-18T21:16:08.544174,89.8,Unknown,Neutral,False,,0.2,11.0,178.8,178.6,175.8,173.9,67.7,Medium
2025-08-18T21:16:08.606885,89.86,Unknown,Neutral,False,,0.2,11.2,178.7,178.7,175.9,174.0,67.7,Medium
2025-08-18T21:16:08.681314,89.94,Unknown,Neutral,False,,0.2,11.4,178.7,178.7,175.9,174.0,67.8,Medium
2025-08-18T21:16:08.733541,89.98,Unknown,Neutral,False,,0.2,11.6,178.7,178.7,175.8,174.0,67.8,Medium
2025-08-18T21:16:08.798183,90.05,Unknown,Neutral,False,,0.2,11.8,178.7,178.8,175.9,174.0,67.9,Medium
2025-08-18T21:16:08.859402,90.11,Unknown,Neutral,False,,0.2,12.0,178.8,178.9,175.9,174.0,67.9,Medium
2025-08-18T21:16:08.919494,90.17,Unknown,Neutral,False,,0.2,12.2,178.9,178.9,175.9,174.0,67.9,Medium
2025-08-18T21:16:08.979925,90.23,Unknown,Neutral,False,,0.2,12.3,178.9,179.0,175.9,174.0,67.9,Medium
2025-08-18T21:16:09.081000,90.34,Unknown,Neutral,False,,0.2,12.4,178.9,178.9,176.0,174.0,67.8,Medium
2025-08-18T21:16:09.147716,90.41,Unknown,Neutral,False,,0.3,12.5,178.9,179.0,176.0,173.9,67.8,Medium
2025-08-18T21:16:09.200724,90.45,Unknown,Neutral,False,,0.3,12.6,179.0,179.0,176.1,173.9,67.7,Medium
2025-08-18T21:16:09.255667,90.52,Unknown,Neutral,False,,0.3,12.7,179.1,179.0,176.1,173.8,67.7,Medium
2025-08-18T21:16:09.334277,90.59,Unknown,Neutral,False,,0.3,12.8,179.1,179.0,176.1,173.8,67.6,Medium
2025-08-18T21:16:09.417672,90.67,Unknown,Neutral,False,,0.3,12.8,179.1,179.0,176.2,173.8,67.6,Medium
2025-08-18T21:16:09.484475,90.73,Unknown,Neutral,False,,0.3,12.8,179.1,179.0,176.1,173.9,67.6,Medium
2025-08-18T21:16:09.541046,90.8,Unknown,Neutral,False,,0.3,13.0,179.2,179.0,176.1,173.9,67.6,Medium
2025-08-18T21:16:09.603086,90.86,Unknown,Neutral,False,,0.3,13.1,179.2,179.0,176.0,173.9,67.5,Medium
2025-08-18T21:16:09.663935,90.92,Unknown,Neutral,False,,0.3,13.2,179.2,179.1,175.9,174.1,67.5,Medium
2025-08-18T21:16:09.726263,90.98,Unknown,Neutral,False,,0.3,13.5,179.2,179.2,175.8,174.3,67.6,Medium
2025-08-18T21:16:09.800061,91.06,Unknown,Neutral,False,,0.4,13.8,179.1,179.2,175.5,174.6,67.5,Medium
2025-08-18T21:16:09.879812,91.14,Unknown,Neutral,False,,0.4,14.0,179.2,179.3,175.3,174.8,66.5,Medium
2025-08-18T21:16:09.964100,91.22,Unknown,Neutral,False,,0.3,14.2,179.2,179.3,175.1,175.0,65.2,Medium
2025-08-18T21:16:10.045413,91.3,Unknown,Neutral,False,,0.3,14.1,178.9,179.4,175.1,174.8,64.4,Medium
2025-08-18T21:16:10.177873,91.44,Unknown,Neutral,False,,0.4,13.3,178.7,179.4,175.2,174.7,63.6,Medium
2025-08-18T21:16:10.230981,91.48,Unknown,Neutral,False,,0.4,12.3,178.5,179.4,175.2,174.7,63.1,Medium
2025-08-18T21:16:10.299825,91.56,Unknown,Neutral,False,,0.4,11.4,178.4,179.4,175.2,174.8,63.0,Medium
2025-08-18T21:16:10.381294,91.64,Unknown,Neutral,False,,0.3,10.9,178.4,179.3,175.2,174.8,63.0,Medium
2025-08-18T21:16:10.431734,91.69,Unknown,Neutral,False,,0.3,11.3,178.3,179.1,175.3,174.7,63.1,Medium
2025-08-18T21:16:10.479766,91.73,Unknown,Neutral,False,,0.3,12.7,178.2,178.9,175.4,174.7,63.0,Medium
2025-08-18T21:16:10.535320,91.8,Unknown,Neutral,False,,0.3,14.5,178.1,178.8,175.5,174.6,62.9,Medium
2025-08-18T21:16:10.586000,91.84,Unknown,Neutral,False,,0.4,16.4,178.0,178.7,175.7,174.6,62.2,Medium
2025-08-18T21:16:10.632294,91.89,Unknown,Neutral,False,,0.5,18.5,177.9,178.6,176.0,174.5,61.2,Medium
2025-08-18T21:16:10.682314,91.94,Unknown,ForwardHead,False,,0.5,20.5,178.1,178.7,176.1,174.6,60.5,Medium
2025-08-18T21:16:10.737481,92.0,Unknown,ForwardHead,False,,0.6,22.0,178.2,178.7,176.1,174.7,59.9,High
2025-08-18T21:16:10.805192,92.06,Unknown,ForwardHead,False,,0.6,23.1,178.2,178.8,176.1,174.8,59.5,High
2025-08-18T21:16:10.863750,92.12,Unknown,ForwardHead,False,,0.6,23.9,178.2,178.9,176.2,174.8,59.1,High
2025-08-18T21:16:10.922258,92.17,Unknown,ForwardHead,False,,0.5,24.5,178.1,178.9,176.2,174.9,58.8,High
2025-08-18T21:16:10.988019,92.25,Unknown,ForwardHead,False,,0.4,24.9,178.0,178.9,176.2,174.9,58.5,High
2025-08-18T21:16:11.073514,92.33,Unknown,ForwardHead,False,,0.4,25.1,177.9,179.0,176.3,174.8,58.3,High
2025-08-18T21:16:11.145246,92.41,Unknown,ForwardHead,False,,0.4,24.5,177.9,179.2,176.3,174.5,58.4,High
2025-08-18T21:16:11.276284,92.53,Unknown,ForwardHead,False,,0.5,22.4,178.4,178.9,176.1,173.8,60.6,Medium
2025-08-18T21:16:11.336379,92.59,Unknown,ForwardHead,False,,0.5,20.2,178.6,179.0,175.9,173.7,63.7,Medium
2025-08-18T21:16:11.425380,92.69,Unknown,Neutral,False,,0.6,18.3,178.5,179.0,175.9,173.7,65.5,Medium
2025-08-18T21:16:11.488803,92.75,Unknown,Neutral,False,,0.6,16.1,178.0,178.6,176.3,173.2,67.1,Medium
2025-08-18T21:16:11.552829,92.81,Unknown,Neutral,False,,0.6,14.4,177.6,178.2,176.7,172.8,68.3,Medium
2025-08-18T21:16:11.612759,92.88,Unknown,Neutral,False,,0.6,13.1,177.1,177.8,177.1,172.2,67.9,Medium
2025-08-18T21:16:11.694286,92.95,Unknown,Neutral,False,,0.4,12.0,177.0,177.6,177.2,171.6,66.9,Medium
2025-08-18T21:16:11.780541,93.03,Unknown,Neutral,False,,0.6,11.1,177.1,177.5,177.0,171.4,66.5,Medium
2025-08-18T21:16:11.855825,93.11,Unknown,Neutral,False,,1.0,10.0,177.0,177.6,176.7,171.4,66.6,Medium
2025-08-18T21:16:11.925639,93.19,Unknown,Neutral,False,,1.4,9.1,177.1,177.6,176.3,171.5,66.7,Medium
2025-08-18T21:16:12.065245,93.31,Unknown,Neutral,False,,1.8,8.3,177.2,177.7,175.8,171.7,66.9,Medium
2025-08-18T21:16:12.138160,93.39,Unknown,Neutral,False,,2.1,7.6,177.7,177.9,175.0,171.8,67.2,Medium
2025-08-18T21:16:12.199564,93.45,Unknown,Neutral,False,,2.4,7.1,177.9,178.0,174.6,172.1,67.0,Medium
2025-08-18T21:16:12.259525,93.52,Unknown,Neutral,False,,2.6,6.7,178.0,177.9,174.4,172.2,66.9,Medium
2025-08-18T21:16:12.316403,93.58,Unknown,Neutral,False,,2.8,6.8,178.0,177.9,174.2,172.4,66.8,Medium
2025-08-18T21:16:12.436679,93.69,Unknown,Neutral,False,,2.9,7.0,178.2,177.9,174.0,172.5,66.8,Medium
2025-08-18T21:16:12.547074,93.8,Unknown,Neutral,False,,3.0,7.3,178.3,178.0,174.0,172.6,66.8,Medium
2025-08-18T21:16:12.618689,93.88,Unknown,Neutral,False,,3.2,7.4,178.5,178.1,174.0,172.7,66.8,Medium
2025-08-18T21:16:12.729682,93.98,Unknown,Neutral,False,,3.3,7.6,178.7,178.1,174.1,172.8,66.8,Medium
2025-08-18T21:16:12.825305,94.08,Unknown,Neutral,False,,3.4,7.8,178.7,178.1,174.2,172.9,66.8,Medium
2025-08-18T21:16:12.886673,94.14,Unknown,Neutral,False,,3.4,8.0,178.8,178.1,174.2,173.0,66.9,Medium
2025-08-18T21:16:12.982184,94.23,Unknown,Neutral,False,,3.5,8.2,178.8,178.1,174.3,173.0,66.9,Medium
2025-08-18T21:16:13.049887,94.31,Unknown,Neutral,False,,3.6,8.4,178.8,178.2,174.3,173.1,67.0,Medium
2025-08-18T21:16:13.151288,94.41,Unknown,Neutral,False,,3.6,8.5,178.8,178.2,174.3,173.1,67.1,Medium
2025-08-18T21:16:13.235013,94.48,Unknown,Neutral,False,,3.7,8.6,178.7,178.1,174.4,173.1,67.2,Medium
2025-08-18T21:16:13.321675,94.58,Unknown,Neutral,False,,3.7,8.7,178.7,178.1,174.4,173.2,67.3,Medium
2025-08-18T21:16:13.522104,94.75,Unknown,Neutral,False,,3.7,8.8,178.6,178.1,174.4,173.2,67.5,Medium
2025-08-18T21:16:13.651694,94.91,Unknown,Neutral,False,,3.8,8.8,178.6,178.2,174.5,173.2,67.6,Medium
2025-08-18T21:16:13.719796,94.98,Unknown,Neutral,False,,3.8,8.9,178.7,178.4,174.6,173.2,67.7,Medium
2025-08-18T21:16:13.784133,95.05,Unknown,Neutral,False,,3.9,8.9,178.7,178.6,174.7,173.3,67.8,Medium
2025-08-18T21:16:13.916393,95.17,Unknown,Neutral,False,,3.9,9.0,178.7,178.8,174.8,173.4,67.9,Medium
2025-08-18T21:16:14.021987,95.28,Unknown,Neutral,False,,4.0,9.1,178.7,178.9,175.0,173.4,67.8,Medium
2025-08-18T21:16:14.102024,95.36,Unknown,Neutral,False,,4.0,9.1,178.6,179.0,175.0,173.4,67.8,Medium
2025-08-18T21:16:14.165681,95.42,Unknown,Neutral,False,,4.0,9.2,178.6,179.2,175.0,173.7,67.8,Medium
2025-08-18T21:16:14.227864,95.48,Unknown,Neutral,False,,4.0,9.2,178.6,179.4,174.9,173.9,67.9,Medium
2025-08-18T21:16:14.295346,95.55,Unknown,Neutral,False,,3.9,9.3,178.7,179.5,174.9,174.1,67.9,Medium
2025-08-18T21:16:14.384352,95.64,Unknown,Neutral,False,,3.9,9.3,178.7,179.6,174.9,174.2,67.9,Medium
2025-08-18T21:16:14.471779,95.73,Unknown,Neutral,False,,3.9,9.4,178.7,179.7,174.9,174.3,67.9,Medium
2025-08-18T21:16:14.563186,95.81,Unknown,Neutral,False,,3.9,9.4,178.7,179.6,175.0,174.2,67.9,Medium
2025-08-18T21:16:14.634701,95.89,Unknown,Neutral,False,,3.9,9.4,178.6,179.6,175.1,174.1,67.8,Medium
2025-08-18T21:16:14.829705,96.08,Unknown,Neutral,False,,3.9,9.5,178.6,179.5,175.2,174.1,67.8,Medium
2025-08-18T21:16:14.909878,96.17,Unknown,Neutral,False,,3.9,9.5,178.5,179.4,175.2,174.0,67.7,Medium
2025-08-18T21:16:15.136767,96.39,Unknown,Neutral,False,,3.9,9.6,178.5,179.4,175.3,173.9,67.7,Medium
2025-08-18T21:16:15.257967,96.48,Unknown,Neutral,False,,3.9,9.6,178.4,179.3,175.3,173.8,67.7,Medium
2025-08-18T21:16:15.399971,96.66,Unknown,Neutral,False,,3.9,9.5,178.4,179.3,175.3,173.8,67.7,Medium
2025-08-18T21:16:15.474454,96.73,Unknown,Neutral,False,,3.8,9.5,178.3,179.1,175.3,173.8,67.7,Medium
2025-08-18T21:16:15.582009,96.84,Unknown,Neutral,False,,3.8,9.5,178.2,179.0,175.4,173.8,67.7,Medium
2025-08-18T21:16:15.682705,96.94,Unknown,Neutral,False,,3.8,9.4,178.1,178.9,175.3,173.9,67.8,Medium
2025-08-18T21:16:15.754704,97.02,Unknown,Neutral,False,,3.7,9.3,177.9,178.9,175.2,174.0,67.9,Medium
2025-08-18T21:16:15.818934,97.08,Unknown,Neutral,False,,3.7,9.2,177.9,178.9,175.1,174.0,68.0,Medium
2025-08-18T21:16:15.876954,97.12,Unknown,Neutral,False,,3.6,9.2,177.9,178.9,175.0,174.1,68.1,Medium
2025-08-18T21:16:15.949246,97.2,Unknown,Neutral,False,,3.5,9.1,177.9,178.9,174.9,174.1,68.3,Medium
2025-08-18T21:16:16.103806,97.36,Unknown,Neutral,False,,3.5,9.1,177.9,178.8,174.8,174.2,68.4,Medium
2025-08-18T21:16:16.226355,97.48,Unknown,Neutral,False,,3.5,9.0,178.0,178.8,174.8,174.2,68.5,Medium
2025-08-18T21:16:16.296969,97.55,Unknown,Neutral,False,,3.5,9.0,178.1,178.9,174.8,174.2,68.5,Medium
2025-08-18T21:16:16.360539,97.62,Unknown,Neutral,False,,3.4,9.0,178.1,178.9,174.9,174.2,68.5,Medium
2025-08-18T21:16:16.429316,97.69,Unknown,Neutral,False,,3.4,8.9,178.3,179.0,175.0,174.2,68.5,Medium
2025-08-18T21:16:16.491242,97.75,Unknown,Neutral,False,,3.4,8.9,178.4,179.3,175.1,174.2,68.4,Medium
2025-08-18T21:16:16.542089,97.8,Unknown,Neutral,False,,3.5,8.8,178.5,179.4,175.3,174.1,68.3,Medium
2025-08-18T21:16:16.603288,97.86,Unknown,Neutral,False,,3.5,8.8,178.6,179.5,175.3,174.2,68.3,Medium
2025-08-18T21:16:16.671705,97.92,Unknown,Neutral,False,,3.5,8.7,178.7,179.4,175.3,174.4,68.4,Medium
2025-08-18T21:16:16.733634,97.98,Unknown,Neutral,False,,3.5,8.7,178.7,179.3,175.3,174.6,68.5,Medium
2025-08-18T21:16:16.803008,98.06,Unknown,Neutral,False,,3.6,8.7,178.7,179.2,175.2,174.7,68.6,Medium
2025-08-18T21:16:16.867835,98.12,Unknown,Neutral,False,,3.6,8.7,178.7,179.2,175.3,174.8,68.6,Medium
2025-08-18T21:16:16.947316,98.2,Unknown,Neutral,False,,3.7,8.7,178.8,179.1,175.3,174.9,68.6,Medium
2025-08-18T21:16:17.021057,98.28,Unknown,Neutral,False,,3.7,8.7,178.8,179.2,175.3,174.8,68.6,Medium
2025-08-18T21:16:17.099718,98.36,Unknown,Neutral,False,,3.8,8.7,178.8,179.3,175.2,174.8,68.6,Medium
2025-08-18T21:16:17.161041,98.42,Unknown,Neutral,False,,3.8,8.8,178.8,179.4,175.2,174.8,68.6,Medium
2025-08-18T21:16:17.218797,98.47,Unknown,Neutral,False,,3.8,8.8,178.7,179.4,175.2,174.8,68.5,Medium
2025-08-18T21:16:17.312014,98.56,Unknown,Neutral,False,,3.8,8.9,178.7,179.5,175.2,174.8,68.5,Medium
2025-08-18T21:16:17.440324,98.7,Unknown,Neutral,False,,3.8,9.0,178.6,179.6,175.2,174.7,68.4,Medium
2025-08-18T21:16:17.501196,98.77,Unknown,Neutral,False,,3.7,9.1,178.5,179.7,175.2,174.7,68.4,Medium
2025-08-18T21:16:17.570500,98.83,Unknown,Neutral,False,,3.7,9.2,178.5,179.7,175.2,174.7,68.3,Medium
2025-08-18T21:16:17.632933,98.89,Unknown,Neutral,False,,3.6,9.3,178.5,179.7,175.3,174.6,68.2,Medium
2025-08-18T21:16:17.694245,98.95,Unknown,Neutral,False,,3.6,9.4,178.4,179.7,175.2,174.6,68.1,Medium
2025-08-18T21:16:17.759497,99.02,Unknown,Neutral,False,,3.5,9.5,178.3,179.7,175.2,174.7,68.1,Medium
2025-08-18T21:16:17.819669,99.08,Unknown,Neutral,False,,3.5,9.6,178.3,179.8,175.2,174.7,68.0,Medium
2025-08-18T21:16:17.880290,99.14,Unknown,Neutral,False,,3.5,9.7,178.4,179.7,175.2,174.7,68.0,Medium
2025-08-18T21:16:17.938946,99.2,Unknown,Neutral,False,,3.4,9.8,178.4,179.7,175.2,174.8,68.0,Medium
2025-08-18T21:16:18.001005,99.25,Unknown,Neutral,False,,3.4,9.9,178.4,179.6,175.2,174.8,68.0,Medium
2025-08-18T21:16:18.058649,99.31,Unknown,Neutral,False,,3.4,9.9,178.5,179.5,175.2,174.8,68.1,Medium
2025-08-18T21:16:18.106475,99.36,Unknown,Neutral,False,,3.4,9.9,178.5,179.4,175.2,174.8,68.2,Medium
2025-08-18T21:16:18.165024,99.42,Unknown,Neutral,False,,3.4,9.9,178.6,179.4,175.2,174.8,68.3,Medium
2025-08-18T21:16:18.220774,99.48,Unknown,Neutral,False,,3.4,9.9,178.6,179.4,175.2,174.7,68.3,Medium
2025-08-18T21:16:18.290037,99.55,Unknown,Neutral,False,,3.4,9.9,178.5,179.5,175.3,174.6,68.2,Medium
2025-08-18T21:16:18.355147,99.61,Unknown,Neutral,False,,3.4,9.9,178.5,179.6,175.3,174.6,68.2,Medium
2025-08-18T21:16:18.423323,99.69,Unknown,Neutral,False,,3.5,9.9,178.5,179.7,175.3,174.6,68.2,Medium
2025-08-18T21:16:18.520850,99.78,Unknown,Neutral,False,,3.5,9.8,178.5,179.7,175.3,174.6,68.2,Medium
2025-08-18T21:16:18.588107,99.84,Unknown,Neutral,False,,3.5,9.8,178.6,179.6,175.3,174.6,68.2,Medium
2025-08-18T21:16:18.635003,99.89,Unknown,Neutral,False,,3.5,9.8,178.6,179.6,175.3,174.6,68.2,Medium
2025-08-18T21:16:18.702407,99.95,Unknown,Neutral,False,,3.5,9.8,178.5,179.6,175.3,174.7,68.3,Medium
2025-08-18T21:16:18.766882,100.02,Unknown,Neutral,False,,3.5,9.9,178.5,179.6,175.3,174.7,68.3,Medium
2025-08-18T21:16:18.843668,100.09,Unknown,Neutral,False,,3.5,9.9,178.5,179.5,175.3,174.7,68.3,Medium
2025-08-18T21:16:18.895450,100.16,Unknown,Neutral,False,,3.4,9.9,178.5,179.5,175.3,174.7,68.2,Medium
2025-08-18T21:16:18.962742,100.22,Unknown,Neutral,False,,3.4,9.9,178.5,179.5,175.3,174.7,68.3,Medium
2025-08-18T21:16:19.011781,100.27,Unknown,Neutral,False,,3.4,9.9,178.6,179.3,175.3,174.7,68.4,Medium
2025-08-18T21:16:19.060991,100.31,Unknown,Neutral,False,,3.4,9.9,178.7,179.2,175.3,174.6,68.4,Medium
2025-08-18T21:16:19.106623,100.36,Unknown,Neutral,False,,3.3,9.9,178.7,179.2,175.4,174.6,68.5,Medium
2025-08-18T21:16:19.161511,100.42,Unknown,Neutral,False,,3.3,9.9,178.8,179.2,175.4,174.5,68.4,Medium
2025-08-18T21:16:19.214361,100.47,Unknown,Neutral,False,,3.3,9.9,178.8,179.2,175.4,174.4,68.4,Medium
2025-08-18T21:16:19.277757,100.53,Unknown,Neutral,False,,3.3,9.9,178.8,179.2,175.4,174.4,68.5,Medium
2025-08-18T21:16:19.341004,100.59,Unknown,Neutral,False,,3.3,9.9,178.9,179.2,175.4,174.4,68.5,Medium
2025-08-18T21:16:19.408701,100.67,Unknown,Neutral,False,,3.4,9.9,178.9,179.2,175.3,174.5,68.6,Medium
2025-08-18T21:16:19.465336,100.72,Unknown,Neutral,False,,3.4,9.8,178.9,179.1,175.3,174.6,68.7,Medium
2025-08-18T21:16:19.543474,100.8,Unknown,Neutral,False,,3.4,9.8,178.8,179.1,175.3,174.6,68.7,Medium
2025-08-18T21:16:19.617141,100.88,Unknown,Neutral,False,,3.4,9.7,178.8,179.1,175.3,174.6,68.6,Medium
2025-08-18T21:16:19.693939,100.95,Unknown,Neutral,False,,3.4,9.7,178.8,179.1,175.3,174.6,68.6,Medium
2025-08-18T21:16:19.751105,101.0,Unknown,Neutral,False,,3.4,9.7,178.7,179.1,175.3,174.6,68.6,Medium
2025-08-18T21:16:19.799886,101.06,Unknown,Neutral,False,,3.4,9.6,178.7,179.1,175.3,174.6,68.5,Medium
2025-08-18T21:16:19.847043,101.11,Unknown,Neutral,False,,3.4,9.6,178.7,179.2,175.3,174.6,68.5,Medium
2025-08-18T21:16:19.894839,101.16,Unknown,Neutral,False,,3.4,9.7,178.7,179.1,175.3,174.6,68.6,Medium
2025-08-18T21:16:19.954163,101.22,Unknown,Neutral,False,,3.4,9.7,178.7,179.1,175.2,174.7,68.6,Medium
2025-08-18T21:16:20.005469,101.27,Unknown,Neutral,False,,3.3,9.6,178.6,179.0,175.2,174.7,68.5,Medium
2025-08-18T21:16:20.069086,101.33,Unknown,Neutral,False,,3.3,9.6,178.6,179.0,175.2,174.7,68.5,Medium
2025-08-18T21:16:20.139594,101.39,Unknown,Neutral,False,,3.3,9.6,178.6,179.1,175.2,174.7,68.5,Medium
2025-08-18T21:16:20.220439,101.47,Unknown,Neutral,False,,3.2,9.6,178.5,179.1,175.2,174.6,68.4,Medium
2025-08-18T21:16:20.276248,101.53,Unknown,Neutral,False,,3.2,9.5,178.4,179.2,175.1,174.8,68.4,Medium
2025-08-18T21:16:20.327711,101.58,Unknown,Neutral,False,,3.2,9.5,178.4,179.2,175.0,174.9,68.4,Medium
2025-08-18T21:16:20.368975,101.62,Unknown,Neutral,False,,3.2,9.5,178.4,179.2,175.0,174.9,68.5,Medium
2025-08-18T21:16:20.455021,101.72,Unknown,Neutral,False,,3.2,9.5,178.4,179.2,175.0,174.9,68.5,Medium
2025-08-18T21:16:20.545054,101.8,Unknown,Neutral,False,,3.2,9.4,178.5,179.0,175.0,174.9,68.6,Medium
2025-08-18T21:16:20.638079,101.89,Unknown,Neutral,False,,3.2,9.4,178.7,178.7,175.0,175.1,68.7,Medium
2025-08-18T21:16:20.732938,101.98,Unknown,Neutral,False,,3.3,9.4,178.7,178.5,174.9,175.2,68.7,Medium
2025-08-18T21:16:20.792285,102.05,Unknown,Neutral,False,,3.3,9.4,178.8,178.5,174.9,175.3,68.6,Medium
2025-08-18T21:16:20.879653,102.14,Unknown,Neutral,False,,3.2,9.4,178.8,178.4,174.9,175.3,68.6,Medium
2025-08-18T21:16:20.929985,102.19,Unknown,Neutral,False,,3.2,9.4,178.9,178.3,174.8,175.4,68.6,Medium
2025-08-18T21:16:20.988893,102.25,Unknown,Neutral,False,,3.2,9.4,178.9,178.2,174.8,175.5,68.5,Medium
2025-08-18T21:16:21.037786,102.3,Unknown,Neutral,False,,3.3,9.4,179.0,178.1,174.7,175.5,68.5,Medium
2025-08-18T21:16:21.096638,102.36,Unknown,Neutral,False,,3.3,9.4,179.1,178.0,174.7,175.5,68.4,Medium
2025-08-18T21:16:21.163566,102.42,Unknown,Neutral,False,,3.3,9.4,179.1,177.9,174.8,175.5,68.3,Medium
2025-08-18T21:16:21.220590,102.48,Unknown,Neutral,False,,3.3,9.4,179.2,177.9,174.8,175.5,68.3,Medium
2025-08-18T21:16:21.291665,102.55,Unknown,Neutral,False,,3.3,9.5,179.2,177.9,174.9,175.4,68.3,Medium
2025-08-18T21:16:21.341059,102.59,Unknown,Neutral,False,,3.3,9.5,179.2,177.9,174.9,175.4,68.3,Medium
2025-08-18T21:16:21.388419,102.64,Unknown,Neutral,False,,3.3,9.5,179.2,177.9,175.0,175.3,68.4,Medium
2025-08-18T21:16:21.451251,102.7,Unknown,Neutral,False,,3.3,9.6,179.1,178.1,175.1,175.2,68.5,Medium
2025-08-18T21:16:21.531458,102.78,Unknown,Neutral,False,,3.3,9.6,179.0,178.3,175.1,175.1,68.6,Medium
2025-08-18T21:16:21.582127,102.84,Unknown,Neutral,False,,3.3,9.7,179.0,178.5,175.2,174.9,68.6,Medium
2025-08-18T21:16:21.633963,102.89,Unknown,Neutral,False,,3.3,9.7,178.9,178.6,175.3,174.8,68.7,Medium
2025-08-18T21:16:21.706181,102.97,Unknown,Neutral,False,,3.3,9.7,178.8,178.6,175.3,174.8,68.7,Medium
2025-08-18T21:16:21.777647,103.03,Unknown,Neutral,False,,3.3,9.7,178.7,178.7,175.3,174.8,68.8,Medium
2025-08-18T21:16:21.833397,103.09,Unknown,Neutral,False,,3.3,9.7,178.7,178.7,175.3,174.7,68.8,Medium
2025-08-18T21:16:21.885773,103.14,Unknown,Neutral,False,,3.3,9.7,178.7,178.7,175.3,174.7,68.7,Medium
2025-08-18T21:16:21.972064,103.23,Unknown,Neutral,False,,3.3,9.7,178.6,178.8,175.4,174.7,68.7,Medium
2025-08-18T21:16:22.021701,103.28,Unknown,Neutral,False,,3.1,9.7,178.7,178.7,175.3,174.9,68.8,Medium
2025-08-18T21:16:22.075985,103.33,Unknown,Neutral,False,,3.0,9.7,178.8,178.5,175.2,175.2,68.9,Medium
2025-08-18T21:16:22.130894,103.39,Unknown,Neutral,False,,2.9,9.8,178.8,178.4,175.1,175.3,68.9,Medium
2025-08-18T21:16:22.174511,103.44,Unknown,Neutral,False,,2.8,9.8,178.9,178.4,175.0,175.4,68.9,Medium
2025-08-18T21:16:22.232841,103.48,Unknown,Neutral,False,,2.7,9.8,178.9,178.4,175.0,175.4,68.9,Medium
2025-08-18T21:16:22.286483,103.55,Unknown,Neutral,False,,2.6,9.9,179.0,178.2,175.1,175.3,68.9,Medium
2025-08-18T21:16:22.335408,103.59,Unknown,Neutral,False,,2.6,9.9,179.1,178.0,175.1,175.2,68.9,Medium
2025-08-18T21:16:22.406435,103.66,Unknown,Neutral,False,,2.6,9.9,179.1,177.9,175.2,175.2,68.8,Medium
2025-08-18T21:16:22.458285,103.72,Unknown,Neutral,False,,2.6,9.8,179.1,177.9,175.2,175.1,68.8,Medium
2025-08-18T21:16:22.524932,103.78,Unknown,Neutral,False,,2.5,9.8,179.0,178.1,175.3,175.1,68.8,Medium
2025-08-18T21:16:22.586550,103.84,Unknown,Neutral,False,,2.5,9.7,179.0,178.2,175.4,175.0,68.7,Medium
2025-08-18T21:16:22.673224,103.94,Unknown,Neutral,False,,2.5,9.7,179.1,178.3,175.5,174.9,68.6,Medium
2025-08-18T21:16:22.725849,103.98,Unknown,Neutral,False,,2.5,9.6,179.1,178.5,175.6,174.7,68.6,Medium
2025-08-18T21:16:22.833686,104.09,Unknown,Neutral,False,,2.5,9.6,179.1,178.6,175.6,174.6,68.5,Medium
2025-08-18T21:16:22.891826,104.16,Unknown,Neutral,False,,2.4,9.6,179.1,178.6,175.6,174.5,68.5,Medium
2025-08-18T21:16:22.969314,104.22,Unknown,Neutral,False,,2.5,9.5,179.1,178.6,175.6,174.5,68.5,Medium
2025-08-18T21:16:23.030963,104.28,Unknown,Neutral,False,,2.5,9.5,179.2,178.5,175.7,174.4,68.4,Medium
2025-08-18T21:16:23.088683,104.34,Unknown,Neutral,False,,2.5,9.4,179.2,178.5,175.7,174.3,68.4,Medium
2025-08-18T21:16:23.138538,104.39,Unknown,Neutral,False,,2.5,9.4,179.2,178.4,175.8,174.3,68.3,Medium
2025-08-18T21:16:23.182237,104.44,Unknown,Neutral,False,,2.5,9.3,179.2,178.3,175.8,174.3,68.4,Medium
2025-08-18T21:16:23.229170,104.48,Unknown,Neutral,False,,2.5,9.3,179.1,178.3,175.7,174.3,68.5,Medium
2025-08-18T21:16:23.274118,104.53,Unknown,Neutral,False,,2.6,9.3,179.1,178.1,175.7,174.3,68.5,Medium
2025-08-18T21:16:23.328641,104.58,Unknown,Neutral,False,,2.6,9.2,179.1,178.0,175.7,174.3,68.4,Medium
2025-08-18T21:16:23.403468,104.66,Unknown,Neutral,False,,2.6,9.2,179.1,177.9,175.7,174.3,68.4,Medium
2025-08-18T21:16:23.448084,104.7,Unknown,Neutral,False,,2.6,9.1,179.1,177.8,175.7,174.3,68.4,Medium
2025-08-18T21:16:23.494473,104.75,Unknown,Neutral,False,,2.6,9.1,179.1,177.8,175.7,174.3,68.4,Medium
2025-08-18T21:16:23.543278,104.8,Unknown,Neutral,False,,2.6,9.1,179.1,177.8,175.7,174.3,68.5,Medium
2025-08-18T21:16:23.612799,104.88,Unknown,Neutral,False,,2.7,9.1,179.1,177.9,175.7,174.4,68.5,Medium
2025-08-18T21:16:23.681732,104.94,Unknown,Neutral,False,,2.7,9.0,179.1,177.9,175.7,174.4,68.4,Medium
2025-08-18T21:16:23.745252,105.0,Unknown,Neutral,False,,2.8,9.0,179.1,178.0,175.7,174.4,68.4,Medium
2025-08-18T21:16:23.802203,105.06,Unknown,Neutral,False,,2.8,9.0,179.1,178.1,175.7,174.4,68.4,Medium
2025-08-18T21:16:23.869722,105.12,Unknown,Neutral,False,,2.8,9.0,179.0,178.2,175.7,174.4,68.4,Medium
2025-08-18T21:16:23.952133,105.2,Unknown,Neutral,False,,2.8,9.0,178.9,178.3,175.6,174.5,68.6,Medium
2025-08-18T21:16:23.999156,105.25,Unknown,Neutral,False,,2.8,9.0,178.8,178.6,175.5,174.5,68.9,Medium
2025-08-18T21:16:24.043936,105.3,Unknown,Neutral,False,,2.7,9.0,178.8,178.7,175.4,174.5,69.0,Medium
2025-08-18T21:16:24.095546,105.34,Unknown,Neutral,False,,2.7,9.0,178.7,178.8,175.4,174.5,69.1,Medium
2025-08-18T21:16:24.174382,105.44,Unknown,Neutral,False,,2.7,9.0,178.7,178.9,175.4,174.4,69.1,Medium
2025-08-18T21:16:24.236735,105.5,Unknown,Neutral,False,,2.7,9.0,178.7,179.0,175.5,174.4,69.0,Medium
2025-08-18T21:16:24.291001,105.55,Unknown,Neutral,False,,2.7,9.0,178.8,179.0,175.5,174.4,69.0,Medium
2025-08-18T21:16:24.357115,105.61,Unknown,Neutral,False,,2.6,8.9,178.8,178.9,175.6,174.4,69.0,Medium
2025-08-18T21:16:24.462314,105.72,Unknown,Neutral,False,,2.6,8.9,178.9,178.8,175.6,174.4,69.0,Medium
2025-08-18T21:16:24.514644,105.77,Unknown,Neutral,False,,2.7,8.9,178.9,178.8,175.6,174.4,68.9,Medium
2025-08-18T21:16:24.571712,105.83,Unknown,Neutral,False,,2.7,8.9,178.9,178.7,175.7,174.4,68.8,Medium
2025-08-18T21:16:24.623116,105.88,Unknown,Neutral,False,,2.8,8.9,179.0,178.5,175.7,174.3,68.7,Medium
2025-08-18T21:16:24.682025,105.94,Unknown,Neutral,False,,2.8,8.9,179.0,178.4,175.8,174.3,68.6,Medium
2025-08-18T21:16:24.755822,106.02,Unknown,Neutral,False,,2.8,8.9,179.0,178.4,175.7,174.5,68.6,Medium
2025-08-18T21:16:24.814834,106.08,Unknown,Neutral,False,,2.7,8.9,178.9,178.3,175.7,174.6,68.6,Medium
2025-08-18T21:16:24.872386,106.12,Unknown,Neutral,False,,2.7,8.9,178.9,178.3,175.7,174.6,68.6,Medium
2025-08-18T21:16:24.929946,106.19,Unknown,Neutral,False,,2.7,8.9,178.9,178.2,175.7,174.7,68.5,Medium
2025-08-18T21:16:25.015058,106.27,Unknown,Neutral,False,,2.7,8.9,178.9,178.3,175.6,174.8,68.6,Medium
2025-08-18T21:16:25.081771,106.34,Unknown,Neutral,False,,2.7,8.9,178.8,178.4,175.5,174.9,68.7,Medium
2025-08-18T21:16:25.151731,106.41,Unknown,Neutral,False,,2.7,8.9,178.8,178.5,175.5,175.0,68.7,Medium
2025-08-18T21:16:25.211958,106.47,Unknown,Neutral,False,,2.7,8.9,178.9,178.4,175.5,175.0,68.7,Medium
2025-08-18T21:16:25.270476,106.53,Unknown,Neutral,False,,2.6,8.9,179.0,178.4,175.5,175.0,68.6,Medium
2025-08-18T21:16:25.320054,106.58,Unknown,Neutral,False,,2.6,8.8,179.0,178.4,175.6,174.9,68.5,Medium
2025-08-18T21:16:25.361801,106.62,Unknown,Neutral,False,,2.6,8.8,179.0,178.4,175.6,174.9,68.4,Medium
2025-08-18T21:16:25.408561,106.66,Unknown,Neutral,False,,2.6,8.8,178.9,178.4,175.6,174.9,68.4,Medium
2025-08-18T21:16:25.454354,106.7,Unknown,Neutral,False,,2.6,8.8,178.9,178.5,175.7,174.8,68.4,Medium
2025-08-18T21:16:25.515182,106.77,Unknown,Neutral,False,,2.6,8.8,178.9,178.5,175.7,174.7,68.3,Medium
2025-08-18T21:16:25.568396,106.83,Unknown,Neutral,False,,2.6,8.8,179.0,178.5,175.7,174.6,68.3,Medium
2025-08-18T21:16:25.626221,106.89,Unknown,Neutral,False,,2.6,8.8,179.0,178.5,175.7,174.6,68.3,Medium
2025-08-18T21:16:25.669649,106.92,Unknown,Neutral,False,,2.7,8.9,179.0,178.4,175.7,174.6,68.4,Medium
2025-08-18T21:16:25.712404,106.97,Unknown,Neutral,False,,2.8,8.9,179.0,178.3,175.6,174.6,68.4,Medium
2025-08-18T21:16:25.771937,107.03,Unknown,Neutral,False,,2.8,8.9,179.0,178.1,175.6,174.6,68.4,Medium
2025-08-18T21:16:25.826137,107.08,Unknown,Neutral,False,,2.9,8.9,179.1,178.0,175.8,174.5,68.2,Medium
2025-08-18T21:16:25.889905,107.14,Unknown,Neutral,False,,3.0,8.9,179.2,177.9,175.9,174.4,68.1,Medium
2025-08-18T21:16:25.951113,107.2,Unknown,Neutral,False,,3.1,8.9,179.3,177.9,176.0,174.3,68.0,Medium
2025-08-18T21:16:25.995217,107.25,Unknown,Neutral,False,,3.1,8.9,179.3,177.9,176.1,174.2,67.9,Medium
2025-08-18T21:16:26.045520,107.3,Unknown,Neutral,False,,3.2,8.9,179.3,177.8,176.1,174.2,67.9,Medium
2025-08-18T21:16:26.109065,107.36,Unknown,Neutral,False,,3.2,9.0,179.3,177.8,176.1,174.2,67.9,Medium
2025-08-18T21:16:26.174550,107.44,Unknown,Neutral,False,,3.2,8.9,179.3,177.9,176.1,174.2,68.0,Medium
2025-08-18T21:16:26.224675,107.48,Unknown,Neutral,False,,3.2,8.9,179.3,178.0,176.0,174.2,68.0,Medium
2025-08-18T21:16:26.287649,107.55,Unknown,Neutral,False,,3.2,8.9,179.2,178.1,176.0,174.2,68.1,Medium
2025-08-18T21:16:26.333767,107.59,Unknown,Neutral,False,,3.2,8.9,179.1,178.2,176.0,174.3,68.2,Medium
2025-08-18T21:16:26.386534,107.64,Unknown,Neutral,False,,3.2,8.9,179.1,178.2,175.9,174.4,68.3,Medium
2025-08-18T21:16:26.443720,107.7,Unknown,Neutral,False,,3.2,8.9,179.1,178.2,175.7,174.5,68.4,Medium
2025-08-18T21:16:26.504048,107.77,Unknown,Neutral,False,,3.3,8.9,179.1,178.2,175.6,174.6,68.4,Medium
2025-08-18T21:16:26.564321,107.83,Unknown,Neutral,False,,3.3,8.9,179.2,178.1,175.6,174.6,68.5,Medium
2025-08-18T21:16:26.634505,107.89,Unknown,Neutral,False,,3.3,8.9,179.2,178.1,175.5,174.7,68.5,Medium
2025-08-18T21:16:26.691556,107.95,Unknown,Neutral,False,,3.3,8.9,179.3,178.0,175.5,174.7,68.4,Medium
2025-08-18T21:16:26.751972,108.02,Unknown,Neutral,False,,3.3,8.9,179.3,177.9,175.5,174.7,68.4,Medium
2025-08-18T21:16:26.829720,108.09,Unknown,Neutral,False,,3.3,8.9,179.3,177.8,175.4,174.9,68.5,Medium
2025-08-18T21:16:26.918357,108.17,Unknown,Neutral,False,,3.2,8.9,179.3,177.8,175.4,175.1,68.5,Medium
2025-08-18T21:16:27.029746,108.28,Unknown,Neutral,False,,3.1,8.9,179.2,177.7,175.4,175.1,68.6,Medium
2025-08-18T21:16:27.106629,108.36,Unknown,Neutral,False,,3.1,9.0,179.2,177.8,175.5,175.1,68.6,Medium
2025-08-18T21:16:27.198940,108.45,Unknown,Neutral,False,,3.0,9.1,179.2,177.8,175.5,175.1,68.6,Medium
2025-08-18T21:16:27.352320,108.61,Unknown,Neutral,False,,3.0,9.1,179.2,177.8,175.5,175.1,68.6,Medium
2025-08-18T21:16:27.426119,108.69,Unknown,Neutral,False,,3.0,9.1,179.1,177.8,175.4,175.2,68.7,Medium
2025-08-18T21:16:27.486749,108.75,Unknown,Neutral,False,,3.0,9.1,179.1,177.8,175.4,175.2,68.7,Medium
2025-08-18T21:16:27.545726,108.8,Unknown,Neutral,False,,3.0,9.1,179.1,177.7,175.4,175.3,68.7,Medium
2025-08-18T21:16:27.596577,108.86,Unknown,Neutral,False,,3.0,9.1,179.1,177.7,175.4,175.4,68.8,Medium
2025-08-18T21:16:27.658351,108.92,Unknown,Neutral,False,,3.0,9.1,179.1,177.7,175.4,175.5,68.8,Medium
2025-08-18T21:16:27.714838,108.97,Unknown,Neutral,False,,3.1,9.1,179.1,177.7,175.3,175.5,68.8,Medium
2025-08-18T21:16:27.760062,109.02,Unknown,Neutral,False,,3.1,9.1,179.1,177.7,175.3,175.6,68.8,Medium
2025-08-18T21:16:27.805009,109.06,Unknown,Neutral,False,,3.1,9.2,179.2,177.6,175.3,175.6,68.8,Medium
2025-08-18T21:16:27.849167,109.11,Unknown,Neutral,False,,3.1,9.2,179.2,177.5,175.4,175.6,68.8,Medium
2025-08-18T21:16:27.900873,109.16,Unknown,Neutral,False,,3.1,9.2,179.2,177.5,175.4,175.5,68.8,Medium
2025-08-18T21:16:27.988861,109.25,Unknown,Neutral,False,,3.2,9.2,179.3,177.4,175.4,175.5,68.8,Medium
2025-08-18T21:16:28.043852,109.3,Unknown,Neutral,False,,3.1,9.2,179.3,177.5,175.4,175.6,68.8,Medium
2025-08-18T21:16:28.103691,109.36,Unknown,Neutral,False,,3.1,9.2,179.3,177.6,175.4,175.6,68.8,Medium
2025-08-18T21:16:28.170692,109.42,Unknown,Neutral,False,,3.1,9.2,179.3,177.6,175.4,175.6,68.8,Medium
2025-08-18T21:16:28.223196,109.48,Unknown,Neutral,False,,3.1,9.2,179.3,177.6,175.4,175.6,68.8,Medium
2025-08-18T21:16:28.285448,109.55,Unknown,Neutral,False,,3.1,9.2,179.3,177.6,175.5,175.5,68.8,Medium
2025-08-18T21:16:28.349726,109.61,Unknown,Neutral,False,,3.2,9.2,179.3,177.6,175.5,175.5,68.8,Medium
2025-08-18T21:16:28.453963,109.7,Unknown,Neutral,False,,3.2,9.2,179.3,177.7,175.5,175.5,68.7,Medium
2025-08-18T21:16:28.503601,109.77,Unknown,Neutral,False,,3.2,9.1,179.3,177.7,175.5,175.4,68.7,Medium
2025-08-18T21:16:28.546407,109.8,Unknown,Neutral,False,,3.2,9.1,179.2,177.8,175.5,175.5,68.8,Medium
2025-08-18T21:16:28.590439,109.84,Unknown,Neutral,False,,3.2,9.1,179.2,177.8,175.5,175.5,68.8,Medium
2025-08-18T21:16:28.646021,109.91,Unknown,Neutral,False,,3.2,9.1,179.2,177.8,175.5,175.4,68.8,Medium
2025-08-18T21:16:28.723111,109.98,Unknown,Neutral,False,,3.3,9.1,179.2,177.9,175.5,175.4,68.8,Medium
2025-08-18T21:16:28.785570,110.05,Unknown,Neutral,False,,3.3,9.1,179.2,178.1,175.5,175.2,68.8,Medium
2025-08-18T21:16:28.855099,110.11,Unknown,Neutral,False,,3.3,9.1,179.2,178.2,175.6,175.1,68.8,Medium
2025-08-18T21:16:28.905751,110.16,Unknown,Neutral,False,,3.3,9.1,179.3,178.3,175.7,174.9,68.7,Medium
2025-08-18T21:16:28.950620,110.2,Unknown,Neutral,False,,3.4,9.1,179.3,178.3,175.6,174.8,68.7,Medium
2025-08-18T21:16:29.002753,110.27,Unknown,Neutral,False,,3.4,9.1,179.2,178.3,175.6,174.8,68.7,Medium
2025-08-18T21:16:29.108893,110.36,Unknown,Neutral,False,,3.5,8.9,179.2,178.3,175.5,174.8,68.7,Medium
2025-08-18T21:16:29.224702,110.47,Unknown,Neutral,False,,3.5,8.7,179.2,178.3,175.4,174.9,68.8,Medium
2025-08-18T21:16:29.286266,110.55,Unknown,Neutral,False,,3.5,8.5,179.2,178.1,175.1,175.2,68.9,Medium
2025-08-18T21:16:29.338583,110.59,Unknown,Neutral,False,,3.5,8.2,179.2,178.0,174.9,175.5,68.8,Medium
2025-08-18T21:16:29.400520,110.66,Unknown,Neutral,False,,3.5,8.0,179.2,177.9,174.7,175.8,68.7,Medium
2025-08-18T21:16:29.449807,110.7,Unknown,Neutral,False,,3.5,7.8,179.2,177.8,174.6,176.0,68.6,Medium
2025-08-18T21:16:29.546402,110.8,Unknown,Neutral,False,,3.5,7.6,179.2,177.7,174.5,176.1,68.6,Medium
2025-08-18T21:16:29.602400,110.86,Unknown,Neutral,False,,3.4,7.4,179.2,177.6,174.6,176.2,68.7,Medium
2025-08-18T21:16:29.660704,110.92,Unknown,Neutral,False,,3.3,7.3,179.1,177.6,174.6,176.3,68.8,Medium
2025-08-18T21:16:29.708681,110.97,Unknown,Neutral,False,,3.3,7.2,179.1,177.6,174.6,176.4,68.8,Medium
2025-08-18T21:16:29.758344,111.02,Unknown,Neutral,False,,3.2,7.1,179.1,177.5,174.6,176.4,68.8,Medium
2025-08-18T21:16:29.817722,111.08,Unknown,Neutral,False,,3.2,7.0,179.1,177.6,174.6,176.4,68.8,Medium
2025-08-18T21:16:29.883347,111.14,Unknown,Neutral,False,,3.1,7.0,179.1,177.6,174.7,176.4,68.9,Medium
2025-08-18T21:16:29.957245,111.22,Unknown,Neutral,False,,3.1,7.0,179.2,177.6,174.7,176.4,68.9,Medium
2025-08-18T21:16:30.030516,111.28,Unknown,Neutral,False,,3.0,7.0,179.2,177.6,174.7,176.3,68.9,Medium
2025-08-18T21:16:30.088937,111.34,Unknown,Neutral,False,,3.0,7.1,179.2,177.6,174.8,176.3,68.9,Medium
2025-08-18T21:16:30.172926,111.42,Unknown,Neutral,False,,2.9,7.1,179.2,177.7,174.8,176.2,69.0,Medium
2025-08-18T21:16:30.230684,111.48,Unknown,Neutral,False,,2.9,7.1,179.2,177.7,174.9,176.2,69.0,Medium
2025-08-18T21:16:30.287796,111.55,Unknown,Neutral,False,,2.9,7.2,179.3,177.6,175.0,176.0,69.0,Medium
2025-08-18T21:16:30.354052,111.61,Unknown,Neutral,False,,2.9,7.2,179.3,177.7,175.1,175.8,69.1,Medium
2025-08-18T21:16:30.419196,111.67,Unknown,Neutral,False,,2.9,7.2,179.3,177.8,175.2,175.6,69.2,Medium
2025-08-18T21:16:30.502083,111.77,Unknown,Neutral,False,,2.9,7.3,179.4,177.9,175.2,175.5,69.3,Medium
2025-08-18T21:16:30.607971,111.86,Unknown,Neutral,False,,2.9,7.3,179.4,177.9,175.3,175.4,69.3,Medium
2025-08-18T21:16:30.674963,111.94,Unknown,Neutral,False,,2.9,7.3,179.4,177.9,175.3,175.4,69.3,Medium
2025-08-18T21:16:30.735818,111.98,Unknown,Neutral,False,,2.9,7.3,179.5,177.8,175.3,175.3,69.2,Medium
2025-08-18T21:16:30.791347,112.05,Unknown,Neutral,False,,3.0,7.3,179.5,177.8,175.3,175.3,69.2,Medium
2025-08-18T21:16:30.834475,112.09,Unknown,Neutral,False,,3.1,7.3,179.6,177.8,175.3,175.3,69.2,Medium
2025-08-18T21:16:30.884452,112.14,Unknown,Neutral,False,,3.1,7.3,179.6,177.8,175.3,175.3,69.2,Medium
2025-08-18T21:16:30.932568,112.19,Unknown,Neutral,False,,3.1,7.3,179.6,177.9,175.3,175.3,69.2,Medium
2025-08-18T21:16:30.976724,112.23,Unknown,Neutral,False,,3.1,7.3,179.6,178.0,175.3,175.2,69.2,Medium
2025-08-18T21:16:31.029044,112.28,Unknown,Neutral,False,,3.1,7.3,179.6,178.0,175.3,175.2,69.2,Medium
2025-08-18T21:16:31.099157,112.36,Unknown,Neutral,False,,3.1,7.3,179.6,177.9,175.4,175.2,69.2,Medium
2025-08-18T21:16:31.149453,112.41,Unknown,Neutral,False,,3.0,7.3,179.6,177.9,175.4,175.2,69.2,Medium
2025-08-18T21:16:31.196395,112.45,Unknown,Neutral,False,,3.0,7.3,179.6,177.8,175.5,175.2,69.1,Medium
2025-08-18T21:16:31.312774,112.56,Unknown,Neutral,False,,2.9,7.4,179.6,177.8,175.5,175.2,69.1,Medium
2025-08-18T21:16:31.367219,112.62,Unknown,Neutral,False,,2.9,7.4,179.6,177.8,175.5,175.3,69.1,Medium
2025-08-18T21:16:31.415251,112.67,Unknown,Neutral,False,,2.9,7.4,179.5,177.7,175.6,175.2,69.1,Medium
2025-08-18T21:16:31.460629,112.72,Unknown,Neutral,False,,2.9,7.4,179.5,177.7,175.6,175.2,69.1,Medium
2025-08-18T21:16:31.506509,112.77,Unknown,Neutral,False,,2.9,7.5,179.6,177.6,175.6,175.1,69.0,Medium
2025-08-18T21:16:31.553899,112.81,Unknown,Neutral,False,,2.9,7.5,179.6,177.6,175.7,175.1,68.9,Medium
2025-08-18T21:16:31.600052,112.86,Unknown,Neutral,False,,2.9,7.5,179.6,177.5,175.6,175.1,68.8,Medium
2025-08-18T21:16:31.653242,112.91,Unknown,Neutral,False,,2.9,7.5,179.6,177.5,175.6,175.1,68.7,Medium
2025-08-18T21:16:31.706431,112.97,Unknown,Neutral,False,,2.9,7.4,179.6,177.6,175.6,175.1,68.7,Medium
2025-08-18T21:16:31.752006,113.02,Unknown,Neutral,False,,2.8,7.4,179.5,177.7,175.6,175.1,68.8,Medium
2025-08-18T21:16:31.801149,113.06,Unknown,Neutral,False,,2.8,7.4,179.4,177.7,175.6,175.1,68.8,Medium
2025-08-18T21:16:31.844870,113.11,Unknown,Neutral,False,,2.7,7.4,179.4,177.8,175.6,175.1,68.8,Medium
2025-08-18T21:16:31.889895,113.14,Unknown,Neutral,False,,2.7,7.4,179.5,177.8,175.6,175.1,68.9,Medium
2025-08-18T21:16:31.940549,113.2,Unknown,Neutral,False,,2.7,7.4,179.5,177.7,175.6,175.1,68.9,Medium
2025-08-18T21:16:31.987019,113.25,Unknown,Neutral,False,,2.7,7.4,179.5,177.7,175.6,175.0,68.9,Medium
2025-08-18T21:16:32.030501,113.28,Unknown,Neutral,False,,2.8,7.4,179.5,177.6,175.6,175.0,68.9,Medium
2025-08-18T21:16:32.081914,113.34,Unknown,Neutral,False,,2.8,7.4,179.5,177.6,175.7,174.9,68.9,Medium
2025-08-18T21:16:32.126337,113.39,Unknown,Neutral,False,,2.8,7.4,179.5,177.6,175.6,174.9,69.0,Medium
2025-08-18T21:16:32.172588,113.42,Unknown,Neutral,False,,2.8,7.4,179.5,177.5,175.5,175.0,69.1,Medium
2025-08-18T21:16:32.217815,113.47,Unknown,Neutral,False,,2.8,7.4,179.5,177.4,175.6,175.0,69.1,Medium
2025-08-18T21:16:32.266827,113.52,Unknown,Neutral,False,,2.9,7.4,179.6,177.4,175.6,175.0,69.1,Medium
2025-08-18T21:16:32.314860,113.58,Unknown,Neutral,False,,2.9,7.4,179.6,177.3,175.6,174.9,69.0,Medium
2025-08-18T21:16:32.374533,113.62,Unknown,Neutral,False,,2.9,7.4,179.6,177.3,175.7,174.9,69.0,Medium
2025-08-18T21:16:32.425963,113.69,Unknown,Neutral,False,,2.9,7.4,179.7,177.3,175.7,175.0,69.0,Medium
2025-08-18T21:16:32.464038,113.72,Unknown,Neutral,False,,2.9,7.4,179.6,177.3,175.8,175.0,69.0,Medium
2025-08-18T21:16:32.512032,113.77,Unknown,Neutral,False,,2.9,7.4,179.6,177.3,175.8,175.0,69.0,Medium
2025-08-18T21:16:32.559006,113.81,Unknown,Neutral,False,,2.9,7.4,179.6,177.3,175.7,175.0,69.0,Medium
2025-08-18T21:16:32.603611,113.86,Unknown,Neutral,False,,2.9,7.4,179.6,177.3,175.7,175.1,69.0,Medium
2025-08-18T21:16:32.648660,113.91,Unknown,Neutral,False,,3.0,7.4,179.6,177.4,175.7,175.1,69.1,Medium
2025-08-18T21:16:32.699872,113.95,Unknown,Neutral,False,,3.1,7.4,179.6,177.4,175.7,175.1,69.1,Medium
2025-08-18T21:16:32.783229,114.03,Unknown,Neutral,False,,3.1,7.4,179.6,177.5,175.7,175.1,69.1,Medium
2025-08-18T21:16:32.849293,114.11,Unknown,Neutral,False,,3.1,7.4,179.7,177.5,175.7,175.2,69.1,Medium
2025-08-18T21:16:32.904317,114.16,Unknown,Neutral,False,,3.1,7.4,179.7,177.5,175.8,175.1,69.1,Medium
2025-08-18T21:16:32.947076,114.2,Unknown,Neutral,False,,3.1,7.3,179.7,177.5,175.8,175.1,69.1,Medium
2025-08-18T21:16:32.994658,114.25,Unknown,Neutral,False,,3.1,7.3,179.7,177.5,175.8,175.1,69.1,Medium
2025-08-18T21:16:33.037706,114.3,Unknown,Neutral,False,,3.1,7.3,179.6,177.7,175.9,174.8,69.1,Medium
2025-08-18T21:16:33.088769,114.34,Unknown,Neutral,False,,3.1,7.4,179.5,177.9,175.9,174.7,69.1,Medium
2025-08-18T21:16:33.140587,114.39,Unknown,Neutral,False,,3.2,7.4,179.4,178.0,176.0,174.6,69.1,Medium
2025-08-18T21:16:33.214095,114.47,Unknown,Neutral,False,,3.1,7.4,179.4,178.0,175.9,174.7,69.2,Medium
2025-08-18T21:16:33.289835,114.55,Unknown,Neutral,False,,3.1,7.4,179.4,178.0,175.8,174.8,69.3,Medium
2025-08-18T21:16:33.355702,114.61,Unknown,Neutral,False,,3.1,7.4,179.4,177.9,175.7,174.9,69.3,Medium
2025-08-18T21:16:33.421558,114.67,Unknown,Neutral,False,,3.1,7.5,179.4,177.9,175.6,175.0,69.4,Medium
2025-08-18T21:16:33.520164,114.78,Unknown,Neutral,False,,3.1,7.5,179.4,177.8,175.6,175.1,69.4,Medium
2025-08-18T21:16:33.569805,114.83,Unknown,Neutral,False,,3.1,7.5,179.4,177.8,175.5,175.2,69.4,Medium
2025-08-18T21:16:33.615831,114.88,Unknown,Neutral,False,,3.1,7.5,179.4,177.8,175.5,175.3,69.4,Medium
2025-08-18T21:16:33.661311,114.92,Unknown,Neutral,False,,3.1,7.5,179.4,177.7,175.4,175.4,69.5,Medium
2025-08-18T21:16:33.709169,114.97,Unknown,Neutral,False,,3.1,7.5,179.4,177.7,175.4,175.3,69.4,Medium
2025-08-18T21:16:33.760903,115.02,Unknown,Neutral,False,,3.2,7.5,179.4,177.7,175.4,175.2,69.3,Medium
2025-08-18T21:16:33.881879,115.14,Unknown,Neutral,False,,3.2,7.4,179.4,177.7,175.5,175.2,69.3,Medium
2025-08-18T21:16:33.941427,115.2,Unknown,Neutral,False,,3.2,7.4,179.5,177.6,175.5,175.2,69.3,Medium
2025-08-18T21:16:33.987139,115.25,Unknown,Neutral,False,,3.2,7.4,179.5,177.5,175.5,175.1,69.2,Medium
2025-08-18T21:16:34.036995,115.3,Unknown,Neutral,False,,3.3,7.4,179.4,177.4,175.4,175.3,69.3,Medium
2025-08-18T21:16:34.082699,115.34,Unknown,Neutral,False,,3.3,7.4,179.3,177.4,175.4,175.4,69.4,Medium
2025-08-18T21:16:34.132571,115.39,Unknown,Neutral,False,,3.3,7.5,179.3,177.5,175.4,175.5,69.4,Medium
2025-08-18T21:16:34.182044,115.44,Unknown,Neutral,False,,3.3,7.5,179.2,177.5,175.4,175.6,69.4,Medium
2025-08-18T21:16:34.226149,115.48,Unknown,Neutral,False,,3.3,7.5,179.2,177.5,175.4,175.6,69.3,Medium
2025-08-18T21:16:34.273970,115.53,Unknown,Neutral,False,,3.3,7.5,179.2,177.6,175.3,175.6,69.3,Medium
2025-08-18T21:16:34.324403,115.58,Unknown,Neutral,False,,3.3,7.5,179.1,177.7,175.3,175.7,69.3,Medium
2025-08-18T21:16:34.377856,115.64,Unknown,Neutral,False,,3.3,7.5,179.2,177.7,175.3,175.7,69.3,Medium
2025-08-18T21:16:34.437054,115.69,Unknown,Neutral,False,,3.3,7.5,179.2,177.7,175.3,175.7,69.3,Medium
2025-08-18T21:16:34.489399,115.75,Unknown,Neutral,False,,3.3,7.6,179.3,177.7,175.3,175.6,69.4,Medium
2025-08-18T21:16:34.600186,115.86,Unknown,Neutral,False,,3.2,7.6,179.3,177.8,175.2,175.7,69.4,Medium
2025-08-18T21:16:34.661692,115.92,Unknown,Neutral,False,,3.2,7.6,179.3,177.9,175.2,175.6,69.4,Medium
2025-08-18T21:16:34.708901,115.97,Unknown,Neutral,False,,3.1,7.6,179.4,178.0,175.2,175.6,69.5,Medium
2025-08-18T21:16:34.756683,116.02,Unknown,Neutral,False,,3.0,7.6,179.3,178.1,175.3,175.4,69.6,Medium
2025-08-18T21:16:34.815582,116.08,Unknown,Neutral,False,,2.9,7.7,179.3,178.3,175.3,175.2,69.6,Medium
2025-08-18T21:16:34.859381,116.11,Unknown,Neutral,False,,2.8,7.7,179.2,178.4,175.4,175.0,69.6,Medium
2025-08-18T21:16:34.945419,116.2,Unknown,Neutral,False,,2.7,7.7,179.2,178.4,175.4,175.0,69.5,Medium
2025-08-18T21:16:35.001634,116.27,Unknown,Neutral,False,,2.7,7.7,179.2,178.3,175.4,174.9,69.4,Medium
2025-08-18T21:16:35.048206,116.3,Unknown,Neutral,False,,2.7,7.7,179.2,178.3,175.4,174.8,69.4,Medium
2025-08-18T21:16:35.092519,116.34,Unknown,Neutral,False,,2.6,7.7,179.2,178.3,175.4,174.8,69.4,Medium
2025-08-18T21:16:35.136472,116.39,Unknown,Neutral,False,,2.5,7.7,179.2,178.3,175.4,174.8,69.4,Medium
2025-08-18T21:16:35.182620,116.44,Unknown,Neutral,False,,2.5,7.7,179.2,178.3,175.4,174.8,69.4,Medium
2025-08-18T21:16:35.232841,116.48,Unknown,Neutral,False,,2.4,7.7,179.2,178.3,175.5,174.8,69.4,Medium
2025-08-18T21:16:35.283954,116.55,Unknown,Neutral,False,,2.4,7.7,179.2,178.3,175.5,174.7,69.4,Medium
2025-08-18T21:16:35.328079,116.58,Unknown,Neutral,False,,2.3,7.6,179.2,178.4,175.5,174.7,69.4,Medium
2025-08-18T21:16:35.377107,116.64,Unknown,Neutral,False,,2.3,7.6,179.2,178.3,175.5,174.7,69.4,Medium
2025-08-18T21:16:35.418289,116.67,Unknown,Neutral,False,,2.3,7.6,179.3,178.3,175.5,174.7,69.4,Medium
2025-08-18T21:16:35.493248,116.75,Unknown,Neutral,False,,2.3,7.6,179.2,178.3,175.5,174.7,69.4,Medium
2025-08-18T21:16:35.552790,116.81,Unknown,Neutral,False,,2.3,7.5,179.3,178.2,175.5,174.8,69.4,Medium
2025-08-18T21:16:35.623735,116.88,Unknown,Neutral,False,,2.3,7.5,179.3,178.1,175.5,174.8,69.4,Medium
2025-08-18T21:16:35.694008,116.95,Unknown,Neutral,False,,2.4,7.5,179.3,178.0,175.6,174.7,69.3,Medium
2025-08-18T21:16:35.753540,117.02,Unknown,Neutral,False,,2.5,7.5,179.4,178.0,175.7,174.6,69.2,Medium
2025-08-18T21:16:35.811259,117.06,Unknown,Neutral,False,,2.6,7.4,179.4,177.9,175.8,174.6,69.2,Medium
2025-08-18T21:16:35.859022,117.11,Unknown,Neutral,False,,2.6,7.4,179.4,177.9,175.8,174.5,69.2,Medium
2025-08-18T21:16:35.899266,117.16,Unknown,Neutral,False,,2.7,7.4,179.4,177.9,175.9,174.5,69.1,Medium
2025-08-18T21:16:35.950304,117.2,Unknown,Neutral,False,,2.7,7.4,179.4,178.0,175.9,174.5,69.1,Medium
2025-08-18T21:16:36.006363,117.27,Unknown,Neutral,False,,2.8,7.4,179.3,178.1,175.8,174.5,69.2,Medium
2025-08-18T21:16:36.061235,117.31,Unknown,Neutral,False,,2.8,7.4,179.3,178.2,175.8,174.5,69.3,Medium
2025-08-18T21:16:36.107605,117.36,Unknown,Neutral,False,,2.8,7.4,179.2,178.4,175.7,174.6,69.3,Medium
2025-08-18T21:16:36.150666,117.41,Unknown,Neutral,False,,2.8,7.4,179.2,178.5,175.6,174.6,69.4,Medium
2025-08-18T21:16:36.197859,117.45,Unknown,Neutral,False,,2.7,7.4,179.3,178.5,175.6,174.6,69.3,Medium
2025-08-18T21:16:36.242480,117.5,Unknown,Neutral,False,,2.8,7.4,179.3,178.5,175.6,174.6,69.3,Medium
2025-08-18T21:16:36.290222,117.55,Unknown,Neutral,False,,2.8,7.4,179.4,178.4,175.6,174.6,69.2,Medium
2025-08-18T21:16:36.338501,117.59,Unknown,Neutral,False,,2.8,7.4,179.3,178.4,175.6,174.6,69.2,Medium
2025-08-18T21:16:36.380209,117.64,Unknown,Neutral,False,,2.8,7.3,179.3,178.3,175.6,174.7,69.2,Medium
2025-08-18T21:16:36.434535,117.69,Unknown,Neutral,False,,2.8,7.3,179.3,178.2,175.6,174.7,69.1,Medium
2025-08-18T21:16:36.488084,117.75,Unknown,Neutral,False,,2.8,7.3,179.3,178.1,175.6,174.6,69.1,Medium
2025-08-18T21:16:36.550640,117.81,Unknown,Neutral,False,,2.8,7.4,179.3,178.1,175.6,174.7,69.1,Medium
2025-08-18T21:16:36.602484,117.86,Unknown,Neutral,False,,2.8,7.5,179.3,178.1,175.5,174.7,69.2,Medium
2025-08-18T21:16:36.648591,117.91,Unknown,Neutral,False,,2.8,7.5,179.2,178.1,175.4,174.8,69.3,Medium
2025-08-18T21:16:36.697782,117.95,Unknown,Neutral,False,,2.7,7.6,179.2,178.1,175.4,174.9,69.3,Medium
2025-08-18T21:16:36.779062,118.03,Unknown,Neutral,False,,2.7,7.6,179.3,178.0,175.3,174.9,69.3,Medium
2025-08-18T21:16:36.837543,118.09,Unknown,Neutral,False,,2.7,7.5,179.4,177.9,175.4,174.9,69.2,Medium
2025-08-18T21:16:36.902322,118.16,Unknown,Neutral,False,,2.7,7.5,179.5,177.8,175.4,174.9,69.1,Medium
2025-08-18T21:16:36.971684,118.23,Unknown,Neutral,False,,2.7,7.5,179.6,177.8,175.5,174.8,69.0,Medium
2025-08-18T21:16:37.022577,118.28,Unknown,Neutral,False,,2.7,7.5,179.7,177.7,175.5,174.8,68.9,Medium
2025-08-18T21:16:37.082197,118.34,Unknown,Neutral,False,,2.7,7.5,179.7,177.7,175.6,174.7,68.8,Medium
2025-08-18T21:16:37.149505,118.41,Unknown,Neutral,False,,2.6,7.5,179.7,177.7,175.6,174.7,68.8,Medium
2025-08-18T21:16:37.209792,118.47,Unknown,Neutral,False,,2.6,7.5,179.7,177.6,175.6,174.7,68.7,Medium
2025-08-18T21:16:37.268582,118.53,Unknown,Neutral,False,,2.6,7.5,179.7,177.6,175.6,174.7,68.7,Medium
2025-08-18T21:16:37.332048,118.59,Unknown,Neutral,False,,2.6,7.6,179.6,177.7,175.5,174.7,68.8,Medium
2025-08-18T21:16:37.393562,118.66,Unknown,Neutral,False,,2.7,7.6,179.6,177.7,175.5,174.7,68.8,Medium
2025-08-18T21:16:37.458012,118.72,Unknown,Neutral,False,,2.7,7.6,179.5,177.7,175.5,174.8,68.9,Medium
2025-08-18T21:16:37.511882,118.77,Unknown,Neutral,False,,2.7,7.6,179.5,177.8,175.4,174.9,69.0,Medium
2025-08-18T21:16:37.573112,118.83,Unknown,Neutral,False,,2.6,7.6,179.4,177.8,175.3,175.0,69.1,Medium
2025-08-18T21:16:37.629212,118.89,Unknown,Neutral,False,,2.6,7.6,179.5,177.7,175.3,175.0,69.1,Medium
2025-08-18T21:16:37.690898,118.95,Unknown,Neutral,False,,2.7,7.7,179.5,177.8,175.3,175.0,69.2,Medium
2025-08-18T21:16:37.750164,119.0,Unknown,Neutral,False,,2.7,7.7,179.5,177.8,175.4,174.9,69.2,Medium
2025-08-18T21:16:37.845082,119.11,Unknown,Neutral,False,,2.8,7.7,179.5,177.8,175.3,174.9,69.2,Medium
2025-08-18T21:16:37.910160,119.17,Unknown,Neutral,False,,2.8,7.7,179.5,177.8,175.4,174.9,69.3,Medium
2025-08-18T21:16:37.968886,119.22,Unknown,Neutral,False,,2.8,7.7,179.4,178.0,175.2,175.0,69.5,Medium
2025-08-18T21:16:38.018557,119.28,Unknown,Neutral,False,,2.8,7.7,179.3,178.1,175.1,175.2,69.5,Medium
2025-08-18T21:16:38.077400,119.33,Unknown,Neutral,False,,2.8,7.7,179.3,178.1,175.0,175.2,69.5,Medium
2025-08-18T21:16:38.178869,119.42,Unknown,Neutral,False,,2.8,7.7,179.3,178.1,174.9,175.3,69.4,Medium
2025-08-18T21:16:38.256421,119.52,Unknown,Neutral,False,,2.8,7.7,179.3,178.0,174.9,175.3,69.4,Medium
2025-08-18T21:16:38.313583,119.56,Unknown,Neutral,False,,2.8,7.7,179.4,177.9,174.8,175.3,69.3,Medium
2025-08-18T21:16:38.367100,119.62,Unknown,Neutral,False,,2.8,7.7,179.4,177.8,174.8,175.3,69.3,Medium
2025-08-18T21:16:38.418834,119.67,Unknown,Neutral,False,,2.7,7.8,179.5,177.8,174.8,175.3,69.3,Medium
2025-08-18T21:16:38.480732,119.73,Unknown,Neutral,False,,2.7,7.8,179.5,177.8,174.8,175.3,69.3,Medium
2025-08-18T21:16:38.517148,119.78,Unknown,Neutral,False,,2.7,7.8,179.6,177.7,174.8,175.3,69.3,Medium
2025-08-18T21:16:38.569029,119.83,Unknown,Neutral,False,,2.7,7.8,179.6,177.7,174.9,175.2,69.3,Medium
2025-08-18T21:16:38.632845,119.89,Unknown,Neutral,False,,2.7,7.8,179.6,177.7,174.9,175.2,69.2,Medium
2025-08-18T21:16:38.674908,119.94,Unknown,Neutral,False,,2.7,7.8,179.6,177.6,174.8,175.2,69.2,Medium
2025-08-18T21:16:38.720307,119.98,Unknown,Neutral,False,,2.6,7.9,179.6,177.6,174.8,175.3,69.2,Medium
2025-08-18T21:16:38.781781,120.03,Unknown,Neutral,False,,2.6,7.9,179.6,177.7,174.8,175.3,69.2,Medium
2025-08-18T21:16:38.830304,120.09,Unknown,Neutral,False,,2.6,7.9,179.5,177.8,174.9,175.2,69.3,Medium
2025-08-18T21:16:38.880312,120.14,Unknown,Neutral,False,,2.7,7.8,179.5,177.9,174.9,175.1,69.3,Medium
2025-08-18T21:16:38.961512,120.22,Unknown,Neutral,False,,2.7,7.8,179.5,177.9,174.9,175.1,69.3,Medium
2025-08-18T21:16:39.001016,120.25,Unknown,Neutral,False,,2.7,7.8,179.5,178.0,175.0,175.0,69.2,Medium
2025-08-18T21:16:39.044871,120.3,Unknown,Neutral,False,,2.7,7.8,179.5,178.0,175.0,174.9,69.1,Medium
2025-08-18T21:16:39.094212,120.34,Unknown,Neutral,False,,2.7,7.7,179.5,177.9,175.1,174.8,69.0,Medium
2025-08-18T21:16:39.137698,120.39,Unknown,Neutral,False,,2.7,7.7,179.5,177.9,175.1,174.8,69.0,Medium
2025-08-18T21:16:39.185464,120.44,Unknown,Neutral,False,,2.7,7.7,179.5,177.9,175.2,174.8,68.9,Medium
2025-08-18T21:16:39.242352,120.5,Unknown,Neutral,False,,2.7,7.7,179.5,177.9,175.2,174.7,68.9,Medium
2025-08-18T21:16:39.307410,120.56,Unknown,Neutral,False,,2.7,7.7,179.5,177.9,175.2,174.7,68.9,Medium
2025-08-18T21:16:39.357414,120.61,Unknown,Neutral,False,,2.8,7.8,179.5,178.0,175.1,174.7,68.8,Medium
2025-08-18T21:16:39.406922,120.66,Unknown,Neutral,False,,2.8,7.8,179.5,177.9,175.1,174.7,68.8,Medium
2025-08-18T21:16:39.453266,120.7,Unknown,Neutral,False,,2.8,7.8,179.5,177.9,175.1,174.7,68.7,Medium
2025-08-18T21:16:39.501791,120.77,Unknown,Neutral,False,,2.9,7.8,179.5,177.9,175.1,174.7,68.7,Medium
2025-08-18T21:16:39.547708,120.8,Unknown,Neutral,False,,2.9,7.8,179.5,177.9,175.1,174.7,68.7,Medium
2025-08-18T21:16:39.604764,120.86,Unknown,Neutral,False,,2.9,7.7,179.5,177.9,175.1,174.8,68.6,Medium
2025-08-18T21:16:39.668685,120.92,Unknown,Neutral,False,,2.9,7.7,179.5,177.8,175.1,174.9,68.6,Medium
2025-08-18T21:16:39.720635,120.97,Unknown,Neutral,False,,2.9,7.6,179.5,177.8,175.0,175.0,68.6,Medium
2025-08-18T21:16:39.761334,121.02,Unknown,Neutral,False,,2.9,7.5,179.5,177.8,175.0,175.0,68.6,Medium
2025-08-18T21:16:39.806459,121.06,Unknown,Neutral,False,,2.9,7.4,179.5,177.8,175.0,175.1,68.6,Medium
2025-08-18T21:16:39.855258,121.11,Unknown,Neutral,False,,3.0,7.3,179.5,177.8,175.0,175.2,68.5,Medium
2025-08-18T21:16:39.904711,121.16,Unknown,Neutral,False,,3.0,7.2,179.4,177.8,175.0,175.2,68.5,Medium
2025-08-18T21:16:39.951756,121.2,Unknown,Neutral,False,,3.0,7.1,179.4,177.7,175.0,175.2,68.5,Medium
2025-08-18T21:16:40.006561,121.27,Unknown,Neutral,False,,3.1,7.0,179.4,177.6,175.1,175.2,68.6,Medium
2025-08-18T21:16:40.067112,121.33,Unknown,Neutral,False,,3.1,6.9,179.4,177.6,175.1,175.2,68.7,Medium
2025-08-18T21:16:40.119177,121.38,Unknown,Neutral,False,,3.1,6.9,179.4,177.5,175.1,175.2,68.7,Medium
2025-08-18T21:16:40.163296,121.42,Unknown,Neutral,False,,3.1,6.8,179.3,177.5,175.0,175.3,68.7,Medium
2025-08-18T21:16:40.207332,121.47,Unknown,Neutral,False,,3.1,6.8,179.3,177.5,175.0,175.3,68.8,Medium
2025-08-18T21:16:40.261960,121.52,Unknown,Neutral,False,,3.2,6.7,179.3,177.4,174.9,175.4,68.8,Medium
2025-08-18T21:16:40.333520,121.59,Unknown,Neutral,False,,3.2,6.6,179.3,177.4,174.9,175.5,68.8,Medium
2025-08-18T21:16:40.394887,121.66,Unknown,Neutral,False,,3.2,6.6,179.3,177.5,174.8,175.5,68.8,Medium
2025-08-18T21:16:40.467551,121.72,Unknown,Neutral,False,,3.2,6.5,179.4,177.5,174.8,175.4,68.9,Medium
2025-08-18T21:16:40.519710,121.78,Unknown,Neutral,False,,3.2,6.5,179.5,177.5,174.9,175.3,69.0,Medium
2025-08-18T21:16:40.574511,121.83,Unknown,Neutral,False,,3.2,6.5,179.6,177.6,174.9,175.2,69.0,Medium
2025-08-18T21:16:40.632543,121.89,Unknown,Neutral,False,,3.2,6.5,179.6,177.6,175.0,175.1,69.1,Medium
2025-08-18T21:16:40.701427,121.95,Unknown,Neutral,False,,3.2,6.5,179.7,177.7,175.0,175.0,69.2,Medium
2025-08-18T21:16:40.757122,122.02,Unknown,Neutral,False,,3.2,6.4,179.7,177.7,175.1,175.0,69.2,Medium
2025-08-18T21:16:40.798614,122.06,Unknown,Neutral,False,,3.2,6.4,179.7,177.7,175.1,174.9,69.2,Medium
2025-08-18T21:16:40.849469,122.11,Unknown,Neutral,False,,3.3,6.4,179.8,177.7,175.1,174.8,69.2,Medium
2025-08-18T21:16:40.892471,122.16,Unknown,Neutral,False,,3.3,6.4,179.8,177.6,175.2,174.8,69.2,Medium
2025-08-18T21:16:40.994094,122.25,Unknown,Neutral,False,,3.4,6.4,179.8,177.7,175.2,174.7,69.2,Medium
2025-08-18T21:16:41.050778,122.31,Unknown,Neutral,False,,3.4,6.4,179.8,177.7,175.2,174.7,69.1,Medium
2025-08-18T21:16:41.150077,122.41,Unknown,Neutral,False,,3.4,6.4,179.8,177.7,175.2,174.7,69.0,Medium
2025-08-18T21:16:41.215059,122.47,Unknown,Neutral,False,,3.3,6.4,179.8,177.7,175.2,174.8,69.0,Medium
2025-08-18T21:16:41.266063,122.52,Unknown,Neutral,False,,3.3,6.5,179.7,177.6,175.2,174.9,69.0,Medium
2025-08-18T21:16:41.331595,122.59,Unknown,Neutral,False,,3.3,6.5,179.7,177.6,175.2,174.9,69.0,Medium
2025-08-18T21:16:41.424662,122.69,Unknown,Neutral,False,,3.2,6.5,179.7,177.6,175.3,174.9,68.9,Medium
2025-08-18T21:16:41.488804,122.75,Unknown,Neutral,False,,3.2,6.6,179.7,177.6,175.2,175.0,68.9,Medium
2025-08-18T21:16:41.545733,122.8,Unknown,Neutral,False,,3.2,6.6,179.7,177.6,175.3,175.0,68.9,Medium
2025-08-18T21:16:41.613949,122.88,Unknown,Neutral,False,,3.1,6.6,179.7,177.6,175.2,175.0,68.8,Medium
2025-08-18T21:16:41.671947,122.92,Unknown,Neutral,False,,3.1,6.6,179.6,177.7,175.2,175.0,68.8,Medium
2025-08-18T21:16:41.723716,122.98,Unknown,Neutral,False,,3.1,6.7,179.6,177.7,175.2,175.1,68.8,Medium
2025-08-18T21:16:41.771170,123.03,Unknown,Neutral,False,,3.1,6.7,179.6,177.7,175.2,175.1,68.8,Medium
2025-08-18T21:16:41.818555,123.08,Unknown,Neutral,False,,3.1,6.8,179.6,177.7,175.2,175.1,68.8,Medium
2025-08-18T21:16:41.875787,123.12,Unknown,Neutral,False,,3.2,6.9,179.6,177.7,175.2,175.2,68.7,Medium
2025-08-18T21:16:41.921817,123.17,Unknown,Neutral,False,,3.2,7.0,179.6,177.6,175.2,175.2,68.7,Medium
2025-08-18T21:16:41.972329,123.23,Unknown,Neutral,False,,3.2,7.0,179.6,177.7,175.2,175.2,68.6,Medium
2025-08-18T21:16:42.018034,123.28,Unknown,Neutral,False,,3.2,7.1,179.7,177.7,175.3,175.1,68.5,Medium
2025-08-18T21:16:42.066290,123.33,Unknown,Neutral,False,,3.2,7.2,179.7,177.7,175.3,175.1,68.5,Medium
2025-08-18T21:16:42.113294,123.38,Unknown,Neutral,False,,3.1,7.3,179.6,177.8,175.4,175.0,68.5,Medium
2025-08-18T21:16:42.190615,123.45,Unknown,Neutral,False,,3.1,7.3,179.5,178.0,175.3,175.0,68.5,Medium
2025-08-18T21:16:42.237140,123.5,Unknown,Neutral,False,,2.8,7.5,179.3,178.4,175.4,174.7,67.9,Medium
2025-08-18T21:16:42.280552,123.53,Unknown,Neutral,False,,2.2,7.8,179.1,178.3,175.6,174.1,68.1,Medium
2025-08-18T21:16:42.328568,123.58,Unknown,Neutral,False,,1.8,8.3,179.1,178.1,175.7,173.8,68.7,Medium
2025-08-18T21:16:42.391750,123.64,Unknown,Neutral,False,,1.7,8.7,179.3,178.2,175.6,173.9,68.6,Medium
2025-08-18T21:16:42.451880,123.7,Unknown,Neutral,False,,1.7,9.0,179.5,178.2,175.9,173.8,67.3,Medium
2025-08-18T21:16:42.509873,123.77,Unknown,Neutral,False,,1.7,8.9,179.6,178.4,176.1,173.7,66.0,Medium
2025-08-18T21:16:42.561169,123.81,Unknown,Neutral,False,,1.8,8.8,179.7,178.7,176.5,173.7,64.6,Medium
2025-08-18T21:16:42.611091,123.86,Unknown,Neutral,False,,2.0,8.7,179.6,179.0,177.0,173.5,62.2,Medium
2025-08-18T21:16:42.671369,123.92,Unknown,Neutral,False,,2.4,8.6,179.7,179.2,177.3,173.5,60.4,Medium
2025-08-18T21:16:42.718168,123.97,Unknown,Neutral,False,,2.7,8.4,179.7,179.2,177.4,173.8,59.1,High
2025-08-18T21:16:42.763450,124.02,Unknown,Neutral,False,,3.0,8.2,179.7,179.2,177.6,174.0,58.3,High
2025-08-18T21:16:42.819750,124.08,Unknown,Neutral,False,,3.3,8.1,179.7,179.2,177.6,174.3,58.1,High
2025-08-18T21:16:42.883475,124.14,Unknown,Neutral,False,,3.6,7.7,179.7,179.2,177.5,174.7,58.4,High
2025-08-18T21:16:42.932660,124.19,Unknown,Neutral,False,,3.9,7.3,179.3,178.9,177.6,174.9,59.1,High
2025-08-18T21:16:42.991324,124.25,Unknown,Neutral,False,,4.1,7.0,179.2,178.8,177.7,174.9,59.9,High
2025-08-18T21:16:43.057090,124.31,Unknown,Neutral,False,,4.3,6.8,179.2,178.8,177.8,174.9,60.6,Medium
2025-08-18T21:16:43.107247,124.36,Unknown,Neutral,False,,4.4,6.6,178.9,178.9,177.9,175.1,61.5,Medium
2025-08-18T21:16:43.153503,124.41,Unknown,Neutral,False,,4.4,6.4,178.7,178.9,177.9,175.2,62.1,Medium
2025-08-18T21:16:43.198608,124.45,Unknown,Neutral,False,,4.4,6.3,178.5,179.1,178.0,175.2,62.5,Medium
2025-08-18T21:16:43.267205,124.53,Unknown,Neutral,False,,4.4,6.2,178.4,179.3,178.0,175.2,62.7,Medium
2025-08-18T21:16:43.339827,124.59,Unknown,Neutral,False,,4.4,6.1,178.3,179.4,178.0,175.1,62.8,Medium
2025-08-18T21:16:43.386004,124.64,Unknown,Neutral,False,,4.4,6.1,178.3,179.5,178.0,175.0,62.9,Medium
2025-08-18T21:16:43.433057,124.69,Unknown,Neutral,False,,4.4,6.0,178.2,179.4,178.0,175.0,63.0,Medium
2025-08-18T21:16:43.490525,124.75,Unknown,Neutral,False,,4.4,5.9,178.1,179.3,178.0,174.8,63.1,Medium
2025-08-18T21:16:43.550586,124.81,Unknown,Neutral,False,,4.3,5.8,178.1,179.2,178.0,174.7,63.2,Medium
2025-08-18T21:16:43.601843,124.86,Unknown,Neutral,False,,4.3,5.7,178.0,179.1,177.9,174.6,63.4,Medium
2025-08-18T21:16:43.646898,124.91,Unknown,Neutral,False,,4.3,5.7,178.0,179.0,177.7,174.6,63.5,Medium
2025-08-18T21:16:43.695285,124.95,Unknown,Neutral,False,,4.2,5.7,178.0,178.9,177.6,174.6,63.6,Medium
2025-08-18T21:16:43.752660,125.02,Unknown,Neutral,False,,4.2,5.8,178.0,178.9,177.6,174.6,63.7,Medium
2025-08-18T21:16:43.814752,125.08,Unknown,Neutral,False,,4.2,5.7,178.1,178.9,177.5,174.6,63.7,Medium
2025-08-18T21:16:43.872468,125.12,Unknown,Neutral,False,,4.2,5.7,178.1,178.9,177.4,174.6,63.8,Medium
2025-08-18T21:16:43.915682,125.17,Unknown,Neutral,False,,4.2,5.7,178.2,178.9,177.4,174.7,63.9,Medium
2025-08-18T21:16:43.961418,125.22,Unknown,Neutral,False,,4.3,5.7,178.2,178.9,177.4,174.6,63.9,Medium
2025-08-18T21:16:44.030390,125.28,Unknown,Neutral,False,,4.3,5.7,178.2,178.8,177.3,174.6,64.1,Medium
2025-08-18T21:16:44.093429,125.34,Unknown,Neutral,False,,4.3,5.7,178.3,178.8,177.3,174.6,64.1,Medium
2025-08-18T21:16:44.138746,125.39,Unknown,Neutral,False,,4.3,5.7,178.4,178.9,177.3,174.6,64.2,Medium
2025-08-18T21:16:44.183255,125.44,Unknown,Neutral,False,,4.3,5.8,178.5,179.0,177.3,174.5,64.2,Medium
2025-08-18T21:16:44.231468,125.48,Unknown,Neutral,False,,4.3,5.9,178.6,179.0,177.2,174.4,64.2,Medium
2025-08-18T21:16:44.286019,125.55,Unknown,Neutral,False,,4.3,6.0,178.7,179.0,177.2,174.4,64.3,Medium
2025-08-18T21:16:44.356542,125.61,Unknown,Neutral,False,,4.3,6.0,178.7,179.1,177.1,174.3,64.3,Medium
2025-08-18T21:16:44.400013,125.66,Unknown,Neutral,False,,4.3,5.9,178.8,179.1,177.0,174.2,64.3,Medium
2025-08-18T21:16:44.443106,125.7,Unknown,Neutral,False,,4.3,5.9,178.9,179.1,177.0,174.2,64.3,Medium
2025-08-18T21:16:44.487243,125.75,Unknown,Neutral,False,,4.2,5.8,178.9,179.2,177.0,174.1,64.3,Medium
2025-08-18T21:16:44.535644,125.8,Unknown,Neutral,False,,4.2,5.7,179.0,179.2,176.9,174.1,64.4,Medium
2025-08-18T21:16:44.580036,125.84,Unknown,Neutral,False,,4.2,5.6,179.0,179.2,176.9,174.1,64.4,Medium
2025-08-18T21:16:44.679532,125.94,Unknown,Neutral,False,,4.1,5.7,179.1,179.2,176.9,174.1,64.1,Medium
2025-08-18T21:16:44.723419,125.98,Unknown,Neutral,False,,4.1,5.6,179.2,179.2,176.8,174.1,63.5,Medium
2025-08-18T21:16:44.770624,126.03,Unknown,Neutral,False,,4.1,5.4,179.3,179.3,176.8,174.1,62.7,Medium
2025-08-18T21:16:44.861238,126.12,Unknown,Neutral,False,,4.0,5.2,179.4,179.3,176.9,174.1,61.6,Medium
2025-08-18T21:16:44.912732,126.17,Unknown,Neutral,False,,4.0,4.7,179.5,179.3,176.9,174.1,60.9,Medium
2025-08-18T21:16:44.956229,126.22,Unknown,Neutral,False,,4.0,4.0,179.5,179.3,176.9,174.2,60.4,Medium
2025-08-18T21:16:45.002647,126.27,Unknown,Neutral,False,,4.0,3.5,179.5,179.3,176.8,174.3,60.3,Medium
2025-08-18T21:16:45.049294,126.31,Unknown,Neutral,False,,4.1,3.1,179.4,179.2,176.8,174.4,60.4,Medium
2025-08-18T21:16:45.105807,126.36,Unknown,Neutral,False,,4.2,2.9,179.3,179.2,176.9,174.4,60.7,Medium
2025-08-18T21:16:45.180114,126.44,Unknown,Neutral,False,,4.3,2.9,179.3,179.1,177.0,174.4,61.0,Medium
2025-08-18T21:16:45.236856,126.5,Unknown,Neutral,False,,4.4,3.0,179.2,179.2,177.1,174.4,61.2,Medium
2025-08-18T21:16:45.280051,126.53,Unknown,Neutral,False,,4.4,3.0,179.3,179.3,177.1,174.3,61.3,Medium
2025-08-18T21:16:45.325394,126.58,Unknown,Neutral,False,,4.5,3.0,179.2,179.3,177.2,174.3,61.5,Medium
2025-08-18T21:16:45.391811,126.66,Unknown,Neutral,False,,4.5,3.0,179.1,179.2,177.2,174.3,61.7,Medium
2025-08-18T21:16:45.459415,126.72,Unknown,Neutral,False,,4.5,3.0,179.0,179.2,177.3,174.3,61.9,Medium
2025-08-18T21:16:45.514429,126.77,Unknown,Neutral,False,,4.6,3.0,179.0,179.2,177.4,174.3,62.1,Medium
2025-08-18T21:16:45.570201,126.83,Unknown,Neutral,False,,4.7,3.0,178.8,179.4,177.4,174.5,62.4,Medium
2025-08-18T21:16:45.626726,126.89,Unknown,Neutral,False,,4.8,3.1,178.7,179.4,177.5,174.5,62.7,Medium
2025-08-18T21:16:45.669506,126.92,Unknown,Neutral,False,,4.9,3.1,178.6,179.4,177.6,174.4,63.0,Medium
2025-08-18T21:16:45.752534,127.02,Unknown,Neutral,False,,5.0,3.3,178.5,179.5,177.6,174.3,63.3,Medium
2025-08-18T21:16:45.806641,127.06,Unknown,Neutral,False,,5.0,3.9,178.5,179.6,177.7,174.1,63.7,Medium
2025-08-18T21:16:45.857724,127.11,Unknown,Neutral,False,,4.9,5.0,178.6,179.7,177.7,174.0,64.3,Medium
2025-08-18T21:16:45.907914,127.17,Unknown,Neutral,False,,4.8,6.3,178.6,179.7,177.9,173.7,64.8,Medium
2025-08-18T21:16:45.968870,127.22,Unknown,Neutral,False,,4.7,7.8,178.6,179.6,178.0,173.3,65.2,Medium
2025-08-18T21:16:46.011722,127.27,Unknown,Neutral,False,,4.4,9.3,178.6,179.6,178.0,173.1,65.8,Medium
2025-08-18T21:16:46.055507,127.31,Unknown,Neutral,False,,4.2,10.6,178.6,179.5,178.0,173.1,66.3,Medium
2025-08-18T21:16:46.101636,127.36,Unknown,Neutral,False,,4.0,11.6,178.6,179.5,177.9,173.1,66.7,Medium
2025-08-18T21:16:46.145593,127.41,Unknown,Neutral,False,,3.9,12.4,178.6,179.4,177.8,173.1,67.0,Medium
2025-08-18T21:16:46.192840,127.45,Unknown,Neutral,False,,3.8,12.9,178.6,179.4,177.8,173.0,67.1,Medium
2025-08-18T21:16:46.241235,127.5,Unknown,Neutral,False,,3.9,13.3,178.6,179.2,177.7,172.9,67.2,Medium
2025-08-18T21:16:46.284992,127.55,Unknown,Neutral,False,,4.0,13.7,178.6,179.3,177.7,172.8,67.2,Medium
2025-08-18T21:16:46.330363,127.59,Unknown,Neutral,False,,4.1,14.1,178.7,179.3,177.6,172.8,67.3,Medium
2025-08-18T21:16:46.417506,127.67,Unknown,Neutral,False,,4.1,14.6,178.8,179.5,177.6,172.8,67.3,Medium
2025-08-18T21:16:46.504411,127.77,Unknown,Neutral,False,,4.3,15.4,179.0,179.4,177.7,172.6,67.1,Medium
2025-08-18T21:16:46.547312,127.8,Unknown,Neutral,False,,4.4,16.1,179.2,179.4,177.9,172.5,66.7,Medium
2025-08-18T21:16:46.594538,127.84,Unknown,Neutral,False,,4.6,16.7,179.4,179.2,178.0,172.3,66.3,Medium
2025-08-18T21:16:46.644824,127.91,Unknown,Neutral,False,,4.7,17.3,179.4,179.0,178.2,172.2,65.8,Medium
2025-08-18T21:16:46.693312,127.95,Unknown,Neutral,False,,4.8,17.7,179.5,178.9,178.3,172.1,65.3,Medium
2025-08-18T21:16:46.745522,128.0,Unknown,Neutral,False,,4.9,18.1,179.5,178.6,178.4,171.9,64.9,Medium
2025-08-18T21:16:46.813728,128.06,Unknown,Neutral,False,,4.9,18.3,179.5,178.5,178.6,171.8,64.5,Medium
2025-08-18T21:16:46.930565,128.19,Unknown,Neutral,False,,4.9,18.3,179.5,178.4,178.6,171.7,64.4,Medium
2025-08-18T21:16:46.987344,128.25,Unknown,Neutral,False,,4.9,18.0,179.5,178.5,178.7,171.6,64.4,Medium
2025-08-18T21:16:47.047288,128.3,Unknown,Neutral,False,,4.9,17.4,179.5,178.8,178.7,171.6,64.6,Medium
2025-08-18T21:16:47.105852,128.36,Unknown,Neutral,False,,4.9,16.7,179.5,179.1,178.8,171.6,64.8,Medium
2025-08-18T21:16:47.152935,128.41,Unknown,Neutral,False,,4.9,16.0,179.5,179.3,178.8,171.5,64.9,Medium
2025-08-18T21:16:47.195575,128.45,Unknown,Neutral,False,,4.8,15.4,179.4,179.4,178.8,171.5,65.1,Medium
2025-08-18T21:16:47.250040,128.5,Unknown,Neutral,False,,4.8,14.9,179.3,179.5,178.8,171.6,65.1,Medium
2025-08-18T21:16:47.318453,128.58,Unknown,Neutral,False,,4.7,14.4,179.3,179.6,178.8,171.6,65.0,Medium
2025-08-18T21:16:47.370475,128.62,Unknown,Neutral,False,,4.7,14.0,179.3,179.7,178.7,171.6,65.0,Medium
2025-08-18T21:16:47.418066,128.67,Unknown,Neutral,False,,4.7,13.6,179.2,179.7,178.7,171.6,65.0,Medium
2025-08-18T21:16:47.481414,128.73,Unknown,Neutral,False,,4.7,13.2,179.1,179.7,178.7,171.6,65.0,Medium
2025-08-18T21:16:47.545018,128.8,Unknown,Neutral,False,,4.6,12.9,179.1,179.7,178.7,171.7,65.0,Medium
2025-08-18T21:16:47.613587,128.88,Unknown,Neutral,False,,4.6,12.6,179.0,179.7,178.7,171.8,65.1,Medium
2025-08-18T21:16:47.654307,128.91,Unknown,Neutral,False,,4.7,12.2,178.9,179.7,178.6,171.9,65.1,Medium
2025-08-18T21:16:47.703764,128.95,Unknown,Neutral,False,,4.7,12.0,178.9,179.6,178.6,172.0,65.2,Medium
2025-08-18T21:16:47.749079,129.0,Unknown,Neutral,False,,4.7,11.7,178.8,179.6,178.6,172.0,65.2,Medium
2025-08-18T21:16:47.794906,129.05,Unknown,Neutral,False,,4.7,11.6,178.8,179.7,178.5,172.1,65.2,Medium
2025-08-18T21:16:47.864097,129.12,Unknown,Neutral,False,,4.6,11.4,178.8,179.7,178.5,172.2,65.3,Medium
2025-08-18T21:16:47.929545,129.19,Unknown,Neutral,False,,4.6,11.3,178.7,179.7,178.4,172.3,65.3,Medium
2025-08-18T21:16:47.979181,129.23,Unknown,Neutral,False,,4.5,11.2,178.6,179.6,178.3,172.4,65.4,Medium
2025-08-18T21:16:48.029927,129.28,Unknown,Neutral,False,,4.5,11.0,178.6,179.4,178.2,172.5,65.6,Medium
2025-08-18T21:16:48.074585,129.33,Unknown,Neutral,False,,4.5,10.9,178.5,179.2,178.1,172.7,65.8,Medium
2025-08-18T21:16:48.122135,129.38,Unknown,Neutral,False,,4.4,10.7,178.4,179.0,178.0,172.8,65.9,Medium
2025-08-18T21:16:48.166164,129.42,Unknown,Neutral,False,,4.4,10.6,178.4,178.9,177.9,172.9,66.1,Medium
2025-08-18T21:16:48.220525,129.48,Unknown,Neutral,False,,4.4,10.6,178.3,178.8,178.0,172.9,66.1,Medium
2025-08-18T21:16:48.258515,129.52,Unknown,Neutral,False,,4.4,10.5,178.3,178.7,178.0,173.0,66.2,Medium
2025-08-18T21:16:48.311746,129.56,Unknown,Neutral,False,,4.3,10.4,178.3,178.7,178.0,173.0,66.2,Medium
2025-08-18T21:16:48.353930,129.61,Unknown,Neutral,False,,4.3,10.4,178.2,178.6,178.0,173.1,66.3,Medium
2025-08-18T21:16:48.401136,129.66,Unknown,Neutral,False,,4.2,10.3,178.2,178.5,178.1,173.1,66.3,Medium
2025-08-18T21:16:48.447857,129.7,Unknown,Neutral,False,,4.3,10.3,178.2,178.4,178.1,173.2,66.3,Medium
2025-08-18T21:16:48.498231,129.75,Unknown,Neutral,False,,4.3,10.2,178.1,178.4,178.1,173.1,66.3,Medium
2025-08-18T21:16:48.546090,129.8,Unknown,Neutral,False,,4.3,10.2,178.1,178.4,178.1,173.2,66.3,Medium
2025-08-18T21:16:48.590826,129.84,Unknown,Neutral,False,,4.4,10.2,178.1,178.4,178.1,173.2,66.3,Medium
2025-08-18T21:16:48.645529,129.91,Unknown,Neutral,False,,4.4,10.2,178.1,178.4,178.2,173.1,66.2,Medium
2025-08-18T21:16:48.684547,129.94,Unknown,Neutral,False,,4.5,10.2,178.1,178.4,178.2,173.1,66.2,Medium
2025-08-18T21:16:48.727767,129.98,Unknown,Neutral,False,,4.5,10.2,178.1,178.5,178.2,173.1,66.2,Medium
2025-08-18T21:16:48.775293,130.03,Unknown,Neutral,False,,4.5,10.2,178.1,178.5,178.2,173.0,66.2,Medium
2025-08-18T21:16:48.821786,130.08,Unknown,Neutral,False,,4.5,10.1,178.2,178.6,178.3,173.0,66.1,Medium
2025-08-18T21:16:48.868918,130.12,Unknown,Neutral,False,,4.6,10.1,178.2,178.6,178.3,172.9,66.1,Medium
2025-08-18T21:16:48.926839,130.19,Unknown,Neutral,False,,4.6,10.1,178.3,178.7,178.4,172.7,66.0,Medium
2025-08-18T21:16:48.985927,130.23,Unknown,Neutral,False,,4.6,10.0,178.3,178.7,178.5,172.6,65.9,Medium
2025-08-18T21:16:49.034797,130.3,Unknown,Neutral,False,,4.6,10.0,178.4,178.7,178.5,172.5,65.8,Medium
2025-08-18T21:16:49.078045,130.33,Unknown,Neutral,False,,4.6,9.9,178.4,178.7,178.6,172.4,65.8,Medium
2025-08-18T21:16:49.122405,130.38,Unknown,Neutral,False,,4.6,9.9,178.4,178.8,178.6,172.4,65.7,Medium
2025-08-18T21:16:49.167157,130.42,Unknown,Neutral,False,,4.7,9.8,178.4,178.9,178.6,172.4,65.6,Medium
2025-08-18T21:16:49.213299,130.47,Unknown,Neutral,False,,4.7,9.8,178.4,178.9,178.6,172.3,65.6,Medium
2025-08-18T21:16:49.258938,130.52,Unknown,Neutral,False,,4.6,9.8,178.4,179.0,178.6,172.3,65.5,Medium
2025-08-18T21:16:49.304962,130.56,Unknown,Neutral,False,,4.6,9.7,178.4,179.0,178.7,172.2,65.5,Medium
2025-08-18T21:16:49.353589,130.61,Unknown,Neutral,False,,4.6,9.7,178.4,179.0,178.7,172.2,65.4,Medium
2025-08-18T21:16:49.402619,130.66,Unknown,Neutral,False,,4.6,9.6,178.4,178.9,178.6,172.2,65.4,Medium
2025-08-18T21:16:49.449507,130.7,Unknown,Neutral,False,,4.5,9.6,178.5,178.9,178.6,172.1,65.5,Medium
2025-08-18T21:16:49.492334,130.75,Unknown,Neutral,False,,4.5,9.5,178.6,178.9,178.6,172.1,65.5,Medium
2025-08-18T21:16:49.545332,130.8,Unknown,Neutral,False,,4.5,9.4,178.6,178.8,178.6,172.0,65.5,Medium
2025-08-18T21:16:49.589216,130.84,Unknown,Neutral,False,,4.4,9.3,178.6,178.8,178.6,172.0,65.5,Medium
2025-08-18T21:16:49.634665,130.89,Unknown,Neutral,False,,4.4,9.2,178.6,178.8,178.6,172.0,65.6,Medium
2025-08-18T21:16:49.683218,130.94,Unknown,Neutral,False,,4.4,9.0,178.6,178.8,178.6,172.0,65.6,Medium
2025-08-18T21:16:49.730218,130.98,Unknown,Neutral,False,,4.3,8.9,178.6,178.8,178.6,172.1,65.6,Medium
2025-08-18T21:16:49.771210,131.03,Unknown,Neutral,False,,4.3,8.8,178.5,178.6,178.5,172.2,65.7,Medium
2025-08-18T21:16:49.820474,131.08,Unknown,Neutral,False,,4.3,8.6,178.5,178.5,178.5,172.3,65.8,Medium
2025-08-18T21:16:49.866647,131.12,Unknown,Neutral,False,,4.3,8.5,178.4,178.5,178.4,172.4,65.9,Medium
2025-08-18T21:16:49.930237,131.19,Unknown,Neutral,False,,4.3,8.3,178.4,178.5,178.4,172.5,66.0,Medium
2025-08-18T21:16:49.977900,131.23,Unknown,Neutral,False,,4.2,8.1,178.3,178.4,178.3,172.6,66.1,Medium
2025-08-18T21:16:50.030659,131.28,Unknown,Neutral,False,,4.2,8.0,178.3,178.4,178.2,172.7,66.2,Medium
2025-08-18T21:16:50.065912,131.33,Unknown,Neutral,False,,4.1,7.8,178.3,178.4,178.1,172.8,66.2,Medium
2025-08-18T21:16:50.113203,131.38,Unknown,Neutral,False,,4.1,7.7,178.3,178.5,178.0,172.9,66.3,Medium
2025-08-18T21:16:50.159226,131.42,Unknown,Neutral,False,,4.0,7.6,178.2,178.5,177.9,173.1,66.4,Medium
2025-08-18T21:16:50.206326,131.47,Unknown,Neutral,False,,4.0,7.5,178.3,178.5,177.9,173.2,66.5,Medium
2025-08-18T21:16:50.264383,131.52,Unknown,Neutral,False,,4.0,7.4,178.3,178.5,177.9,173.2,66.6,Medium
2025-08-18T21:16:50.328153,131.58,Unknown,Neutral,False,,4.0,7.3,178.3,178.4,177.8,173.2,66.6,Medium
2025-08-18T21:16:50.377869,131.64,Unknown,Neutral,False,,4.0,7.3,178.3,178.3,177.8,173.3,66.6,Medium
2025-08-18T21:16:50.425213,131.69,Unknown,Neutral,False,,4.0,7.2,178.3,178.3,177.8,173.2,66.6,Medium
2025-08-18T21:16:50.472370,131.73,Unknown,Neutral,False,,4.0,7.2,178.4,178.4,177.9,173.1,66.5,Medium
2025-08-18T21:16:50.517114,131.78,Unknown,Neutral,False,,4.0,7.1,178.5,178.5,178.0,173.0,66.4,Medium
2025-08-18T21:16:50.567678,131.83,Unknown,Neutral,False,,3.9,7.1,178.6,178.6,178.1,172.9,66.4,Medium
2025-08-18T21:16:50.628140,131.89,Unknown,Neutral,False,,3.9,7.1,178.6,178.7,178.1,172.8,66.3,Medium
2025-08-18T21:16:50.672727,131.92,Unknown,Neutral,False,,3.9,7.0,178.7,178.8,178.2,172.8,66.2,Medium
2025-08-18T21:16:50.720543,131.98,Unknown,Neutral,False,,3.9,6.9,178.7,178.8,178.1,172.8,66.2,Medium
2025-08-18T21:16:50.774027,132.03,Unknown,Neutral,False,,3.8,6.9,178.7,178.8,178.1,172.8,66.2,Medium
2025-08-18T21:16:50.816571,132.08,Unknown,Neutral,False,,3.8,6.9,178.7,178.8,178.1,172.8,66.2,Medium
2025-08-18T21:16:50.862228,132.12,Unknown,Neutral,False,,3.7,6.8,178.7,178.8,178.1,172.8,66.2,Medium
2025-08-18T21:16:50.907950,132.17,Unknown,Neutral,False,,3.7,6.8,178.6,178.7,177.9,173.1,66.3,Medium
2025-08-18T21:16:50.955536,132.22,Unknown,Neutral,False,,3.7,6.7,178.5,178.7,177.8,173.3,66.4,Medium
2025-08-18T21:16:51.002447,132.27,Unknown,Neutral,False,,3.7,7.1,178.5,178.8,177.7,173.4,66.5,Medium
2025-08-18T21:16:51.055047,132.31,Unknown,Neutral,False,,3.7,7.5,178.5,178.9,177.7,173.4,66.5,Medium
2025-08-18T21:16:51.095452,132.36,Unknown,Neutral,False,,3.7,7.9,178.6,179.0,177.7,173.4,66.5,Medium
2025-08-18T21:16:51.139110,132.39,Unknown,Neutral,False,,3.6,8.2,178.7,179.2,177.7,173.3,66.3,Medium
2025-08-18T21:16:51.186757,132.44,Unknown,Neutral,False,,3.5,8.5,178.7,179.3,177.8,173.2,66.1,Medium
2025-08-18T21:16:51.230514,132.48,Unknown,Neutral,False,,3.3,8.6,178.7,179.3,177.9,173.1,66.0,Medium
2025-08-18T21:16:51.278218,132.53,Unknown,Neutral,False,,3.2,8.8,178.7,179.4,178.0,173.0,65.8,Medium
2025-08-18T21:16:51.328325,132.58,Unknown,Neutral,False,,2.9,8.9,178.7,179.4,178.1,172.9,65.8,Medium
2025-08-18T21:16:51.381666,132.64,Unknown,Neutral,False,,2.7,9.1,178.6,179.3,178.2,173.0,66.0,Medium
2025-08-18T21:16:51.415189,132.67,Unknown,Neutral,False,,2.4,9.5,178.6,179.4,178.2,172.9,66.2,Medium
2025-08-18T21:16:51.486577,132.75,Unknown,Neutral,False,,2.2,10.1,178.6,179.5,178.3,172.9,66.5,Medium
2025-08-18T21:16:51.530700,132.78,Unknown,Neutral,False,,2.0,10.2,178.6,179.5,178.2,172.9,67.0,Medium
2025-08-18T21:16:51.580265,132.84,Unknown,Neutral,False,,1.7,10.3,178.5,179.5,178.2,172.9,67.6,Medium
2025-08-18T21:16:51.623066,132.88,Unknown,Neutral,False,,1.4,10.2,178.4,179.5,178.1,173.0,68.0,Medium
2025-08-18T21:16:51.664264,132.92,Unknown,Neutral,False,,1.1,9.9,178.4,179.5,178.0,173.0,67.4,Medium
2025-08-18T21:16:51.713336,132.97,Unknown,Neutral,False,,0.9,9.6,178.5,179.6,177.9,172.9,66.9,Medium
2025-08-18T21:16:51.762385,133.02,Unknown,Neutral,False,,0.9,9.3,178.7,179.7,177.7,172.9,66.6,Medium
2025-08-18T21:16:51.814702,133.08,Unknown,Neutral,False,,1.0,9.1,178.8,179.7,177.5,172.9,66.5,Medium
2025-08-18T21:16:51.853998,133.11,Unknown,Neutral,False,,1.1,8.8,178.8,179.7,177.2,173.0,66.5,Medium
2025-08-18T21:16:51.919350,133.17,Unknown,Neutral,False,,1.2,8.6,178.8,179.7,176.9,173.1,66.5,Medium
2025-08-18T21:16:51.965221,133.22,Unknown,Neutral,False,,1.3,8.5,178.8,179.7,176.6,173.2,66.5,Medium
2025-08-18T21:16:52.008967,133.27,Unknown,Neutral,False,,1.3,8.5,178.8,179.6,176.4,173.3,66.5,Medium
2025-08-18T21:16:52.057492,133.31,Unknown,Neutral,False,,1.4,8.6,178.7,179.6,176.2,173.3,66.6,Medium
2025-08-18T21:16:52.104828,133.36,Unknown,Neutral,False,,1.5,8.9,178.6,179.5,176.1,173.3,66.5,Medium
2025-08-18T21:16:52.153609,133.41,Unknown,Neutral,False,,1.5,9.1,178.3,179.3,176.1,173.2,66.4,Medium
2025-08-18T21:16:52.201045,133.45,Unknown,Neutral,False,,1.6,9.3,178.0,179.0,176.1,173.1,66.2,Medium
2025-08-18T21:16:52.243439,133.5,Unknown,Neutral,False,,1.6,9.5,177.5,178.6,176.4,172.7,66.0,Medium
2025-08-18T21:16:52.304302,133.56,Unknown,Neutral,False,,1.7,9.7,177.1,178.3,176.5,172.4,65.8,Medium
2025-08-18T21:16:52.356902,133.61,Unknown,Neutral,False,,1.8,9.9,176.8,178.0,176.6,172.1,65.7,Medium
2025-08-18T21:16:52.401624,133.66,Unknown,Neutral,False,,1.9,10.0,176.6,177.8,176.6,171.9,65.8,Medium
2025-08-18T21:16:52.456362,133.72,Unknown,Neutral,False,,1.9,10.2,176.3,177.6,176.7,171.7,65.8,Medium
2025-08-18T21:16:52.524425,133.78,Unknown,Neutral,False,,2.0,10.3,176.1,177.5,176.7,171.6,65.8,Medium
2025-08-18T21:16:52.579663,133.83,Unknown,Neutral,False,,2.0,10.2,176.0,177.3,176.8,171.4,65.8,Medium
2025-08-18T21:16:52.637282,133.89,Unknown,Neutral,False,,2.1,10.0,175.9,177.3,176.8,171.4,66.0,Medium
2025-08-18T21:16:52.693987,133.95,Unknown,Neutral,False,,2.1,9.8,175.8,177.3,176.7,171.5,66.2,Medium
2025-08-18T21:16:52.739943,134.0,Unknown,Neutral,False,,2.2,9.5,175.9,177.3,176.7,171.6,66.3,Medium
2025-08-18T21:16:52.784361,134.05,Unknown,Neutral,False,,2.3,9.2,176.1,177.5,176.5,171.7,66.6,Medium
2025-08-18T21:16:52.833058,134.09,Unknown,Neutral,False,,2.3,9.0,176.4,177.7,176.3,171.9,66.8,Medium
2025-08-18T21:16:52.891174,134.14,Unknown,Neutral,False,,2.3,8.8,176.6,177.8,176.2,172.0,67.0,Medium
2025-08-18T21:16:52.927534,134.19,Unknown,Neutral,False,,2.3,8.6,176.9,178.0,176.1,172.1,67.2,Medium
2025-08-18T21:16:52.994832,134.25,Unknown,Neutral,False,,2.4,8.5,177.1,178.1,176.0,172.2,67.3,Medium
2025-08-18T21:16:53.059400,134.31,Unknown,Neutral,False,,2.4,8.3,176.9,178.1,176.1,172.2,67.3,Medium
2025-08-18T21:16:53.109118,134.36,Unknown,Neutral,False,,2.4,8.1,176.7,178.0,176.2,172.1,67.3,Medium
2025-08-18T21:16:53.173500,134.42,Unknown,Neutral,False,,2.4,8.0,176.7,178.0,176.2,172.1,67.3,Medium
2025-08-18T21:16:53.226329,134.48,Unknown,Neutral,False,,2.4,7.9,176.8,178.0,176.2,172.2,67.3,Medium
2025-08-18T21:16:53.284566,134.55,Unknown,Neutral,False,,2.4,7.8,176.9,178.0,176.1,172.2,67.4,Medium
2025-08-18T21:16:53.352466,134.61,Unknown,Neutral,False,,2.5,7.7,176.9,178.0,176.0,172.2,67.4,Medium
2025-08-18T21:16:53.401015,134.66,Unknown,Neutral,False,,2.5,7.6,176.9,177.9,176.0,172.2,67.3,Medium
2025-08-18T21:16:53.443511,134.7,Unknown,Neutral,False,,2.5,7.5,177.0,178.0,175.9,172.3,67.3,Medium
2025-08-18T21:16:53.490432,134.75,Unknown,Neutral,False,,2.6,7.4,177.1,178.0,175.9,172.3,67.3,Medium
2025-08-18T21:16:53.547707,134.8,Unknown,Neutral,False,,2.6,7.3,177.2,178.1,175.9,172.4,67.3,Medium
2025-08-18T21:16:53.603019,134.86,Unknown,Neutral,False,,2.6,7.3,177.2,178.1,175.9,172.4,67.3,Medium
2025-08-18T21:16:53.653074,134.91,Unknown,Neutral,False,,2.6,7.3,177.3,178.2,175.8,172.5,67.4,Medium
2025-08-18T21:16:53.713155,134.97,Unknown,Neutral,False,,2.7,7.3,177.5,178.4,175.8,172.6,67.4,Medium
2025-08-18T21:16:53.761270,135.02,Unknown,Neutral,False,,2.7,7.3,177.7,178.5,175.7,172.8,67.5,Medium
2025-08-18T21:16:53.827859,135.08,Unknown,Neutral,False,,2.7,7.2,177.9,178.7,175.6,172.9,67.6,Medium
2025-08-18T21:16:53.878922,135.14,Unknown,Neutral,False,,2.7,7.3,178.0,178.8,175.5,173.0,67.7,Medium
2025-08-18T21:16:53.942607,135.2,Unknown,Neutral,False,,2.7,7.3,178.1,178.8,175.5,173.1,67.7,Medium
2025-08-18T21:16:53.984576,135.23,Unknown,Neutral,False,,2.8,7.3,178.2,178.7,175.4,173.2,67.7,Medium
2025-08-18T21:16:54.035795,135.3,Unknown,Neutral,False,,2.8,7.3,178.2,178.7,175.4,173.2,67.8,Medium
2025-08-18T21:16:54.081086,135.34,Unknown,Neutral,False,,2.8,7.3,178.3,178.7,175.4,173.3,67.8,Medium
2025-08-18T21:16:54.132591,135.39,Unknown,Neutral,False,,2.8,7.3,178.4,178.8,175.3,173.3,67.8,Medium
2025-08-18T21:16:54.182521,135.44,Unknown,Neutral,False,,2.8,7.4,178.5,178.8,175.3,173.3,67.8,Medium
2025-08-18T21:16:54.235714,135.5,Unknown,Neutral,False,,2.7,7.4,178.5,178.8,175.3,173.3,67.8,Medium
2025-08-18T21:16:54.283876,135.55,Unknown,Neutral,False,,2.7,7.4,178.6,178.9,175.3,173.4,67.9,Medium
2025-08-18T21:16:54.346418,135.61,Unknown,Neutral,False,,2.7,7.5,178.6,179.0,175.3,173.3,67.8,Medium
2025-08-18T21:16:54.392178,135.66,Unknown,Neutral,False,,2.7,7.5,178.7,179.1,175.3,173.3,67.8,Medium
2025-08-18T21:16:54.442989,135.7,Unknown,Neutral,False,,2.7,7.4,178.7,179.1,175.3,173.2,67.8,Medium
2025-08-18T21:16:54.491243,135.75,Unknown,Neutral,False,,2.7,7.3,178.7,179.1,175.3,173.1,67.8,Medium
2025-08-18T21:16:54.591425,135.84,Unknown,Neutral,False,,2.7,7.2,178.6,179.1,175.3,173.1,67.7,Medium
2025-08-18T21:16:54.663126,135.92,Unknown,Neutral,False,,2.6,7.2,178.5,179.0,175.3,173.2,67.8,Medium
2025-08-18T21:16:54.717220,135.97,Unknown,Neutral,False,,2.6,7.1,178.5,179.0,175.2,173.2,67.8,Medium
2025-08-18T21:16:54.782934,136.05,Unknown,Neutral,False,,2.5,7.1,178.5,179.1,175.2,173.4,67.9,Medium
2025-08-18T21:16:54.823121,136.08,Unknown,Neutral,False,,2.5,7.1,178.5,179.3,175.1,173.6,68.0,Medium
2025-08-18T21:16:54.871740,136.12,Unknown,Neutral,False,,2.4,7.1,178.6,179.5,175.0,173.7,68.1,Medium
2025-08-18T21:16:54.923987,136.19,Unknown,Neutral,False,,2.4,7.1,178.6,179.5,174.9,173.8,68.2,Medium
2025-08-18T21:16:54.976303,136.23,Unknown,Neutral,False,,2.4,7.1,178.6,179.6,174.8,173.9,68.2,Medium
2025-08-18T21:16:55.026791,136.28,Unknown,Neutral,False,,2.4,7.1,178.7,179.6,174.8,173.9,68.2,Medium
2025-08-18T21:16:55.071512,136.33,Unknown,Neutral,False,,2.4,7.1,178.7,179.6,174.7,173.9,68.2,Medium
2025-08-18T21:16:55.114798,136.38,Unknown,Neutral,False,,2.4,7.1,178.6,179.6,174.7,173.9,68.2,Medium
2025-08-18T21:16:55.161405,136.42,Unknown,Neutral,False,,2.4,7.0,178.7,179.6,174.6,174.0,68.2,Medium
2025-08-18T21:16:55.214152,136.47,Unknown,Neutral,False,,2.3,7.0,178.7,179.7,174.6,174.0,68.1,Medium
2025-08-18T21:16:55.251887,136.52,Unknown,Neutral,False,,2.3,6.9,178.7,179.7,174.6,174.0,68.2,Medium
2025-08-18T21:16:55.290825,136.55,Unknown,Neutral,False,,2.3,6.9,178.7,179.7,174.6,174.0,68.2,Medium
2025-08-18T21:16:55.348982,136.61,Unknown,Neutral,False,,2.3,6.8,178.7,179.7,174.7,174.0,68.2,Medium
2025-08-18T21:16:55.394272,136.66,Unknown,Neutral,False,,2.3,6.8,178.8,179.8,174.7,174.0,68.2,Medium
2025-08-18T21:16:55.442764,136.7,Unknown,Neutral,False,,2.3,6.8,178.8,179.8,174.8,173.9,68.1,Medium
2025-08-18T21:16:55.508831,136.77,Unknown,Neutral,False,,2.3,6.8,178.8,179.8,174.9,173.8,68.1,Medium
2025-08-18T21:16:55.566708,136.83,Unknown,Neutral,False,,2.3,6.7,178.8,179.7,174.9,173.8,68.0,Medium
2025-08-18T21:16:55.610966,136.88,Unknown,Neutral,False,,2.3,6.7,178.7,179.7,175.0,173.7,68.0,Medium
2025-08-18T21:16:55.677861,136.94,Unknown,Neutral,False,,2.3,6.7,178.7,179.7,175.0,173.7,68.0,Medium
2025-08-18T21:16:55.724714,136.98,Unknown,Neutral,False,,2.3,6.7,178.7,179.6,175.1,173.7,68.0,Medium
2025-08-18T21:16:55.775063,137.03,Unknown,Neutral,False,,2.2,6.7,178.6,179.7,175.0,173.8,68.0,Medium
2025-08-18T21:16:55.827959,137.08,Unknown,Neutral,False,,2.1,6.7,178.6,179.7,175.1,173.8,67.8,Medium
2025-08-18T21:16:55.900451,137.16,Unknown,Neutral,False,,2.1,6.7,178.5,179.7,175.2,173.8,67.7,Medium
2025-08-18T21:16:55.952952,137.2,Unknown,Neutral,False,,2.1,6.8,178.5,179.7,175.2,173.8,67.6,Medium
2025-08-18T21:16:55.998186,137.25,Unknown,Neutral,False,,2.0,6.9,178.4,179.6,175.3,173.7,67.5,Medium
2025-08-18T21:16:56.049827,137.31,Unknown,Neutral,False,,2.0,7.1,178.4,179.5,175.4,173.7,67.3,Medium
2025-08-18T21:16:56.095358,137.36,Unknown,Neutral,False,,2.0,7.3,178.4,179.5,175.5,173.6,67.1,Medium
2025-08-18T21:16:56.141497,137.39,Unknown,Neutral,False,,2.0,7.4,178.4,179.4,175.6,173.5,67.0,Medium
2025-08-18T21:16:56.203639,137.45,Unknown,Neutral,False,,2.1,7.5,178.4,179.4,175.7,173.5,66.8,Medium
2025-08-18T21:16:56.264253,137.52,Unknown,Neutral,False,,2.0,7.5,178.3,179.3,175.7,173.5,66.8,Medium
2025-08-18T21:16:56.304317,137.56,Unknown,Neutral,False,,2.0,7.6,178.4,179.3,175.6,173.6,66.8,Medium
2025-08-18T21:16:56.365082,137.62,Unknown,Neutral,False,,1.9,7.6,178.4,179.4,175.6,173.7,66.8,Medium
2025-08-18T21:16:56.419489,137.67,Unknown,Neutral,False,,1.9,7.6,178.5,179.4,175.5,173.7,66.9,Medium
2025-08-18T21:16:56.458715,137.72,Unknown,Neutral,False,,1.9,7.6,178.5,179.5,175.5,173.7,66.9,Medium
2025-08-18T21:16:56.525174,137.78,Unknown,Neutral,False,,1.9,7.5,178.6,179.6,175.5,173.8,67.0,Medium
2025-08-18T21:16:56.562351,137.81,Unknown,Neutral,False,,1.9,7.5,178.6,179.6,175.5,173.8,67.0,Medium
2025-08-18T21:16:56.625620,137.88,Unknown,Neutral,False,,1.9,7.4,178.7,179.7,175.5,173.8,67.0,Medium
2025-08-18T21:16:56.661323,137.92,Unknown,Neutral,False,,2.0,7.4,178.7,179.7,175.5,173.9,67.1,Medium
2025-08-18T21:16:56.711508,137.97,Unknown,Neutral,False,,2.0,7.4,178.7,179.7,175.4,173.9,67.1,Medium
2025-08-18T21:16:56.758251,138.02,Unknown,Neutral,False,,2.0,7.4,178.6,179.7,175.4,174.0,67.0,Medium
2025-08-18T21:16:56.813939,138.08,Unknown,Neutral,False,,2.1,7.4,178.5,179.7,175.4,174.0,67.0,Medium
2025-08-18T21:16:56.884404,138.14,Unknown,Neutral,False,,2.1,7.5,178.5,179.8,175.4,174.1,66.9,Medium
2025-08-18T21:16:56.935994,138.19,Unknown,Neutral,False,,2.1,7.5,178.6,179.8,175.4,174.1,66.9,Medium
2025-08-18T21:16:56.974958,138.23,Unknown,Neutral,False,,2.1,7.5,178.6,179.8,175.4,174.1,66.9,Medium
2025-08-18T21:16:57.015013,138.27,Unknown,Neutral,False,,2.1,7.5,178.6,179.8,175.4,174.2,66.9,Medium
2025-08-18T21:16:57.077619,138.33,Unknown,Neutral,False,,2.2,7.5,178.7,179.7,175.4,174.2,66.9,Medium
2025-08-18T21:16:57.130084,138.39,Unknown,Neutral,False,,2.2,7.5,178.7,179.7,175.4,174.2,66.9,Medium
2025-08-18T21:16:57.196007,138.45,Unknown,Neutral,False,,2.2,7.5,178.7,179.7,175.5,173.9,66.8,Medium
2025-08-18T21:16:57.228695,138.48,Unknown,Neutral,False,,2.2,7.5,178.8,179.8,175.7,173.8,66.7,Medium
2025-08-18T21:16:57.263923,138.52,Unknown,Neutral,False,,2.2,7.5,178.8,179.8,175.8,173.6,66.6,Medium
2025-08-18T21:16:57.319735,138.58,Unknown,Neutral,False,,2.3,7.4,178.8,179.7,176.0,173.4,66.5,Medium
2025-08-18T21:16:57.361549,138.62,Unknown,Neutral,False,,2.3,7.4,178.7,179.7,176.0,173.4,66.4,Medium
2025-08-18T21:16:57.424315,138.69,Unknown,Neutral,False,,2.3,7.4,178.6,179.7,176.0,173.4,66.4,Medium
2025-08-18T21:16:57.467769,138.72,Unknown,Neutral,False,,2.3,7.4,178.5,179.5,176.0,173.5,66.5,Medium
2025-08-18T21:16:57.520447,138.78,Unknown,Neutral,False,,2.3,7.4,178.3,179.3,175.9,173.7,66.5,Medium
2025-08-18T21:16:57.560763,138.81,Unknown,Neutral,False,,2.3,7.4,178.2,179.2,175.8,173.8,66.6,Medium
2025-08-18T21:16:57.626352,138.89,Unknown,Neutral,False,,2.3,7.4,178.3,179.3,175.8,173.7,66.6,Medium
2025-08-18T21:16:57.668631,138.92,Unknown,Neutral,False,,2.2,7.4,178.3,179.3,175.8,173.7,66.7,Medium
2025-08-18T21:16:57.721594,138.98,Unknown,Neutral,False,,2.2,7.3,178.4,179.5,175.8,173.8,66.7,Medium
2025-08-18T21:16:57.771618,139.03,Unknown,Neutral,False,,2.2,7.4,178.5,179.6,175.8,173.9,66.8,Medium
2025-08-18T21:16:57.808769,139.06,Unknown,Neutral,False,,2.2,7.3,178.5,179.6,175.7,174.0,66.9,Medium
2025-08-18T21:16:57.862680,139.12,Unknown,Neutral,False,,2.1,7.3,178.6,179.6,175.7,174.2,67.0,Medium
2025-08-18T21:16:57.910122,139.17,Unknown,Neutral,False,,2.1,7.3,178.7,179.5,175.7,174.3,67.1,Medium
2025-08-18T21:16:57.953199,139.2,Unknown,Neutral,False,,2.1,7.3,178.8,179.5,175.7,174.3,67.2,Medium
2025-08-18T21:16:58.010585,139.27,Unknown,Neutral,False,,2.0,7.4,178.9,179.3,175.6,174.4,67.3,Medium
2025-08-18T21:16:58.053105,139.31,Unknown,Neutral,False,,2.0,7.4,178.9,179.2,175.6,174.5,67.3,Medium
2025-08-18T21:16:58.121274,139.38,Unknown,Neutral,False,,2.0,7.5,178.9,179.2,175.6,174.5,67.3,Medium
2025-08-18T21:16:58.159783,139.42,Unknown,Neutral,False,,2.0,7.6,179.0,179.1,175.7,174.5,67.4,Medium
2025-08-18T21:16:58.206954,139.47,Unknown,Neutral,False,,2.0,7.7,178.9,179.1,175.7,174.5,67.3,Medium
2025-08-18T21:16:58.258519,139.52,Unknown,Neutral,False,,2.0,7.8,178.9,179.2,175.7,174.5,67.2,Medium
2025-08-18T21:16:58.309953,139.56,Unknown,Neutral,False,,2.0,7.8,178.8,179.2,175.7,174.5,67.2,Medium
2025-08-18T21:16:58.379916,139.64,Unknown,Neutral,False,,2.0,7.9,178.8,179.2,175.8,174.4,67.2,Medium
2025-08-18T21:16:58.433205,139.69,Unknown,Neutral,False,,2.0,7.9,178.8,179.3,175.8,174.4,67.2,Medium
2025-08-18T21:16:58.480538,139.73,Unknown,Neutral,False,,1.9,8.0,178.7,179.4,175.9,174.3,67.1,Medium
2025-08-18T21:16:58.532631,139.8,Unknown,Neutral,False,,1.9,8.0,178.6,179.5,175.9,174.2,67.1,Medium
2025-08-18T21:16:58.564338,139.83,Unknown,Neutral,False,,1.8,8.0,178.6,179.6,175.9,174.1,67.1,Medium
2025-08-18T21:16:58.625723,139.88,Unknown,Neutral,False,,1.8,8.0,178.5,179.7,175.9,174.1,67.1,Medium
2025-08-18T21:16:58.684098,139.94,Unknown,Neutral,False,,1.8,7.9,178.5,179.8,175.9,174.0,67.1,Medium
2025-08-18T21:16:58.738398,140.0,Unknown,Neutral,False,,1.8,7.9,178.6,179.7,175.9,174.1,67.2,Medium
2025-08-18T21:16:58.780960,140.03,Unknown,Neutral,False,,2.0,7.8,178.6,179.6,175.9,174.2,67.2,Medium
2025-08-18T21:16:58.839641,140.09,Unknown,Neutral,False,,2.1,7.7,178.7,179.4,175.8,174.4,67.3,Medium
2025-08-18T21:16:58.888466,140.14,Unknown,Neutral,False,,2.2,7.7,178.8,179.2,175.8,174.5,67.4,Medium
2025-08-18T21:16:58.937724,140.19,Unknown,Neutral,False,,2.3,7.6,178.9,179.1,175.7,174.6,67.5,Medium
2025-08-18T21:16:58.986937,140.25,Unknown,Neutral,False,,2.3,7.5,178.9,179.0,175.7,174.7,67.5,Medium
2025-08-18T21:16:59.021640,140.28,Unknown,Neutral,False,,2.3,7.4,178.9,179.1,175.7,174.8,67.4,Medium
2025-08-18T21:16:59.089972,140.34,Unknown,Neutral,False,,2.4,7.3,178.9,179.2,175.6,174.8,67.4,Medium
2025-08-18T21:16:59.141009,140.39,Unknown,Neutral,False,,2.4,7.3,178.8,179.2,175.5,174.9,67.3,Medium
2025-08-18T21:16:59.179405,140.44,Unknown,Neutral,False,,2.4,7.2,178.7,179.2,175.4,175.1,67.3,Medium
2025-08-18T21:16:59.258561,140.52,Unknown,Neutral,False,,2.4,7.2,178.7,179.2,175.3,175.2,67.3,Medium
2025-08-18T21:16:59.305982,140.56,Unknown,Neutral,False,,2.3,7.1,178.7,179.1,175.3,175.2,67.3,Medium
2025-08-18T21:16:59.363192,140.62,Unknown,Neutral,False,,2.3,7.1,178.8,179.2,175.3,175.1,67.2,Medium
2025-08-18T21:16:59.411145,140.67,Unknown,Neutral,False,,2.3,7.1,178.8,179.2,175.4,175.1,67.2,Medium
2025-08-18T21:16:59.470193,140.73,Unknown,Neutral,False,,2.3,7.1,178.8,179.2,175.4,175.0,67.2,Medium
2025-08-18T21:16:59.518636,140.78,Unknown,Neutral,False,,2.3,7.1,178.8,179.2,175.3,175.1,67.2,Medium
2025-08-18T21:16:59.560808,140.81,Unknown,Neutral,False,,2.2,7.1,178.8,179.2,175.2,175.1,67.3,Medium
2025-08-18T21:16:59.605945,140.86,Unknown,Neutral,False,,2.2,7.1,178.8,179.2,175.2,175.2,67.3,Medium
2025-08-18T21:16:59.653794,140.91,Unknown,Neutral,False,,2.2,7.1,178.8,179.1,175.3,175.2,67.2,Medium
2025-08-18T21:16:59.721339,140.97,Unknown,Neutral,False,,2.2,7.1,178.8,179.1,175.3,175.1,67.2,Medium
2025-08-18T21:16:59.775525,141.03,Unknown,Neutral,False,,2.2,7.1,178.8,179.1,175.4,175.1,67.2,Medium
2025-08-18T21:16:59.818462,141.08,Unknown,Neutral,False,,2.2,7.1,178.9,179.1,175.4,175.1,67.1,Medium
2025-08-18T21:16:59.859450,141.11,Unknown,Neutral,False,,2.1,7.2,178.9,179.0,175.5,175.0,67.1,Medium
2025-08-18T21:16:59.923351,141.19,Unknown,Neutral,False,,2.2,7.2,179.0,178.9,175.6,174.9,67.1,Medium
2025-08-18T21:16:59.968908,141.22,Unknown,Neutral,False,,2.2,7.3,179.1,178.9,175.8,174.6,66.9,Medium
2025-08-18T21:17:00.031914,141.28,Unknown,Neutral,False,,2.2,7.5,179.2,178.9,175.9,174.4,66.9,Medium
2025-08-18T21:17:00.076164,141.33,Unknown,Neutral,False,,2.2,7.7,179.3,178.9,176.0,174.3,66.8,Medium
2025-08-18T21:17:00.109803,141.36,Unknown,Neutral,False,,2.2,7.9,179.2,179.0,176.0,174.2,66.8,Medium
2025-08-18T21:17:00.167457,141.42,Unknown,Neutral,False,,2.1,8.2,179.1,179.1,176.1,174.2,66.8,Medium
2025-08-18T21:17:00.213590,141.47,Unknown,Neutral,False,,2.1,8.4,179.0,179.2,176.1,174.1,66.7,Medium
2025-08-18T21:17:00.259972,141.52,Unknown,Neutral,False,,2.1,8.6,178.9,179.2,176.0,174.2,66.7,Medium
2025-08-18T21:17:00.324552,141.58,Unknown,Neutral,False,,2.0,8.8,178.9,179.3,176.0,174.3,66.7,Medium
2025-08-18T21:17:00.363539,141.62,Unknown,Neutral,False,,2.0,8.9,178.8,179.4,175.9,174.4,66.7,Medium
2025-08-18T21:17:00.404450,141.66,Unknown,Neutral,False,,2.0,9.1,178.8,179.4,175.8,174.5,66.7,Medium
2025-08-18T21:17:00.444966,141.7,Unknown,Neutral,False,,1.9,9.3,178.7,179.4,175.8,174.5,66.8,Medium
2025-08-18T21:17:00.488410,141.75,Unknown,Neutral,False,,1.9,9.4,178.7,179.4,175.8,174.6,66.8,Medium
2025-08-18T21:17:00.542111,141.8,Unknown,Neutral,False,,1.9,9.5,178.7,179.3,175.8,174.5,66.8,Medium
2025-08-18T21:17:00.591307,141.84,Unknown,Neutral,False,,1.9,9.5,178.8,179.3,175.8,174.4,66.8,Medium
2025-08-18T21:17:00.631725,141.89,Unknown,Neutral,False,,1.8,9.5,178.8,179.2,175.8,174.4,66.8,Medium
2025-08-18T21:17:00.679440,141.94,Unknown,Neutral,False,,1.8,9.6,178.8,179.2,175.9,174.3,66.8,Medium
2025-08-18T21:17:00.724753,141.98,Unknown,Neutral,False,,1.8,9.6,178.8,179.2,175.9,174.3,66.8,Medium
2025-08-18T21:17:00.787089,142.05,Unknown,Neutral,False,,1.8,9.6,178.7,179.1,175.9,174.3,66.8,Medium
2025-08-18T21:17:00.832621,142.09,Unknown,Neutral,False,,1.8,9.7,178.7,179.1,175.9,174.3,66.8,Medium
2025-08-18T21:17:00.873140,142.12,Unknown,Neutral,False,,1.8,9.7,178.7,179.2,175.9,174.3,66.7,Medium
2025-08-18T21:17:00.916413,142.17,Unknown,Neutral,False,,1.8,9.7,178.6,179.2,175.9,174.4,66.6,Medium
2025-08-18T21:17:00.950123,142.2,Unknown,Neutral,False,,1.7,9.8,178.5,179.3,175.9,174.4,66.6,Medium
2025-08-18T21:17:01.000998,142.25,Unknown,Neutral,False,,1.7,9.9,178.5,179.4,175.8,174.5,66.6,Medium
2025-08-18T21:17:01.033803,142.28,Unknown,Neutral,False,,1.7,9.9,178.4,179.4,175.8,174.5,66.6,Medium
2025-08-18T21:17:01.076254,142.33,Unknown,Neutral,False,,1.6,10.0,178.4,179.4,175.7,174.5,66.6,Medium
2025-08-18T21:17:01.122924,142.38,Unknown,Neutral,False,,1.6,10.1,178.4,179.4,175.7,174.4,66.5,Medium
2025-08-18T21:17:01.160026,142.42,Unknown,Neutral,False,,1.4,10.2,178.4,179.5,175.8,174.2,66.2,Medium
2025-08-18T21:17:01.211963,142.47,Unknown,Neutral,False,,1.0,10.5,178.5,179.5,175.9,173.9,65.8,Medium
2025-08-18T21:17:01.253662,142.52,Unknown,Neutral,False,,1.1,10.8,178.4,179.1,176.1,173.6,66.1,Medium
2025-08-18T21:17:01.303574,142.56,Unknown,Neutral,False,,1.2,11.1,178.4,178.8,176.4,173.3,66.3,Medium
2025-08-18T21:17:01.364048,142.62,Unknown,Neutral,False,,1.3,11.3,178.5,178.7,176.8,173.0,66.5,Medium
2025-08-18T21:17:01.402701,142.66,Unknown,Neutral,False,,1.5,11.6,178.5,178.6,177.2,172.7,66.6,Medium
2025-08-18T21:17:01.444988,142.7,Unknown,Neutral,False,,1.7,11.8,178.6,178.3,177.7,172.3,66.6,Medium
2025-08-18T21:17:01.508855,142.77,Unknown,Neutral,False,,1.8,12.0,178.6,178.1,178.1,171.9,66.5,Medium
2025-08-18T21:17:01.551988,142.81,Unknown,Neutral,False,,2.3,11.8,178.6,177.9,178.0,172.2,67.2,Medium
2025-08-18T21:17:01.609653,142.86,Unknown,Neutral,False,,2.8,11.3,178.4,177.8,177.8,172.8,68.3,Medium
2025-08-18T21:17:01.655498,142.91,Unknown,Neutral,False,,3.3,10.9,178.3,177.8,177.5,173.3,68.0,Medium
2025-08-18T21:17:01.707432,142.97,Unknown,Neutral,False,,3.7,10.4,178.4,178.2,177.4,173.8,67.6,Medium
2025-08-18T21:17:01.753612,143.02,Unknown,Neutral,False,,4.1,9.8,178.5,178.3,177.4,174.0,67.1,Medium
2025-08-18T21:17:01.798472,143.06,Unknown,Neutral,False,,4.4,9.3,178.6,178.6,177.4,174.2,66.6,Medium
2025-08-18T21:17:01.846309,143.11,Unknown,Neutral,False,,4.6,8.9,178.7,178.9,177.4,174.4,66.2,Medium
2025-08-18T21:17:01.896808,143.16,Unknown,Neutral,False,,4.8,8.6,178.8,179.1,177.4,174.4,66.0,Medium
2025-08-18T21:17:01.933205,143.19,Unknown,Neutral,False,,4.9,8.4,178.9,179.3,177.5,174.4,65.8,Medium
2025-08-18T21:17:01.987435,143.25,Unknown,Neutral,False,,5.0,8.3,178.9,179.4,177.5,174.4,65.6,Medium
2025-08-18T21:17:02.037733,143.3,Unknown,Neutral,False,,5.0,8.2,179.0,179.5,177.6,174.4,65.6,Medium
2025-08-18T21:17:02.079184,143.34,Unknown,Neutral,False,,5.0,8.2,179.0,179.6,177.7,174.3,65.5,Medium
2025-08-18T21:17:02.128936,143.39,Unknown,Neutral,False,,5.0,8.3,179.0,179.7,177.7,174.2,65.4,Medium
2025-08-18T21:17:02.172868,143.42,Unknown,Neutral,False,,5.0,8.4,179.0,179.7,177.7,174.2,65.4,Medium
2025-08-18T21:17:02.216474,143.47,Unknown,Neutral,False,,5.0,8.5,179.0,179.7,177.6,174.2,65.4,Medium
2025-08-18T21:17:02.256603,143.52,Unknown,Neutral,False,,4.9,8.7,179.1,179.7,177.6,174.1,65.5,Medium
2025-08-18T21:17:02.320652,143.58,Unknown,Neutral,False,,4.9,8.8,179.2,179.7,177.5,174.1,65.4,Medium
2025-08-18T21:17:02.369971,143.62,Unknown,Neutral,False,,4.8,9.0,179.3,179.6,177.5,174.0,65.5,Medium
2025-08-18T21:17:02.415130,143.67,Unknown,Neutral,False,,4.8,9.2,179.4,179.5,177.5,174.0,65.5,Medium
2025-08-18T21:17:02.463490,143.72,Unknown,Neutral,False,,4.7,9.4,179.4,179.5,177.4,174.0,65.4,Medium
2025-08-18T21:17:02.508284,143.77,Unknown,Neutral,False,,4.7,9.6,179.4,179.5,177.5,173.9,65.4,Medium
2025-08-18T21:17:02.552805,143.81,Unknown,Neutral,False,,4.7,10.0,179.4,179.5,177.5,173.9,65.3,Medium
2025-08-18T21:17:02.616527,143.88,Unknown,Neutral,False,,4.7,10.2,179.3,179.6,177.6,173.9,65.2,Medium
2025-08-18T21:17:02.675298,143.94,Unknown,Neutral,False,,4.7,10.5,179.3,179.6,177.6,173.9,65.1,Medium
2025-08-18T21:17:02.727544,143.98,Unknown,Neutral,False,,4.6,10.7,179.3,179.7,177.6,173.9,65.1,Medium
2025-08-18T21:17:02.778030,144.03,Unknown,Neutral,False,,4.6,10.8,179.3,179.7,177.6,173.9,65.0,Medium
2025-08-18T21:17:02.819856,144.08,Unknown,Neutral,False,,4.6,11.0,179.2,179.8,177.6,173.9,65.0,Medium
2025-08-18T21:17:02.864073,144.12,Unknown,Neutral,False,,4.5,11.0,179.2,179.8,177.6,173.9,65.0,Medium
2025-08-18T21:17:02.916278,144.17,Unknown,Neutral,False,,4.5,11.1,179.2,179.8,177.6,173.9,65.1,Medium
2025-08-18T21:17:02.972344,144.23,Unknown,Neutral,False,,4.5,11.2,179.2,179.8,177.6,174.0,65.1,Medium
2025-08-18T21:17:03.006642,144.27,Unknown,Neutral,False,,4.5,11.3,179.1,179.9,177.5,174.0,65.2,Medium
2025-08-18T21:17:03.057720,144.31,Unknown,Neutral,False,,4.4,11.3,179.1,179.9,177.5,174.1,65.2,Medium
2025-08-18T21:17:03.098423,144.36,Unknown,Neutral,False,,4.4,11.4,179.0,179.8,177.5,174.2,65.2,Medium
2025-08-18T21:17:03.166260,144.42,Unknown,Neutral,False,,4.3,11.5,179.1,179.8,177.5,174.2,65.3,Medium
2025-08-18T21:17:03.211804,144.47,Unknown,Neutral,False,,4.3,11.6,179.2,179.7,177.5,174.3,65.3,Medium
2025-08-18T21:17:03.258965,144.52,Unknown,Neutral,False,,4.3,11.7,179.2,179.8,177.5,174.3,65.3,Medium
2025-08-18T21:17:03.321739,144.58,Unknown,Neutral,False,,4.3,11.8,179.2,179.8,177.5,174.2,65.3,Medium
2025-08-18T21:17:03.379602,144.64,Unknown,Neutral,False,,4.3,12.0,179.2,179.8,177.5,174.2,65.3,Medium
2025-08-18T21:17:03.435241,144.69,Unknown,Neutral,False,,4.2,12.0,179.2,179.8,177.5,174.1,65.4,Medium
2025-08-18T21:17:03.475144,144.73,Unknown,Neutral,False,,4.2,12.1,179.2,179.9,177.6,174.1,65.3,Medium
2025-08-18T21:17:03.508018,144.77,Unknown,Neutral,False,,4.2,12.2,179.2,179.9,177.7,174.0,65.3,Medium
2025-08-18T21:17:03.549183,144.81,Unknown,Neutral,False,,4.2,12.3,179.2,179.9,177.7,173.9,65.3,Medium
2025-08-18T21:17:03.585798,144.84,Unknown,Neutral,False,,4.2,12.3,179.1,179.8,177.8,173.9,65.3,Medium
2025-08-18T21:17:03.621536,144.88,Unknown,Neutral,False,,4.2,12.4,179.1,179.8,177.8,173.8,65.3,Medium
2025-08-18T21:17:03.659487,144.92,Unknown,Neutral,False,,4.2,12.4,179.0,179.7,177.8,173.8,65.3,Medium
2025-08-18T21:17:03.694062,144.95,Unknown,Neutral,False,,4.2,12.4,179.0,179.6,177.8,173.8,65.4,Medium
2025-08-18T21:17:03.728288,144.98,Unknown,Neutral,False,,4.2,12.5,178.9,179.6,177.8,173.8,65.4,Medium
2025-08-18T21:17:03.769002,145.03,Unknown,Neutral,False,,4.2,12.6,178.9,179.6,177.8,173.8,65.4,Medium
2025-08-18T21:17:03.808842,145.06,Unknown,Neutral,False,,4.2,12.6,178.8,179.6,177.7,173.9,65.5,Medium
2025-08-18T21:17:03.843062,145.09,Unknown,Neutral,False,,4.2,12.7,178.8,179.6,177.6,173.9,65.5,Medium
2025-08-18T21:17:03.879657,145.14,Unknown,Neutral,False,,4.3,12.8,178.8,179.6,177.5,174.0,65.6,Medium
2025-08-18T21:17:03.918498,145.17,Unknown,Neutral,False,,4.3,12.8,178.8,179.6,177.4,174.1,65.7,Medium
2025-08-18T21:17:03.956812,145.22,Unknown,Neutral,False,,4.3,12.9,178.9,179.7,177.4,174.1,65.8,Medium
2025-08-18T21:17:04.001954,145.27,Unknown,Neutral,False,,4.3,12.9,178.9,179.7,177.3,174.2,65.8,Medium
2025-08-18T21:17:04.025324,145.28,Unknown,Neutral,False,,4.3,13.0,178.9,179.8,177.3,174.2,65.8,Medium
2025-08-18T21:17:04.063007,145.31,Unknown,Neutral,False,,4.3,13.0,179.0,179.7,177.2,174.2,65.9,Medium
2025-08-18T21:17:04.100449,145.36,Unknown,Neutral,False,,4.3,13.1,179.0,179.6,177.1,174.3,65.9,Medium
2025-08-18T21:17:04.127013,145.39,Unknown,Neutral,False,,4.3,13.1,179.1,179.6,177.0,174.4,66.0,Medium
2025-08-18T21:17:04.170093,145.42,Unknown,Neutral,False,,4.3,13.1,179.1,179.6,176.9,174.4,66.0,Medium
2025-08-18T21:17:04.216955,145.47,Unknown,Neutral,False,,4.3,13.2,179.2,179.4,176.9,174.4,66.1,Medium
2025-08-18T21:17:04.244681,145.5,Unknown,Neutral,False,,4.3,13.2,179.3,179.3,176.9,174.5,66.1,Medium
2025-08-18T21:17:04.278779,145.53,Unknown,Neutral,False,,4.2,13.2,179.4,179.2,176.9,174.5,66.1,Medium
2025-08-18T21:17:04.311889,145.56,Unknown,Neutral,False,,4.2,13.3,179.4,179.2,177.0,174.4,66.1,Medium
