timestamp,t_sec,overall_score,upper_body_score,lower_body_score,shoulders_score,symmetry_score,risk_level,recommendations_count
2025-08-18T21:14:39.771859,1.03,58.8,100.0,0.0,94.3,32.8,High,6
2025-08-18T21:14:39.829564,1.09,58.7,100.0,0.0,94.2,32.2,High,6
2025-08-18T21:14:39.899392,1.16,58.6,100.0,0.0,94.1,31.7,High,6
2025-08-18T21:14:40.011829,1.27,58.6,100.0,0.0,94.0,31.6,High,6
2025-08-18T21:14:40.085895,1.34,58.4,100.0,0.0,94.0,31.0,High,6
2025-08-18T21:14:40.149555,1.41,58.4,100.0,0.0,93.9,30.6,High,6
2025-08-18T21:14:40.213937,1.47,58.4,100.0,0.0,93.9,30.7,High,6
2025-08-18T21:14:40.272591,1.53,58.5,100.0,0.0,93.9,31.2,High,6
2025-08-18T21:14:40.335160,1.59,58.5,100.0,0.0,93.9,31.8,High,6
2025-08-18T21:14:40.409641,1.67,58.6,100.0,0.0,93.9,32.2,High,6
2025-08-18T21:14:40.464326,1.72,58.6,100.0,0.0,94.0,31.8,High,6
2025-08-18T21:14:40.541013,1.8,58.5,100.0,0.0,94.0,31.3,High,6
2025-08-18T21:14:40.607123,1.86,58.4,100.0,0.0,94.1,30.8,High,6
2025-08-18T21:14:40.677292,1.94,58.4,100.0,0.0,94.2,30.7,High,6
2025-08-18T21:14:40.762190,2.02,58.5,100.0,0.0,94.2,31.0,High,6
2025-08-18T21:14:40.838678,2.09,58.5,100.0,0.0,94.2,31.1,High,6
2025-08-18T21:14:40.900457,2.16,58.5,100.0,0.0,94.3,31.0,High,6
2025-08-18T21:14:40.985595,2.23,58.5,100.0,0.0,94.3,30.8,High,6
2025-08-18T21:14:41.059284,2.31,58.4,100.0,0.0,94.3,30.6,High,6
2025-08-18T21:14:41.119477,2.38,58.4,100.0,0.0,94.3,30.5,High,6
2025-08-18T21:14:41.179871,2.44,58.4,100.0,0.0,94.3,30.5,High,6
2025-08-18T21:14:41.238627,2.5,58.4,100.0,0.0,94.3,30.5,High,6
2025-08-18T21:14:41.316116,2.58,58.5,100.0,0.0,94.3,30.9,High,6
2025-08-18T21:14:41.411192,2.66,58.5,100.0,0.0,94.3,31.2,High,6
2025-08-18T21:14:41.492340,2.75,58.5,100.0,0.0,94.3,31.1,High,6
2025-08-18T21:14:41.636756,2.89,58.5,100.0,0.0,94.3,31.1,High,6
2025-08-18T21:14:41.970385,3.22,58.5,100.0,0.0,94.3,31.0,High,6
2025-08-18T21:14:42.051696,3.3,58.5,100.0,0.0,94.4,30.8,High,6
2025-08-18T21:14:42.171476,3.42,58.5,100.0,0.0,94.4,30.7,High,6
2025-08-18T21:14:42.252645,3.5,58.5,100.0,0.0,94.5,30.6,High,6
2025-08-18T21:14:42.309783,3.56,58.6,100.0,0.0,94.5,31.6,High,6
2025-08-18T21:14:42.420401,3.66,58.8,100.0,0.0,94.5,32.8,High,6
2025-08-18T21:14:42.514337,3.77,58.9,100.0,0.0,94.5,33.3,High,6
2025-08-18T21:14:42.586485,3.84,59.0,100.0,0.0,94.5,33.9,High,6
2025-08-18T21:14:42.827129,4.08,59.0,100.0,0.0,94.5,34.3,High,6
2025-08-18T21:14:42.908517,4.16,59.1,100.0,0.0,94.5,34.4,High,6
2025-08-18T21:14:43.215137,4.47,59.1,100.0,0.0,94.6,34.5,High,6
2025-08-18T21:14:43.309486,4.56,59.1,100.0,0.0,94.6,34.4,High,6
2025-08-18T21:14:43.365569,4.62,59.0,100.0,0.0,94.6,33.9,High,6
2025-08-18T21:14:43.413108,4.67,58.9,100.0,0.0,94.6,33.3,High,6
2025-08-18T21:14:43.470411,4.72,58.8,100.0,0.0,94.6,32.6,High,6
2025-08-18T21:14:43.520698,4.78,58.7,100.0,0.0,94.6,32.1,High,6
2025-08-18T21:14:43.566426,4.83,58.6,100.0,0.0,94.6,31.4,High,6
2025-08-18T21:14:43.626755,4.88,58.5,100.0,0.0,94.6,30.8,High,6
2025-08-18T21:14:43.672332,4.92,58.5,100.0,0.0,94.6,30.2,High,6
2025-08-18T21:14:43.718503,4.97,58.4,100.0,0.0,94.6,29.6,High,6
2025-08-18T21:14:43.776911,5.03,58.3,100.0,0.0,94.6,29.1,High,6
2025-08-18T21:14:43.824393,5.08,58.3,100.0,0.0,94.7,28.9,High,6
2025-08-18T21:14:43.873591,5.12,58.2,100.0,0.0,94.7,28.7,High,6
2025-08-18T21:14:43.932523,5.19,58.3,100.0,0.0,94.7,29.1,High,6
2025-08-18T21:14:43.991738,5.25,58.4,100.0,0.0,94.8,29.3,High,6
2025-08-18T21:14:44.055429,5.31,58.4,100.0,0.0,94.9,29.5,High,6
2025-08-18T21:14:44.119049,5.38,58.5,100.0,0.0,94.9,29.8,High,6
2025-08-18T21:14:44.173657,5.42,58.5,100.0,0.0,95.0,30.2,High,6
2025-08-18T21:14:44.220979,5.48,58.6,100.0,0.0,95.0,30.4,High,6
2025-08-18T21:14:44.282371,5.55,58.6,100.0,0.0,95.1,30.6,High,6
2025-08-18T21:14:44.344488,5.59,58.7,100.0,0.0,95.1,30.9,High,6
2025-08-18T21:14:44.404479,5.66,58.7,100.0,0.0,95.1,31.2,High,6
2025-08-18T21:14:44.464683,5.72,58.7,100.0,0.0,95.1,31.0,High,6
2025-08-18T21:14:44.510827,5.77,58.7,100.0,0.0,95.2,30.9,High,6
2025-08-18T21:14:44.556140,5.81,58.7,100.0,0.0,95.2,30.9,High,6
2025-08-18T21:14:44.605152,5.86,58.7,100.0,0.0,95.2,30.9,High,6
2025-08-18T21:14:44.651853,5.91,58.7,100.0,0.0,95.2,30.9,High,6
2025-08-18T21:14:44.697118,5.95,58.7,100.0,0.0,95.1,31.0,High,6
2025-08-18T21:14:44.745224,6.0,58.7,100.0,0.0,95.1,31.2,High,6
2025-08-18T21:14:44.790665,6.05,58.7,100.0,0.0,95.0,31.4,High,6
2025-08-18T21:14:44.837408,6.09,58.7,100.0,0.0,95.0,31.6,High,6
2025-08-18T21:14:44.896286,6.16,58.7,100.0,0.0,94.9,31.7,High,6
2025-08-18T21:14:44.944120,6.2,58.7,100.0,0.0,94.9,31.7,High,6
2025-08-18T21:14:44.990355,6.25,58.7,100.0,0.0,94.8,31.6,High,6
2025-08-18T21:14:45.032665,6.28,58.7,100.0,0.0,94.8,31.7,High,6
2025-08-18T21:14:45.083546,6.34,58.7,100.0,0.0,94.8,31.3,High,6
2025-08-18T21:14:45.143281,6.41,58.6,100.0,0.0,94.7,31.0,High,6
2025-08-18T21:14:45.205880,6.45,58.6,100.0,0.0,94.7,30.9,High,6
2025-08-18T21:14:45.264396,6.52,58.6,100.0,0.0,94.7,31.0,High,6
2025-08-18T21:14:45.309653,6.56,58.6,100.0,0.0,94.6,31.1,High,6
2025-08-18T21:14:45.370982,6.62,58.6,100.0,0.0,94.7,31.3,High,6
2025-08-18T21:14:45.416958,6.67,58.7,100.0,0.0,94.7,31.6,High,6
2025-08-18T21:14:45.479950,6.73,58.7,100.0,0.0,94.7,31.5,High,6
2025-08-18T21:14:45.547143,6.8,58.7,100.0,0.0,94.7,31.5,High,6
2025-08-18T21:14:45.596000,6.86,58.7,100.0,0.0,94.7,31.5,High,6
2025-08-18T21:14:45.799157,7.05,58.7,100.0,0.0,94.7,31.6,High,6
2025-08-18T21:14:45.861458,7.12,58.7,100.0,0.0,94.8,31.9,High,6
2025-08-18T21:14:45.923175,7.19,58.8,100.0,0.0,94.8,32.2,High,6
2025-08-18T21:14:45.988869,7.25,58.9,100.0,0.0,94.8,32.7,High,6
2025-08-18T21:14:46.043986,7.3,58.9,100.0,0.0,94.8,33.1,High,6
2025-08-18T21:14:46.087411,7.34,59.0,100.0,0.0,94.8,33.3,High,6
2025-08-18T21:14:46.144724,7.41,59.0,100.0,0.0,94.8,33.4,High,6
2025-08-18T21:14:46.191417,7.45,59.0,100.0,0.0,94.8,33.6,High,6
2025-08-18T21:14:46.237121,7.5,59.1,100.0,0.0,94.8,33.9,High,6
2025-08-18T21:14:46.287463,7.55,59.1,100.0,0.0,94.9,34.2,High,6
2025-08-18T21:14:46.336257,7.59,59.1,100.0,0.0,94.9,34.2,High,6
2025-08-18T21:14:46.380661,7.64,59.1,100.0,0.0,94.9,34.3,High,6
2025-08-18T21:14:46.428720,7.69,59.2,100.0,0.0,95.0,34.6,High,6
2025-08-18T21:14:46.475876,7.73,59.2,100.0,0.0,95.1,34.9,High,6
2025-08-18T21:14:46.538026,7.8,59.3,100.0,0.0,95.1,35.1,High,6
2025-08-18T21:14:46.580694,7.84,59.3,100.0,0.0,95.2,35.0,High,6
2025-08-18T21:14:46.628721,7.89,59.2,100.0,0.0,95.2,34.5,High,6
2025-08-18T21:14:46.670638,7.92,59.2,100.0,0.0,95.3,34.0,High,6
2025-08-18T21:14:46.722754,7.98,59.1,100.0,0.0,95.3,33.4,High,6
2025-08-18T21:14:46.768510,8.03,58.9,100.0,0.0,95.3,32.6,High,6
2025-08-18T21:14:46.827645,8.08,58.8,100.0,0.0,95.3,31.9,High,6
2025-08-18T21:14:46.873406,8.12,58.8,100.0,0.0,95.3,31.5,High,6
2025-08-18T21:14:46.916751,8.17,58.7,100.0,0.0,95.3,31.3,High,6
2025-08-18T21:14:46.964719,8.22,58.7,100.0,0.0,95.3,31.1,High,6
2025-08-18T21:14:47.010967,8.27,58.7,100.0,0.0,95.3,31.1,High,6
2025-08-18T21:14:47.057241,8.31,58.7,100.0,0.0,95.4,31.2,High,6
2025-08-18T21:14:47.103251,8.36,58.8,100.0,0.0,95.4,31.5,High,6
2025-08-18T21:14:47.149252,8.41,58.8,100.0,0.0,95.3,31.7,High,6
2025-08-18T21:14:47.194686,8.45,59.3,100.0,0.0,95.1,34.9,High,6
2025-08-18T21:14:47.240626,8.5,59.7,100.0,0.0,95.0,38.3,High,6
2025-08-18T21:14:47.287742,8.55,60.3,100.0,0.0,94.6,42.6,Medium,6
2025-08-18T21:14:47.331028,8.59,61.1,100.0,0.0,94.1,48.9,Medium,6
2025-08-18T21:14:47.380387,8.64,62.0,100.0,0.0,93.7,54.8,Medium,6
2025-08-18T21:14:47.427143,8.69,63.1,100.0,0.0,93.6,62.4,Medium,6
2025-08-18T21:14:47.473308,8.73,64.3,100.0,0.0,93.5,70.6,Medium,4
2025-08-18T21:14:47.522219,8.78,64.9,100.0,0.0,92.3,76.3,Medium,4
2025-08-18T21:14:47.566630,8.83,65.4,100.0,0.0,91.4,81.1,Medium,4
2025-08-18T21:14:47.611547,8.88,65.9,100.0,0.0,87.3,89.9,Medium,4
2025-08-18T21:14:47.661624,8.92,65.5,100.0,0.0,82.6,93.0,Medium,4
2025-08-18T21:14:47.706244,8.97,63.2,99.5,0.0,77.9,85.2,Medium,5
2025-08-18T21:14:47.753757,9.02,61.0,98.3,0.0,74.8,77.5,Medium,5
2025-08-18T21:14:47.802829,9.06,59.2,96.9,0.0,74.0,70.3,High,5
2025-08-18T21:14:47.860229,9.11,57.7,95.6,0.0,75.8,60.8,High,7
2025-08-18T21:14:47.908476,9.16,55.9,94.9,0.0,75.2,51.1,High,7
2025-08-18T21:14:47.951175,9.2,54.5,94.3,0.0,74.1,44.5,High,7
2025-08-18T21:14:47.999970,9.25,53.5,93.7,0.0,74.0,39.7,High,7
2025-08-18T21:14:48.042927,9.3,53.5,93.1,0.0,75.7,38.6,High,7
2025-08-18T21:14:48.089987,9.34,54.7,93.3,0.0,79.5,40.7,High,7
2025-08-18T21:14:48.137409,9.39,56.0,93.8,0.0,83.7,42.8,High,7
2025-08-18T21:14:48.322620,9.58,57.5,94.3,0.0,87.7,46.4,High,7
2025-08-18T21:14:48.365373,9.62,58.8,94.9,0.0,91.0,49.2,High,7
2025-08-18T21:14:48.410273,9.67,59.6,95.4,0.0,93.2,50.4,High,7
2025-08-18T21:14:48.453045,9.7,60.0,95.7,0.0,94.7,50.7,Medium,7
2025-08-18T21:14:48.493185,9.75,60.0,95.6,0.0,95.7,49.3,High,7
2025-08-18T21:14:48.533592,9.8,59.9,95.0,0.0,96.8,48.5,High,7
2025-08-18T21:14:48.599081,9.86,60.2,95.0,0.0,97.9,49.2,Medium,7
2025-08-18T21:14:48.637591,9.89,60.6,95.3,0.0,98.9,50.1,Medium,7
2025-08-18T21:14:48.678119,9.94,61.3,95.4,0.0,100.0,52.6,Medium,5
2025-08-18T21:14:48.718813,9.97,61.8,94.9,0.0,100.0,57.4,Medium,5
2025-08-18T21:14:48.760257,10.02,62.4,94.5,0.0,100.0,61.8,Medium,5
2025-08-18T21:14:48.798886,10.05,62.7,94.2,0.0,100.0,64.6,Medium,5
2025-08-18T21:14:48.838770,10.09,63.0,94.1,0.0,100.0,67.5,Medium,5
2025-08-18T21:14:48.876622,10.12,63.4,94.0,0.0,100.0,70.1,Medium,3
2025-08-18T21:14:48.917836,10.17,64.1,94.3,0.0,100.0,73.9,Medium,3
2025-08-18T21:14:48.954836,10.22,64.9,95.6,0.0,100.0,76.2,Medium,3
2025-08-18T21:14:48.995848,10.25,65.6,96.9,0.0,100.0,77.9,Medium,3
2025-08-18T21:14:49.036515,10.3,66.4,98.2,0.0,100.0,80.0,Medium,3
2025-08-18T21:14:49.076226,10.33,66.6,99.2,0.0,100.0,79.4,Medium,3
2025-08-18T21:14:49.116178,10.38,66.6,100.0,0.0,100.0,77.2,Medium,2
2025-08-18T21:14:49.155421,10.41,66.4,100.0,0.0,100.0,75.9,Medium,2
2025-08-18T21:14:49.194509,10.45,65.9,100.0,0.0,100.0,72.8,Medium,2
2025-08-18T21:14:49.232933,10.48,65.4,100.0,0.0,100.0,69.1,Medium,4
2025-08-18T21:14:49.285182,10.55,64.9,100.0,0.0,100.0,65.9,Medium,4
2025-08-18T21:14:49.324639,10.58,64.3,100.0,0.0,100.0,61.8,Medium,4
2025-08-18T21:14:49.363341,10.62,63.8,100.0,0.0,100.0,58.3,Medium,4
2025-08-18T21:14:49.403023,10.66,63.4,100.0,0.0,100.0,55.9,Medium,4
2025-08-18T21:14:49.441753,10.7,63.2,100.0,0.0,100.0,54.8,Medium,4
2025-08-18T21:14:49.481914,10.73,63.1,100.0,0.0,100.0,53.8,Medium,4
2025-08-18T21:14:49.520257,10.78,63.0,100.0,0.0,100.0,53.2,Medium,4
2025-08-18T21:14:49.561877,10.81,62.8,100.0,0.0,100.0,51.8,Medium,4
2025-08-18T21:14:49.613966,10.88,63.0,100.0,0.0,100.0,53.4,Medium,4
2025-08-18T21:14:49.651981,10.91,63.7,100.0,0.0,100.0,58.0,Medium,4
2025-08-18T21:14:49.690652,10.95,64.6,100.0,0.0,100.0,63.8,Medium,4
2025-08-18T21:14:49.731620,10.98,65.3,100.0,0.0,100.0,68.8,Medium,4
2025-08-18T21:14:49.770907,11.03,65.9,100.0,0.0,100.0,72.8,Medium,2
2025-08-18T21:14:49.809982,11.06,66.4,100.0,0.0,100.0,75.7,Medium,2
2025-08-18T21:14:49.850369,11.11,66.3,100.0,0.0,99.5,76.4,Medium,4
2025-08-18T21:14:49.893621,11.16,66.0,100.0,0.0,98.1,75.6,Medium,4
2025-08-18T21:14:49.936073,11.19,65.5,100.0,0.0,97.2,73.9,Medium,4
2025-08-18T21:14:49.975521,11.23,65.1,100.0,0.0,96.6,72.1,Medium,4
2025-08-18T21:14:50.017140,11.27,64.9,100.0,0.0,96.3,70.7,Medium,4
2025-08-18T21:14:50.055634,11.31,64.7,100.0,0.0,96.2,69.8,Medium,6
2025-08-18T21:14:50.097046,11.36,64.5,100.0,0.0,96.1,68.8,Medium,6
2025-08-18T21:14:50.136666,11.39,64.4,100.0,0.0,96.1,67.9,Medium,6
2025-08-18T21:14:50.177574,11.44,64.1,100.0,0.0,95.2,66.8,Medium,6
2025-08-18T21:14:50.217605,11.47,63.9,100.0,0.0,93.9,67.4,Medium,6
2025-08-18T21:14:50.259707,11.52,64.2,100.0,0.0,92.7,70.8,Medium,4
2025-08-18T21:14:50.298649,11.55,64.8,100.0,0.0,92.3,75.3,Medium,4
2025-08-18T21:14:50.339649,11.59,65.2,100.0,0.0,90.5,80.4,Medium,4
2025-08-18T21:14:50.380514,11.64,65.9,100.0,0.0,89.4,86.6,Medium,4
2025-08-18T21:14:50.420441,11.67,65.4,100.0,0.0,89.0,84.2,Medium,4
2025-08-18T21:14:50.461436,11.72,64.4,100.0,0.0,89.0,77.0,Medium,4
2025-08-18T21:14:50.503003,11.77,63.3,100.0,0.0,88.8,70.7,Medium,4
2025-08-18T21:14:50.542451,11.8,62.1,100.0,0.0,87.5,64.3,Medium,6
2025-08-18T21:14:50.582210,11.84,61.1,100.0,0.0,86.7,58.6,Medium,6
2025-08-18T21:14:50.621601,11.88,60.0,100.0,0.0,85.9,51.9,High,6
2025-08-18T21:14:50.666522,11.92,59.1,100.0,0.0,85.2,46.8,High,6
2025-08-18T21:14:50.712257,11.97,58.3,100.0,0.0,84.3,42.6,High,6
2025-08-18T21:14:50.757334,12.02,57.8,100.0,0.0,83.4,41.0,High,6
2025-08-18T21:14:50.802847,12.06,57.4,100.0,0.0,82.9,38.7,High,6
2025-08-18T21:14:50.848420,12.11,57.2,100.0,0.0,82.8,37.8,High,6
2025-08-18T21:14:50.893846,12.16,57.5,100.0,0.0,82.1,40.7,High,6
2025-08-18T21:14:50.937638,12.19,57.3,100.0,0.0,81.4,39.9,High,6
2025-08-18T21:14:50.983627,12.23,57.1,100.0,0.0,81.3,39.3,High,6
2025-08-18T21:14:51.026176,12.28,57.2,100.0,0.0,81.2,39.5,High,6
2025-08-18T21:14:51.071340,12.33,57.1,100.0,0.0,81.3,38.8,High,6
2025-08-18T21:14:51.116057,12.38,56.9,100.0,0.0,81.5,37.7,High,6
2025-08-18T21:14:51.161976,12.42,57.2,100.0,0.0,81.9,38.9,High,6
2025-08-18T21:14:51.206550,12.47,57.7,100.0,0.0,82.3,41.7,High,6
2025-08-18T21:14:51.251365,12.5,58.5,100.0,0.0,82.7,46.1,High,6
2025-08-18T21:14:51.296987,12.55,58.9,100.0,0.0,83.1,48.5,High,6
2025-08-18T21:14:51.340605,12.59,59.2,100.0,0.0,83.4,50.2,High,6
2025-08-18T21:14:51.383672,12.64,59.4,100.0,0.0,83.5,51.5,High,6
2025-08-18T21:14:51.428773,12.69,59.6,100.0,0.0,83.6,52.5,High,6
2025-08-18T21:14:51.478683,12.73,59.8,100.0,0.0,83.7,53.6,High,6
2025-08-18T21:14:51.522644,12.78,59.9,100.0,0.0,83.6,54.5,High,6
2025-08-18T21:14:51.567926,12.83,59.8,100.0,0.0,83.5,54.1,High,6
2025-08-18T21:14:51.609462,12.86,59.7,100.0,0.0,82.9,54.4,High,6
2025-08-18T21:14:51.658972,12.91,59.6,100.0,0.0,82.1,54.8,High,6
2025-08-18T21:14:51.707069,12.97,59.7,100.0,0.0,80.9,56.7,High,6
2025-08-18T21:14:51.752362,13.02,59.0,100.0,0.0,78.5,55.1,High,6
2025-08-18T21:14:51.797138,13.05,57.6,100.0,0.0,74.9,50.9,High,6
2025-08-18T21:14:51.847258,13.11,55.3,100.0,0.0,71.2,40.3,High,6
2025-08-18T21:14:51.896654,13.16,53.0,100.0,0.0,68.3,29.2,High,6
2025-08-18T21:14:51.944028,13.2,51.5,100.0,0.0,66.2,21.5,High,6
2025-08-18T21:14:51.991456,13.25,51.5,100.0,0.0,66.7,21.1,High,6
2025-08-18T21:14:52.038826,13.3,51.7,100.0,0.0,68.9,19.7,High,6
2025-08-18T21:14:52.082843,13.34,51.7,99.4,0.0,70.8,18.6,High,7
2025-08-18T21:14:52.126976,13.39,52.0,98.8,0.0,72.8,19.1,High,7
2025-08-18T21:14:52.171585,13.42,51.8,97.9,0.0,75.8,15.7,High,7
2025-08-18T21:14:52.217069,13.47,51.8,97.3,0.0,78.4,13.7,High,7
2025-08-18T21:14:52.261060,13.52,51.9,96.6,0.0,81.3,11.8,High,7
2025-08-18T21:14:52.306176,13.56,51.6,95.7,0.0,84.3,8.6,High,7
2025-08-18T21:14:52.351047,13.61,51.4,95.1,0.0,86.9,5.1,High,7
2025-08-18T21:14:52.396581,13.66,51.4,94.2,0.0,89.3,3.9,High,7
2025-08-18T21:14:52.442236,13.7,51.4,93.4,0.0,91.6,2.5,High,7
2025-08-18T21:14:52.487374,13.75,51.2,92.7,0.0,93.4,0.5,High,7
2025-08-18T21:14:52.532665,13.78,51.2,91.9,0.0,95.0,0,High,7
2025-08-18T21:14:52.577885,13.83,51.3,90.9,0.0,96.3,1.3,High,7
2025-08-18T21:14:52.624334,13.88,51.8,90.5,0.0,97.2,4.4,High,7
2025-08-18T21:14:52.674049,13.94,51.7,89.1,0.0,97.7,6.9,High,8
2025-08-18T21:14:52.717358,13.97,52.4,87.7,0.0,98.4,13.6,High,8
2025-08-18T21:14:52.760758,14.02,51.9,86.8,0.0,99.1,11.5,High,8
2025-08-18T21:14:52.805220,14.06,51.6,86.5,0.0,99.8,9.2,High,8
2025-08-18T21:14:52.851242,14.11,51.5,86.7,0.0,100.0,7.5,High,6
2025-08-18T21:14:52.899361,14.16,51.6,87.2,0.0,100.0,6.9,High,6
2025-08-18T21:14:52.945623,14.2,53.2,89.2,0.0,100.0,13.3,High,6
2025-08-18T21:14:52.991869,14.25,54.6,91.5,0.0,100.0,17.4,High,6
2025-08-18T21:14:53.034684,14.3,56.2,93.6,0.0,100.0,22.7,High,5
2025-08-18T21:14:53.081497,14.34,57.4,94.8,0.0,100.0,28.0,High,5
2025-08-18T21:14:53.126234,14.38,58.5,95.9,0.0,100.0,32.5,High,5
2025-08-18T21:14:53.167063,14.42,59.7,96.8,0.0,100.0,38.5,High,5
2025-08-18T21:14:53.211995,14.47,60.3,97.6,0.0,100.0,41.0,Medium,5
2025-08-18T21:14:53.255504,14.52,60.8,98.2,0.0,100.0,42.7,Medium,5
2025-08-18T21:14:53.295703,14.55,61.4,98.7,0.0,100.0,45.7,Medium,5
2025-08-18T21:14:53.335732,14.59,62.4,99.7,0.0,100.0,49.7,Medium,5
2025-08-18T21:14:53.377715,14.64,62.5,100.0,0.0,100.0,50.3,Medium,4
2025-08-18T21:14:53.417592,14.67,62.8,100.0,0.0,100.0,51.9,Medium,4
2025-08-18T21:14:53.461909,14.72,62.9,100.0,0.0,100.0,52.8,Medium,4
2025-08-18T21:14:53.503234,14.77,62.9,100.0,0.0,100.0,52.5,Medium,4
2025-08-18T21:14:53.542620,14.8,62.6,100.0,0.0,100.0,50.9,Medium,4
2025-08-18T21:14:53.585415,14.84,62.1,100.0,0.0,100.0,47.5,Medium,4
2025-08-18T21:14:53.627835,14.89,60.7,99.2,0.0,97.7,43.2,Medium,7
2025-08-18T21:14:53.670229,14.92,58.8,97.7,0.0,94.6,38.0,High,7
2025-08-18T21:14:53.717434,14.97,56.9,96.1,0.0,91.6,33.1,High,7
2025-08-18T21:14:53.761634,15.02,54.9,95.0,0.0,88.6,26.6,High,7
2025-08-18T21:14:53.807434,15.06,53.0,94.0,0.0,85.5,19.9,High,7
2025-08-18T21:14:53.852873,15.11,50.0,92.7,0.0,81.3,8.2,High,7
2025-08-18T21:14:53.898497,15.16,47.5,91.3,0.0,77.5,0,High,7
2025-08-18T21:14:53.943575,15.2,46.3,89.7,0.0,74.5,0,High,7
2025-08-18T21:14:53.990060,15.25,45.2,88.1,0.0,71.9,0,High,7
2025-08-18T21:14:54.035611,15.3,44.2,86.2,0.0,69.9,0,High,8
2025-08-18T21:14:54.085350,15.34,43.4,84.8,0.0,68.7,0,High,8
2025-08-18T21:14:54.131247,15.39,42.9,84.0,0.0,67.4,0,High,8
2025-08-18T21:14:54.178272,15.44,42.7,83.8,0.0,67.0,0,High,8
2025-08-18T21:14:54.226268,15.48,42.9,83.7,0.0,68.1,0,High,8
2025-08-18T21:14:54.273365,15.53,43.0,83.5,0.0,69.0,0,High,9
2025-08-18T21:14:54.320954,15.58,43.0,82.6,0.0,70.4,0,High,9
2025-08-18T21:14:54.368547,15.62,42.9,81.8,0.0,71.5,0,High,9
2025-08-18T21:14:54.416539,15.67,43.0,80.8,0.0,73.4,0,High,9
2025-08-18T21:14:54.461900,15.72,42.9,79.9,0.0,74.8,0,High,9
2025-08-18T21:14:54.507899,15.77,43.0,79.8,0.0,75.1,0,High,9
2025-08-18T21:14:54.556901,15.81,42.9,79.8,0.0,74.9,0,High,9
2025-08-18T21:14:54.604552,15.86,42.8,79.6,0.0,74.7,0,High,9
2025-08-18T21:14:54.652418,15.91,43.4,79.1,0.0,74.4,5.7,High,9
2025-08-18T21:14:54.696848,15.95,43.9,78.8,0.0,73.9,10.0,High,9
2025-08-18T21:14:54.746638,16.0,43.7,78.4,0.0,73.8,9.8,High,9
2025-08-18T21:14:54.796162,16.05,42.8,77.7,0.0,74.1,5.0,High,9
2025-08-18T21:14:54.845487,16.09,41.9,78.5,0.0,72.0,0,High,9
2025-08-18T21:14:54.892941,16.16,43.3,78.7,5.2,70.9,0,High,9
2025-08-18T21:14:54.939635,16.2,42.1,79.5,0.3,70.9,0,High,8
2025-08-18T21:14:54.985450,16.25,42.0,79.6,0.0,70.9,0,High,8
2025-08-18T21:14:55.032780,16.28,42.0,79.6,0.0,70.9,0,High,8
2025-08-18T21:14:55.079505,16.33,42.1,79.6,0.0,71.1,0,High,8
2025-08-18T21:14:55.127653,16.39,42.0,79.6,0.0,71.0,0,High,8
2025-08-18T21:14:55.173639,16.44,41.9,79.6,0.0,70.0,0,High,8
2025-08-18T21:14:55.220117,16.47,42.7,79.9,0.0,73.5,0,High,8
2025-08-18T21:14:55.267716,16.53,42.3,80.3,0.0,70.9,0,High,8
2025-08-18T21:14:55.312841,16.56,43.1,80.7,0.0,74.3,0,High,8
2025-08-18T21:14:55.358436,16.61,44.1,81.0,0.0,78.6,0,High,8
2025-08-18T21:14:55.404837,16.66,45.6,81.4,0.0,81.8,4.9,High,8
2025-08-18T21:14:55.451383,16.7,47.4,81.5,0.0,84.6,12.9,High,8
2025-08-18T21:14:55.495955,16.75,46.5,81.7,0.0,82.1,10.4,High,8
2025-08-18T21:14:55.542597,16.8,44.5,82.0,0.0,77.2,2.5,High,8
2025-08-18T21:14:55.588583,16.84,44.2,83.1,0.0,74.1,1.6,High,8
2025-08-18T21:14:55.640877,16.89,44.5,84.4,0.0,72.6,3.2,High,8
2025-08-18T21:14:55.689860,16.95,44.6,85.0,0.0,71.2,4.3,High,8
2025-08-18T21:14:55.735897,16.98,44.9,85.3,0.0,70.1,6.6,High,8
2025-08-18T21:14:55.782247,17.03,44.6,86.2,0.0,68.9,4.5,High,8
2025-08-18T21:14:55.827673,17.08,44.9,87.4,0.0,68.9,3.4,High,8
2025-08-18T21:14:55.880188,17.14,46.2,89.2,0.0,70.8,5.1,High,7
2025-08-18T21:14:55.926945,17.19,47.0,91.2,0.0,72.9,3.0,High,7
2025-08-18T21:14:55.970265,17.23,47.9,92.7,0.0,74.9,2.8,High,7
2025-08-18T21:14:56.016105,17.27,49.1,93.9,0.0,77.6,4.5,High,7
2025-08-18T21:14:56.058850,17.31,50.3,94.7,0.0,80.5,6.6,High,7
2025-08-18T21:14:56.100786,17.36,51.3,95.5,0.0,82.7,8.9,High,7
2025-08-18T21:14:56.147733,17.41,52.9,96.0,0.0,85.5,14.4,High,7
2025-08-18T21:14:56.193321,17.45,55.0,96.3,0.0,89.4,22.6,High,7
2025-08-18T21:14:56.242063,17.5,56.9,96.7,0.0,92.9,29.9,High,7
2025-08-18T21:14:56.284450,17.55,58.7,97.1,0.0,95.7,37.4,High,7
2025-08-18T21:14:56.323591,17.58,60.7,97.5,0.0,98.1,46.4,Medium,7
2025-08-18T21:14:56.372405,17.62,62.4,97.8,0.0,99.9,54.3,Medium,7
2025-08-18T21:14:56.413649,17.67,63.0,97.9,0.0,100.0,58.5,Medium,5
2025-08-18T21:14:56.450879,17.7,63.5,98.3,0.0,100.0,60.8,Medium,5
2025-08-18T21:14:56.492688,17.75,63.9,98.6,0.0,100.0,62.5,Medium,5
2025-08-18T21:14:56.532757,17.78,64.4,99.1,0.0,100.0,65.0,Medium,5
2025-08-18T21:14:56.574075,17.83,65.1,100.0,0.0,100.0,67.5,Medium,5
2025-08-18T21:14:56.616176,17.88,65.5,100.0,0.0,100.0,69.9,Medium,4
2025-08-18T21:14:56.656217,17.91,65.9,100.0,0.0,100.0,72.8,Medium,2
2025-08-18T21:14:56.699420,17.95,66.4,100.0,0.0,100.0,76.2,Medium,2
2025-08-18T21:14:56.740940,18.0,66.8,100.0,0.0,100.0,78.5,Medium,2
2025-08-18T21:14:56.780783,18.03,67.0,100.0,0.0,100.0,80.0,Medium,2
2025-08-18T21:14:56.823934,18.08,67.2,100.0,0.0,100.0,81.2,Medium,2
2025-08-18T21:14:56.865193,18.12,67.4,100.0,0.0,100.0,82.5,Medium,2
2025-08-18T21:14:56.906504,18.16,67.4,100.0,0.0,100.0,82.8,Medium,2
2025-08-18T21:14:56.947191,18.2,67.3,100.0,0.0,100.0,81.9,Medium,2
2025-08-18T21:14:56.987637,18.25,67.0,100.0,0.0,100.0,80.2,Medium,2
2025-08-18T21:14:57.027015,18.28,66.7,100.0,0.0,100.0,78.0,Medium,2
2025-08-18T21:14:57.073429,18.33,66.0,100.0,0.0,100.0,73.4,Medium,2
2025-08-18T21:14:57.112761,18.38,65.3,100.0,0.0,100.0,68.6,Medium,4
2025-08-18T21:14:57.175004,18.44,64.6,100.0,0.0,100.0,64.3,Medium,4
2025-08-18T21:14:57.225889,18.48,64.5,100.0,0.0,100.0,63.4,Medium,4
2025-08-18T21:14:57.267530,18.53,64.5,100.0,0.0,100.0,63.2,Medium,4
2025-08-18T21:14:57.310487,18.56,64.7,100.0,0.0,100.0,65.0,Medium,4
2025-08-18T21:14:57.353683,18.61,65.3,100.0,0.0,100.0,68.8,Medium,4
2025-08-18T21:14:57.393847,18.66,65.7,100.0,0.0,100.0,71.4,Medium,2
2025-08-18T21:14:57.434608,18.69,66.0,100.0,0.0,100.0,73.3,Medium,2
2025-08-18T21:14:57.477244,18.73,66.2,100.0,0.0,100.0,74.6,Medium,2
2025-08-18T21:14:57.517005,18.77,66.3,100.0,0.0,100.0,75.5,Medium,2
2025-08-18T21:14:57.559120,18.81,66.6,100.0,0.0,100.0,77.3,Medium,2
2025-08-18T21:14:57.599426,18.86,67.0,100.0,0.0,100.0,79.8,Medium,2
2025-08-18T21:14:57.641276,18.89,67.4,100.0,0.0,100.0,82.8,Medium,2
2025-08-18T21:14:57.682730,18.94,67.8,100.0,0.0,100.0,85.0,Medium,2
2025-08-18T21:14:57.723952,18.98,68.0,100.0,0.0,100.0,86.9,Medium,2
2025-08-18T21:14:57.763411,19.02,68.2,100.0,0.0,100.0,88.2,Medium,2
2025-08-18T21:14:57.804787,19.06,68.5,100.0,0.0,100.0,89.7,Medium,2
2025-08-18T21:14:57.848223,19.11,68.6,100.0,0.0,100.0,90.7,Medium,2
2025-08-18T21:14:57.887304,19.14,68.6,100.0,0.0,100.0,90.5,Medium,2
2025-08-18T21:14:57.926036,19.19,68.7,100.0,0.0,100.0,91.5,Medium,2
2025-08-18T21:14:57.963503,19.22,68.8,100.0,0.0,100.0,91.9,Medium,2
2025-08-18T21:14:57.999475,19.25,68.6,100.0,0.0,100.0,91.0,Medium,2
2025-08-18T21:14:58.036281,19.3,68.5,100.0,0.0,100.0,90.1,Medium,2
2025-08-18T21:14:58.074223,19.33,68.3,100.0,0.0,100.0,88.8,Medium,2
2025-08-18T21:14:58.112208,19.38,68.1,100.0,0.0,100.0,87.5,Medium,2
2025-08-18T21:14:58.153297,19.41,67.9,100.0,0.0,100.0,86.0,Medium,2
2025-08-18T21:14:58.193703,19.45,67.8,100.0,0.0,100.0,85.0,Medium,2
2025-08-18T21:14:58.234200,19.48,67.6,100.0,0.0,100.0,84.0,Medium,2
2025-08-18T21:14:58.279096,19.53,67.4,100.0,0.0,100.0,82.8,Medium,2
2025-08-18T21:14:58.326198,19.58,67.1,100.0,0.0,100.0,81.0,Medium,2
2025-08-18T21:14:58.363264,19.62,66.9,100.0,0.0,100.0,79.2,Medium,2
2025-08-18T21:14:58.396682,19.66,66.7,100.0,0.0,100.0,77.7,Medium,2
2025-08-18T21:14:58.440577,19.7,66.5,100.0,0.0,100.0,76.6,Medium,2
2025-08-18T21:14:58.475535,19.73,66.4,100.0,0.0,100.0,76.2,Medium,2
2025-08-18T21:14:58.517683,19.78,66.4,100.0,0.0,100.0,76.1,Medium,2
2025-08-18T21:14:58.552865,19.81,66.4,100.0,0.0,100.0,75.8,Medium,2
2025-08-18T21:14:58.592322,19.84,66.4,100.0,0.0,100.0,75.8,Medium,2
2025-08-18T21:14:58.633185,19.89,66.3,100.0,0.0,100.0,75.6,Medium,2
2025-08-18T21:14:58.674301,19.94,66.3,100.0,0.0,100.0,75.1,Medium,2
2025-08-18T21:14:58.712738,19.97,66.2,100.0,0.0,100.0,74.7,Medium,2
2025-08-18T21:14:58.753340,20.02,65.9,100.0,0.0,100.0,72.8,Medium,2
2025-08-18T21:14:58.790367,20.05,65.6,100.0,0.0,100.0,70.5,Medium,2
2025-08-18T21:14:58.827409,20.08,64.9,100.0,0.0,100.0,65.7,Medium,4
2025-08-18T21:14:58.871182,20.12,64.0,100.0,0.0,100.0,60.0,Medium,4
2025-08-18T21:14:58.918545,20.17,63.3,100.0,0.0,100.0,55.2,Medium,4
2025-08-18T21:14:58.959164,20.22,62.8,100.0,0.0,100.0,51.8,Medium,4
2025-08-18T21:14:58.997680,20.25,62.5,100.0,0.0,100.0,50.0,Medium,4
2025-08-18T21:14:59.038390,20.3,62.6,100.0,0.0,100.0,50.4,Medium,4
2025-08-18T21:14:59.081351,20.34,62.8,100.0,0.0,100.0,51.8,Medium,4
2025-08-18T21:14:59.122222,20.38,63.2,100.0,0.0,100.0,54.3,Medium,4
2025-08-18T21:14:59.163125,20.42,63.4,100.0,0.0,100.0,55.8,Medium,4
2025-08-18T21:14:59.206061,20.47,63.4,100.0,0.0,100.0,56.3,Medium,4
2025-08-18T21:14:59.248523,20.5,63.5,100.0,0.0,100.0,56.4,Medium,4
2025-08-18T21:14:59.288445,20.55,63.5,100.0,0.0,100.0,56.9,Medium,4
2025-08-18T21:14:59.330183,20.59,63.8,100.0,0.0,100.0,58.6,Medium,4
2025-08-18T21:14:59.373464,20.62,64.0,100.0,0.0,100.0,59.9,Medium,4
2025-08-18T21:14:59.431159,20.69,64.3,100.0,0.0,100.0,62.3,Medium,4
2025-08-18T21:14:59.474519,20.73,64.7,100.0,0.0,100.0,64.7,Medium,4
2025-08-18T21:14:59.517107,20.77,65.1,100.0,0.0,100.0,67.2,Medium,4
2025-08-18T21:14:59.555885,20.81,65.4,100.0,0.0,100.0,69.0,Medium,4
2025-08-18T21:14:59.594162,20.84,65.6,100.0,0.0,100.0,70.4,Medium,2
2025-08-18T21:14:59.632285,20.89,65.7,100.0,0.0,100.0,71.5,Medium,2
2025-08-18T21:14:59.672854,20.92,65.9,100.0,0.0,100.0,72.8,Medium,2
2025-08-18T21:14:59.712633,20.97,66.0,100.0,0.0,100.0,73.4,Medium,2
2025-08-18T21:14:59.754740,21.02,65.9,99.9,0.0,100.0,73.1,Medium,3
2025-08-18T21:14:59.797643,21.05,66.2,99.7,0.0,100.0,75.0,Medium,3
2025-08-18T21:14:59.840560,21.09,66.5,99.8,0.0,100.0,77.0,Medium,3
2025-08-18T21:14:59.883584,21.14,66.8,99.6,0.0,100.0,79.7,Medium,3
2025-08-18T21:14:59.928719,21.19,67.2,99.4,0.0,100.0,82.9,Medium,3
2025-08-18T21:14:59.970289,21.22,67.5,99.1,0.0,100.0,85.4,Medium,3
2025-08-18T21:15:00.010732,21.27,67.7,98.8,0.0,100.0,87.7,Medium,3
2025-08-18T21:15:00.053086,21.31,68.0,98.6,0.0,100.0,89.9,Medium,3
2025-08-18T21:15:00.093576,21.34,68.2,98.5,0.0,100.0,91.4,Medium,3
2025-08-18T21:15:00.129227,21.39,68.3,98.4,0.0,100.0,92.6,Medium,3
2025-08-18T21:15:00.165713,21.42,68.4,98.3,0.0,100.0,93.4,Medium,3
2025-08-18T21:15:00.203652,21.45,68.4,98.3,0.0,100.0,93.6,Medium,3
2025-08-18T21:15:00.242492,21.5,68.5,98.2,0.0,100.0,93.8,Medium,3
2025-08-18T21:15:00.284125,21.55,68.5,98.2,0.0,100.0,94.0,Medium,3
2025-08-18T21:15:00.325935,21.58,68.3,98.1,0.0,100.0,93.1,Medium,3
2025-08-18T21:15:00.368013,21.62,68.0,98.0,0.0,100.0,91.6,Medium,3
2025-08-18T21:15:00.407459,21.66,67.7,97.9,0.0,100.0,89.8,Medium,3
2025-08-18T21:15:00.449713,21.7,67.5,97.7,0.0,100.0,88.6,Medium,3
2025-08-18T21:15:00.517789,21.78,67.3,97.4,0.0,100.0,87.9,Medium,3
2025-08-18T21:15:00.558305,21.81,67.1,97.0,0.0,100.0,87.6,Medium,3
2025-08-18T21:15:00.599590,21.86,67.0,96.7,0.0,100.0,87.4,Medium,3
2025-08-18T21:15:00.640479,21.89,67.0,96.4,0.0,100.0,88.2,Medium,3
2025-08-18T21:15:00.680799,21.94,66.9,96.3,0.0,100.0,87.7,Medium,3
2025-08-18T21:15:00.719807,21.98,67.0,96.9,0.0,100.0,87.6,Medium,3
2025-08-18T21:15:00.760034,22.02,67.9,98.8,0.0,100.0,89.0,Medium,3
2025-08-18T21:15:00.799838,22.06,68.5,100.0,0.0,100.0,90.2,Medium,2
2025-08-18T21:15:00.840975,22.09,68.4,100.0,0.0,100.0,89.0,Medium,2
2025-08-18T21:15:00.922163,22.17,68.2,100.0,0.0,100.0,88.3,Medium,2
2025-08-18T21:15:00.962836,22.22,68.2,100.0,0.0,100.0,87.8,Medium,2
2025-08-18T21:15:01.004421,22.27,68.2,100.0,0.0,100.0,87.7,Medium,2
2025-08-18T21:15:01.044309,22.3,68.1,100.0,0.0,100.0,87.1,Medium,2
2025-08-18T21:15:01.084321,22.34,68.0,100.0,0.0,100.0,86.5,Medium,2
2025-08-18T21:15:01.127778,22.39,67.9,100.0,0.0,100.0,86.2,Medium,2
2025-08-18T21:15:01.166898,22.42,68.0,100.0,0.0,100.0,86.4,Medium,2
2025-08-18T21:15:01.203152,22.45,68.0,100.0,0.0,100.0,86.6,Medium,2
2025-08-18T21:15:01.242498,22.5,67.9,100.0,0.0,100.0,85.8,Medium,2
2025-08-18T21:15:01.316059,22.58,67.6,100.0,0.0,100.0,84.2,Medium,2
2025-08-18T21:15:01.353745,22.61,67.6,100.0,0.0,100.0,83.7,Medium,2
2025-08-18T21:15:01.393954,22.66,67.6,100.0,0.0,100.0,83.7,Medium,2
2025-08-18T21:15:01.435909,22.69,67.5,100.0,0.0,100.0,83.4,Medium,2
2025-08-18T21:15:01.480054,22.73,67.5,100.0,0.0,100.0,83.2,Medium,2
2025-08-18T21:15:01.522166,22.78,67.4,100.0,0.0,100.0,82.9,Medium,2
2025-08-18T21:15:01.561213,22.81,67.4,100.0,0.0,100.0,82.7,Medium,2
2025-08-18T21:15:01.600568,22.86,67.4,100.0,0.0,100.0,82.6,Medium,2
2025-08-18T21:15:01.639932,22.89,67.2,99.9,0.0,100.0,81.8,Medium,3
2025-08-18T21:15:01.716982,22.97,67.3,99.8,0.0,100.0,82.7,Medium,3
2025-08-18T21:15:01.753826,23.02,67.3,100.0,0.0,100.0,81.7,Medium,2
2025-08-18T21:15:01.790484,23.05,67.0,100.0,0.0,100.0,79.7,Medium,2
2025-08-18T21:15:01.830698,23.09,66.7,100.0,0.0,100.0,78.2,Medium,2
2025-08-18T21:15:01.873305,23.12,66.5,100.0,0.0,100.0,76.9,Medium,2
2025-08-18T21:15:01.923908,23.19,66.2,100.0,0.0,100.0,74.7,Medium,2
2025-08-18T21:15:01.965321,23.22,66.4,100.0,0.0,100.0,76.0,Medium,2
2025-08-18T21:15:02.004593,23.27,66.6,100.0,0.0,100.0,77.2,Medium,2
2025-08-18T21:15:02.047436,23.3,66.7,100.0,0.0,100.0,77.9,Medium,2
2025-08-18T21:15:02.086569,23.34,66.7,100.0,0.0,100.0,77.9,Medium,2
2025-08-18T21:15:02.127324,23.39,66.5,100.0,0.0,100.0,76.5,Medium,2
2025-08-18T21:15:02.166849,23.42,66.1,100.0,0.0,100.0,74.3,Medium,2
2025-08-18T21:15:02.201710,23.45,66.0,100.0,0.0,100.0,73.1,Medium,2
2025-08-18T21:15:02.234708,23.48,65.7,100.0,0.0,100.0,71.6,Medium,2
2025-08-18T21:15:02.265107,23.52,65.8,100.0,0.0,100.0,71.8,Medium,2
2025-08-18T21:15:02.305825,23.56,66.2,100.0,0.0,100.0,74.6,Medium,2
2025-08-18T21:15:02.344461,23.59,66.3,100.0,0.0,100.0,75.2,Medium,2
2025-08-18T21:15:02.384317,23.64,66.4,100.0,0.0,100.0,75.8,Medium,2
2025-08-18T21:15:02.424038,23.69,66.4,100.0,0.0,100.0,76.1,Medium,2
2025-08-18T21:15:02.466663,23.72,66.5,100.0,0.0,100.0,76.9,Medium,2
2025-08-18T21:15:02.507864,23.77,66.7,100.0,0.0,100.0,77.8,Medium,2
2025-08-18T21:15:02.549839,23.81,66.8,100.0,0.0,100.0,78.7,Medium,2
2025-08-18T21:15:02.589816,23.84,67.2,100.0,0.0,100.0,81.0,Medium,2
2025-08-18T21:15:02.646124,23.91,67.5,100.0,0.0,100.0,83.4,Medium,2
2025-08-18T21:15:02.709680,23.97,67.8,100.0,0.0,100.0,85.5,Medium,2
2025-08-18T21:15:02.750267,24.0,68.0,100.0,0.0,100.0,86.4,Medium,2
2025-08-18T21:15:02.792635,24.05,68.0,100.0,0.0,100.0,86.7,Medium,2
2025-08-18T21:15:02.830046,24.09,68.1,100.0,0.0,100.0,87.0,Medium,2
2025-08-18T21:15:02.869498,24.12,68.0,100.0,0.0,100.0,86.9,Medium,2
2025-08-18T21:15:02.910659,24.17,67.9,100.0,0.0,100.0,86.0,Medium,2
2025-08-18T21:15:02.952692,24.2,67.8,100.0,0.0,100.0,85.1,Medium,2
2025-08-18T21:15:02.993658,24.25,67.6,100.0,0.0,100.0,84.2,Medium,2
2025-08-18T21:15:03.045606,24.3,67.4,100.0,0.0,100.0,82.8,Medium,2
2025-08-18T21:15:03.113308,24.38,67.1,100.0,0.0,100.0,80.9,Medium,2
2025-08-18T21:15:03.156462,24.41,66.9,100.0,0.0,100.0,79.2,Medium,2
2025-08-18T21:15:03.198787,24.45,66.6,100.0,0.0,100.0,77.4,Medium,2
2025-08-18T21:15:03.242445,24.5,66.3,100.0,0.0,100.0,75.1,Medium,2
2025-08-18T21:15:03.292442,24.55,66.0,100.0,0.0,100.0,73.6,Medium,2
2025-08-18T21:15:03.333089,24.59,65.6,100.0,0.0,100.0,70.8,Medium,2
2025-08-18T21:15:03.384485,24.64,65.0,100.0,0.0,100.0,66.4,Medium,4
2025-08-18T21:15:03.426186,24.69,64.4,100.0,0.0,100.0,62.5,Medium,4
2025-08-18T21:15:03.465419,24.72,64.1,100.0,0.0,100.0,60.9,Medium,4
2025-08-18T21:15:03.511372,24.77,63.5,100.0,0.0,100.0,56.6,Medium,4
2025-08-18T21:15:03.551904,24.81,62.8,100.0,0.0,100.0,52.0,Medium,4
2025-08-18T21:15:03.594654,24.84,62.2,100.0,0.0,100.0,47.8,Medium,4
2025-08-18T21:15:03.633928,24.89,61.7,100.0,0.0,100.0,44.8,Medium,4
2025-08-18T21:15:03.675803,24.94,61.4,100.0,0.0,100.0,42.5,Medium,4
2025-08-18T21:15:03.718527,24.97,61.0,100.0,0.0,100.0,40.2,Medium,4
2025-08-18T21:15:03.757242,25.02,60.5,100.0,0.0,100.0,36.4,Medium,4
2025-08-18T21:15:03.799523,25.06,60.2,100.0,0.0,100.0,35.0,Medium,5
2025-08-18T21:15:03.847438,25.11,60.0,99.0,0.0,100.0,35.7,Medium,5
2025-08-18T21:15:03.913364,25.17,59.8,97.5,0.0,100.0,37.6,High,5
2025-08-18T21:15:03.961681,25.22,59.5,95.9,0.0,100.0,39.5,High,5
2025-08-18T21:15:04.008842,25.27,58.6,93.3,0.0,100.0,39.5,High,5
2025-08-18T21:15:04.056109,25.31,57.8,91.0,0.0,100.0,39.8,High,5
2025-08-18T21:15:04.101891,25.36,56.9,89.1,0.0,100.0,38.0,High,5
2025-08-18T21:15:04.146672,25.41,53.8,83.3,0.0,100.0,30.8,High,6
2025-08-18T21:15:04.192410,25.45,50.7,77.7,0.0,100.0,23.6,High,6
2025-08-18T21:15:04.240859,25.5,48.8,74.8,0.0,100.0,17.8,High,6
2025-08-18T21:15:04.288068,25.55,44.8,68.0,0.0,97.5,10.1,High,9
2025-08-18T21:15:04.335358,25.59,37.8,55.0,0.0,92.9,0,High,9
2025-08-18T21:15:04.384584,25.64,33.6,44.4,0.0,90.2,0,High,9
2025-08-18T21:15:04.431397,25.69,31.8,40.8,0.3,87.4,0,High,9
2025-08-18T21:15:04.478656,25.73,32.5,33.6,13.0,84.2,0,High,10
2025-08-18T21:15:04.522978,25.78,30.7,24.7,25.9,71.3,0,High,10
2025-08-18T21:15:04.569138,25.83,30.4,20.1,36.8,61.7,0,High,10
2025-08-18T21:15:04.612387,25.88,28.7,16.6,39.3,55.2,0,High,10
2025-08-18T21:15:04.658788,25.92,27.3,14.9,40.6,49.8,0,High,10
2025-08-18T21:15:04.704944,25.95,27.9,16.5,38.3,52.8,0,High,10
2025-08-18T21:15:04.752697,26.02,29.9,19.8,34.5,62.9,0,High,10
2025-08-18T21:15:04.798670,26.06,32.8,22.7,34.5,72.7,0,High,10
2025-08-18T21:15:04.841844,26.09,37.1,25.5,41.7,78.2,0,High,9
2025-08-18T21:15:04.889298,26.14,40.0,28.8,44.5,82.6,0,High,10
2025-08-18T21:15:04.941545,26.2,38.1,31.8,34.0,83.8,0,High,10
2025-08-18T21:15:04.988624,26.25,37.1,35.2,26.3,84.6,0,High,10
2025-08-18T21:15:05.037669,26.3,38.9,43.6,21.9,85.4,0,High,10
2025-08-18T21:15:05.083139,26.34,40.8,51.9,17.4,87.0,0,High,9
2025-08-18T21:15:05.129677,26.39,42.6,59.8,12.9,89.0,0,High,9
2025-08-18T21:15:05.175552,26.44,45.8,66.9,13.8,91.1,0,High,9
2025-08-18T21:15:05.221839,26.48,47.6,72.8,11.8,92.7,0,High,9
2025-08-18T21:15:05.268460,26.53,47.5,77.1,5.8,93.8,0,High,9
2025-08-18T21:15:05.315984,26.58,46.9,79.8,0.7,93.9,0,High,9
2025-08-18T21:15:05.359304,26.61,47.1,81.0,0.0,93.7,0,High,9
2025-08-18T21:15:05.407045,26.66,47.4,82.3,0.0,93.1,0,High,9
2025-08-18T21:15:05.449529,26.7,47.4,82.7,0.0,92.4,0,High,9
2025-08-18T21:15:05.487330,26.75,47.4,82.7,0.0,92.3,0,High,9
2025-08-18T21:15:05.531167,26.78,48.1,82.0,0.0,92.1,6.8,High,9
2025-08-18T21:15:05.568579,26.83,48.8,81.0,0.0,91.8,14.2,High,9
2025-08-18T21:15:05.612331,26.88,48.1,78.4,0.0,90.4,17.2,High,9
2025-08-18T21:15:05.651319,26.91,46.8,76.2,0.0,88.8,15.6,High,9
2025-08-18T21:15:05.701303,26.95,43.3,74.1,0.0,86.7,0,High,9
2025-08-18T21:15:05.756877,27.02,42.4,72.6,0.0,85.0,0,High,9
2025-08-18T21:15:05.802687,27.06,41.9,71.9,0.0,83.5,0,High,9
2025-08-18T21:15:05.846952,27.11,41.0,70.5,0.0,81.9,0,High,9
2025-08-18T21:15:05.887776,27.14,47.6,69.8,24.7,78.5,0,High,9
2025-08-18T21:15:05.925731,27.19,51.9,68.7,42.8,75.1,0,High,9
2025-08-18T21:15:05.979852,27.23,53.0,66.5,49.3,74.5,0,High,9
2025-08-18T21:15:06.026811,27.28,47.4,66.2,29.8,76.3,0,High,9
2025-08-18T21:15:06.073341,27.33,43.5,66.2,15.3,78.5,0,High,8
2025-08-18T21:15:06.117148,27.38,40.5,66.5,3.3,81.0,0,High,7
2025-08-18T21:15:06.160958,27.42,40.2,67.6,0.0,82.8,0,High,7
2025-08-18T21:15:06.198784,27.45,40.5,68.2,0.0,83.3,0,High,7
2025-08-18T21:15:06.234752,27.48,48.5,68.1,26.5,83.7,0,High,9
2025-08-18T21:15:06.275300,27.53,55.3,69.2,48.0,83.2,0,High,9
2025-08-18T21:15:06.315736,27.58,55.4,70.9,50.0,78.2,0,High,9
2025-08-18T21:15:06.358498,27.61,53.0,72.5,48.4,65.4,0,High,9
2025-08-18T21:15:06.395394,27.66,46.6,74.4,32.0,54.8,0,High,9
2025-08-18T21:15:06.431305,27.69,40.5,75.9,17.2,43.9,0,High,9
2025-08-18T21:15:06.479903,27.73,37.2,77.2,4.6,44.0,0,High,9
2025-08-18T21:15:06.518533,27.78,37.9,78.1,1.7,50.4,0,High,9
2025-08-18T21:15:06.559976,27.81,38.1,78.2,0.0,53.8,0,High,8
2025-08-18T21:15:06.597646,27.86,41.3,78.0,0.0,55.4,19.7,High,8
2025-08-18T21:15:06.636794,27.89,44.3,78.1,0.0,55.2,39.5,High,8
2025-08-18T21:15:06.675219,27.94,44.7,78.3,0.0,55.2,41.3,High,8
2025-08-18T21:15:06.714176,27.97,44.4,78.1,0.0,51.4,45.0,High,8
2025-08-18T21:15:06.751355,28.02,42.5,77.6,0.0,46.0,40.7,High,8
2025-08-18T21:15:06.801701,28.06,40.2,77.1,0.0,41.6,32.6,High,8
2025-08-18T21:15:06.851331,28.11,36.7,76.4,0.0,32.8,22.8,High,8
2025-08-18T21:15:06.887283,28.14,35.5,76.1,0.0,18.4,34.6,High,8
2025-08-18T21:15:06.935385,28.19,35.7,76.4,0.0,13.6,41.3,High,8
2025-08-18T21:15:06.973416,28.23,36.1,79.2,0.0,23.2,24.7,High,8
2025-08-18T21:15:07.018905,28.28,38.0,82.6,0.0,29.5,21.0,High,8
2025-08-18T21:15:07.057751,28.31,39.5,86.1,0.0,33.0,18.7,High,8
2025-08-18T21:15:07.100765,28.36,41.6,90.3,0.0,35.2,19.7,High,7
2025-08-18T21:15:07.144094,28.41,43.6,94.0,0.0,35.8,23.9,High,7
2025-08-18T21:15:07.188888,28.44,45.6,97.1,0.0,35.8,29.5,High,7
2025-08-18T21:15:07.229999,28.48,46.6,100.0,0.0,35.3,30.3,High,6
2025-08-18T21:15:07.267394,28.53,46.7,100.0,0.0,34.8,31.5,High,6
2025-08-18T21:15:07.309384,28.56,46.8,100.0,0.0,35.3,31.7,High,6
2025-08-18T21:15:07.352373,28.61,48.8,100.0,0.0,41.3,36.6,High,6
2025-08-18T21:15:07.396207,28.66,50.8,100.0,0.0,47.8,41.4,High,6
2025-08-18T21:15:07.442372,28.7,52.5,100.0,0.0,53.9,45.0,High,6
2025-08-18T21:15:07.485609,28.75,54.5,100.0,0.0,60.8,49.0,High,6
2025-08-18T21:15:07.531492,28.78,55.9,100.0,0.0,66.6,50.7,High,6
2025-08-18T21:15:07.569297,28.83,57.7,100.0,0.0,72.0,55.0,High,6
2025-08-18T21:15:07.615473,28.88,59.2,100.0,0.0,76.6,59.0,High,6
2025-08-18T21:15:07.651532,28.91,60.7,100.0,0.0,81.2,63.0,Medium,6
2025-08-18T21:15:07.691393,28.95,62.0,100.0,0.0,85.8,65.8,Medium,6
2025-08-18T21:15:07.730363,28.98,63.1,100.0,0.0,89.4,68.1,Medium,6
2025-08-18T21:15:07.767181,29.02,64.1,100.0,0.0,93.4,69.5,Medium,6
2025-08-18T21:15:07.801834,29.06,64.9,100.0,0.0,96.9,70.3,Medium,4
2025-08-18T21:15:07.837343,29.09,65.6,100.0,0.0,99.3,71.5,Medium,4
2025-08-18T21:15:07.874925,29.12,65.9,100.0,0.0,100.0,72.5,Medium,2
2025-08-18T21:15:07.915818,29.17,66.0,100.0,0.0,100.0,73.2,Medium,2
2025-08-18T21:15:07.949497,29.2,66.1,100.0,0.0,100.0,74.3,Medium,2
2025-08-18T21:15:07.983592,29.23,66.2,100.0,0.0,100.0,74.9,Medium,2
2025-08-18T21:15:08.023036,29.28,66.2,100.0,0.0,100.0,74.9,Medium,2
2025-08-18T21:15:08.064233,29.33,66.3,100.0,0.0,100.0,75.4,Medium,2
2025-08-18T21:15:08.107543,29.36,66.4,100.0,0.0,100.0,76.0,Medium,2
2025-08-18T21:15:08.145593,29.41,66.5,100.0,0.0,100.0,76.5,Medium,2
2025-08-18T21:15:08.184992,29.44,66.8,100.0,0.0,100.0,78.5,Medium,2
2025-08-18T21:15:08.228466,29.48,66.9,100.0,0.0,100.0,79.5,Medium,2
2025-08-18T21:15:08.266113,29.52,66.7,100.0,0.0,100.0,78.3,Medium,2
2025-08-18T21:15:08.305569,29.56,66.5,100.0,0.0,100.0,76.5,Medium,2
2025-08-18T21:15:08.342214,29.59,66.1,100.0,0.0,100.0,74.1,Medium,2
2025-08-18T21:15:08.375848,29.62,65.7,100.0,0.0,100.0,71.4,Medium,2
2025-08-18T21:15:08.424152,29.69,65.4,100.0,0.0,100.0,69.3,Medium,4
2025-08-18T21:15:08.465018,29.72,65.1,100.0,0.0,100.0,67.4,Medium,4
2025-08-18T21:15:08.503048,29.77,65.0,100.0,0.0,100.0,66.6,Medium,4
2025-08-18T21:15:08.539485,29.8,65.2,100.0,0.0,100.0,67.9,Medium,4
2025-08-18T21:15:08.578693,29.83,65.8,100.0,0.0,100.0,72.1,Medium,2
2025-08-18T21:15:08.616995,29.88,66.4,100.0,0.0,100.0,75.8,Medium,2
2025-08-18T21:15:08.680932,29.94,66.9,100.0,0.0,100.0,79.4,Medium,2
2025-08-18T21:15:08.721127,29.98,67.4,100.0,0.0,100.0,82.5,Medium,2
2025-08-18T21:15:08.760185,30.02,67.6,100.0,0.0,100.0,84.3,Medium,2
2025-08-18T21:15:08.802051,30.06,67.8,100.0,0.0,100.0,85.7,Medium,2
2025-08-18T21:15:08.842507,30.09,68.2,100.0,0.0,100.0,87.8,Medium,2
2025-08-18T21:15:08.883756,30.14,68.3,100.0,0.0,100.0,88.9,Medium,2
2025-08-18T21:15:08.927501,30.19,68.8,100.0,0.0,100.0,91.7,Medium,2
2025-08-18T21:15:08.967748,30.22,69.0,100.0,0.0,100.0,93.3,Medium,2
2025-08-18T21:15:09.012319,30.27,69.1,100.0,0.0,100.0,94.1,Medium,2
2025-08-18T21:15:09.050212,30.31,69.1,100.0,0.0,100.0,93.7,Medium,2
2025-08-18T21:15:09.089936,30.34,68.9,100.0,0.0,100.0,92.4,Medium,2
2025-08-18T21:15:09.129470,30.39,68.1,100.0,0.0,100.0,87.2,Medium,2
2025-08-18T21:15:09.168588,30.42,67.3,100.0,0.0,100.0,82.3,Medium,2
2025-08-18T21:15:09.204554,30.45,66.9,100.0,0.0,100.0,79.2,Medium,2
2025-08-18T21:15:09.246102,30.5,66.5,100.0,0.0,100.0,76.8,Medium,2
2025-08-18T21:15:09.287224,30.55,66.2,100.0,0.0,100.0,75.0,Medium,2
2025-08-18T21:15:09.334483,30.59,66.1,100.0,0.0,100.0,74.0,Medium,2
2025-08-18T21:15:09.379626,30.64,66.0,100.0,0.0,100.0,73.2,Medium,2
2025-08-18T21:15:09.427893,30.69,65.9,100.0,0.0,100.0,72.5,Medium,2
2025-08-18T21:15:09.473515,30.73,65.8,100.0,0.0,100.0,72.1,Medium,2
2025-08-18T21:15:09.515578,30.77,65.8,100.0,0.0,100.0,71.8,Medium,2
2025-08-18T21:15:09.557173,30.81,65.9,100.0,0.0,100.0,72.4,Medium,2
2025-08-18T21:15:09.602590,30.86,66.0,100.0,0.0,100.0,73.2,Medium,2
2025-08-18T21:15:09.637045,30.89,66.1,100.0,0.0,100.0,73.9,Medium,2
2025-08-18T21:15:09.677855,30.94,66.3,100.0,0.0,100.0,75.0,Medium,2
2025-08-18T21:15:09.716561,30.97,66.5,100.0,0.0,100.0,76.4,Medium,2
2025-08-18T21:15:09.757167,31.02,66.7,100.0,0.0,100.0,77.9,Medium,2
2025-08-18T21:15:09.797315,31.05,66.9,100.0,0.0,100.0,79.0,Medium,2
2025-08-18T21:15:09.842227,31.09,67.1,100.0,0.0,100.0,80.9,Medium,2
2025-08-18T21:15:09.880158,31.14,67.4,100.0,0.0,100.0,82.8,Medium,2
2025-08-18T21:15:09.913382,31.17,67.6,100.0,0.0,100.0,84.0,Medium,2
2025-08-18T21:15:09.950160,31.2,67.9,100.0,0.0,100.0,85.7,Medium,2
2025-08-18T21:15:09.988845,31.25,68.1,100.0,0.0,100.0,87.5,Medium,2
2025-08-18T21:15:10.031728,31.28,68.3,100.0,0.0,100.0,88.8,Medium,2
2025-08-18T21:15:10.071815,31.33,68.6,100.0,0.0,100.0,90.9,Medium,2
2025-08-18T21:15:10.118412,31.38,69.0,100.0,0.0,100.0,93.1,Medium,2
2025-08-18T21:15:10.161441,31.42,69.2,100.0,0.0,100.0,94.4,Medium,2
2025-08-18T21:15:10.198653,31.45,69.3,100.0,0.0,100.0,95.1,Medium,2
2025-08-18T21:15:10.235297,31.48,69.2,100.0,0.0,100.0,95.0,Medium,2
2025-08-18T21:15:10.278632,31.53,69.3,100.0,0.0,100.0,95.1,Medium,2
2025-08-18T21:15:10.330300,31.59,69.3,100.0,0.0,100.0,95.1,Medium,2
2025-08-18T21:15:10.369345,31.62,69.3,100.0,0.0,100.0,95.1,Medium,2
2025-08-18T21:15:10.410200,31.67,69.3,100.0,0.0,100.0,95.3,Medium,2
2025-08-18T21:15:10.455011,31.7,69.3,100.0,0.0,100.0,95.3,Medium,2
2025-08-18T21:15:10.501685,31.75,69.3,100.0,0.0,100.0,95.3,Medium,2
2025-08-18T21:15:10.543185,31.8,69.3,100.0,0.0,100.0,95.3,Medium,2
2025-08-18T21:15:10.584545,31.84,69.3,100.0,0.0,100.0,95.5,Medium,2
2025-08-18T21:15:10.626184,31.88,69.4,100.0,0.0,100.0,95.9,Medium,2
2025-08-18T21:15:10.669116,31.92,69.6,100.0,0.0,100.0,97.3,Medium,2
2025-08-18T21:15:10.717652,31.97,69.6,100.0,0.0,100.0,97.3,Medium,2
2025-08-18T21:15:10.757309,32.02,69.6,100.0,0.0,100.0,97.0,Medium,2
2025-08-18T21:15:10.794163,32.05,69.6,100.0,0.0,100.0,97.0,Medium,2
2025-08-18T21:15:10.834341,32.09,69.6,100.0,0.0,100.0,97.4,Medium,2
2025-08-18T21:15:10.871562,32.12,69.7,100.0,0.0,100.0,97.8,Medium,2
2025-08-18T21:15:10.910112,32.17,69.7,100.0,0.0,100.0,98.2,Medium,2
2025-08-18T21:15:10.947879,32.2,69.8,100.0,0.0,100.0,98.5,Medium,2
2025-08-18T21:15:10.988483,32.25,69.8,100.0,0.0,100.0,98.5,Medium,2
2025-08-18T21:15:11.034336,32.3,69.8,100.0,0.0,100.0,98.4,Medium,2
2025-08-18T21:15:11.079841,32.33,69.8,100.0,0.0,100.0,98.4,Medium,2
2025-08-18T21:15:11.118447,32.38,69.7,100.0,0.0,100.0,98.3,Medium,2
2025-08-18T21:15:11.159232,32.42,69.7,100.0,0.0,100.0,98.3,Medium,2
2025-08-18T21:15:11.199137,32.45,69.8,100.0,0.0,100.0,98.4,Medium,2
2025-08-18T21:15:11.235131,32.48,69.5,100.0,0.0,100.0,97.0,Medium,2
2025-08-18T21:15:11.274329,32.53,69.2,100.0,0.0,100.0,94.9,Medium,2
2025-08-18T21:15:11.327180,32.58,69.0,100.0,0.0,100.0,93.3,Medium,2
2025-08-18T21:15:11.366747,32.62,68.8,100.0,0.0,100.0,92.1,Medium,2
2025-08-18T21:15:11.406643,32.66,68.7,100.0,0.0,100.0,91.5,Medium,2
2025-08-18T21:15:11.448726,32.7,68.7,100.0,0.0,100.0,91.2,Medium,2
2025-08-18T21:15:11.485393,32.73,68.6,100.0,0.0,100.0,90.4,Medium,2
2025-08-18T21:15:11.524003,32.78,68.4,100.0,0.0,100.0,89.0,Medium,2
2025-08-18T21:15:11.563481,32.81,68.2,100.0,0.0,100.0,88.2,Medium,2
2025-08-18T21:15:11.606051,32.86,68.1,100.0,0.0,100.0,87.6,Medium,2
2025-08-18T21:15:11.647232,32.91,68.1,100.0,0.0,100.0,87.4,Medium,2
2025-08-18T21:15:11.687820,32.94,68.0,100.0,0.0,100.0,86.5,Medium,2
2025-08-18T21:15:11.728807,32.98,67.9,100.0,0.0,100.0,85.9,Medium,2
2025-08-18T21:15:11.783629,33.05,67.8,100.0,0.0,100.0,85.1,Medium,2
2025-08-18T21:15:11.823380,33.08,67.7,100.0,0.0,100.0,84.6,Medium,2
2025-08-18T21:15:11.868286,33.12,67.7,100.0,0.0,100.0,84.6,Medium,2
2025-08-18T21:15:11.910928,33.17,67.8,100.0,0.0,100.0,85.3,Medium,2
2025-08-18T21:15:11.954806,33.2,67.9,100.0,0.0,100.0,86.1,Medium,2
2025-08-18T21:15:12.002047,33.27,68.0,100.0,0.0,100.0,86.8,Medium,2
2025-08-18T21:15:12.038594,33.3,68.1,100.0,0.0,100.0,87.6,Medium,2
2025-08-18T21:15:12.077581,33.33,68.3,100.0,0.0,100.0,88.4,Medium,2
2025-08-18T21:15:12.120351,33.38,68.4,100.0,0.0,100.0,89.3,Medium,2
2025-08-18T21:15:12.173053,33.42,68.5,100.0,0.0,100.0,89.9,Medium,2
2025-08-18T21:15:12.209347,33.47,68.6,100.0,0.0,100.0,90.8,Medium,2
2025-08-18T21:15:12.242932,33.5,68.7,100.0,0.0,100.0,91.2,Medium,2
2025-08-18T21:15:12.288791,33.55,68.7,100.0,0.0,100.0,91.5,Medium,2
2025-08-18T21:15:12.327595,33.58,68.8,100.0,0.0,100.0,92.2,Medium,2
2025-08-18T21:15:12.370328,33.62,68.9,100.0,0.0,100.0,92.8,Medium,2
2025-08-18T21:15:12.431644,33.69,69.0,100.0,0.0,100.0,93.3,Medium,2
2025-08-18T21:15:12.475432,33.73,69.1,100.0,0.0,100.0,93.8,Medium,2
2025-08-18T21:15:12.528721,33.78,69.2,100.0,0.0,100.0,94.4,Medium,2
2025-08-18T21:15:12.575704,33.83,69.2,100.0,0.0,100.0,94.6,Medium,2
2025-08-18T21:15:12.624110,33.88,69.2,100.0,0.0,100.0,94.6,Medium,2
2025-08-18T21:15:12.672757,33.92,69.2,100.0,0.0,100.0,94.7,Medium,2
2025-08-18T21:15:12.719548,33.97,69.2,100.0,0.0,100.0,94.7,Medium,2
2025-08-18T21:15:12.761173,34.02,69.2,100.0,0.0,100.0,94.7,Medium,2
2025-08-18T21:15:12.805143,34.06,69.2,100.0,0.0,100.0,94.7,Medium,2
2025-08-18T21:15:12.848701,34.11,69.2,100.0,0.0,100.0,95.0,Medium,2
2025-08-18T21:15:12.886567,34.14,69.3,100.0,0.0,100.0,95.5,Medium,2
2025-08-18T21:15:12.937631,34.19,69.4,100.0,0.0,100.0,95.7,Medium,2
2025-08-18T21:15:12.982689,34.23,69.4,100.0,0.0,100.0,95.9,Medium,2
2025-08-18T21:15:13.023672,34.28,69.4,100.0,0.0,100.0,95.9,Medium,2
2025-08-18T21:15:13.062944,34.31,69.4,100.0,0.0,100.0,95.8,Medium,2
2025-08-18T21:15:13.101052,34.36,69.3,100.0,0.0,100.0,95.6,Medium,2
2025-08-18T21:15:13.138561,34.39,69.3,100.0,0.0,100.0,95.5,Medium,2
2025-08-18T21:15:13.178843,34.44,69.3,100.0,0.0,100.0,95.3,Medium,2
2025-08-18T21:15:13.218658,34.47,69.2,100.0,0.0,100.0,94.8,Medium,2
2025-08-18T21:15:13.261047,34.52,69.2,100.0,0.0,100.0,94.5,Medium,2
2025-08-18T21:15:13.299508,34.56,69.1,100.0,0.0,100.0,94.3,Medium,2
2025-08-18T21:15:13.338742,34.59,69.1,100.0,0.0,100.0,94.3,Medium,2
2025-08-18T21:15:13.376392,34.64,69.2,100.0,0.0,100.0,94.4,Medium,2
2025-08-18T21:15:13.416755,34.67,69.1,100.0,0.0,100.0,94.2,Medium,2
2025-08-18T21:15:13.457622,34.72,69.0,100.0,0.0,100.0,93.6,Medium,2
2025-08-18T21:15:13.496424,34.75,69.0,100.0,0.0,100.0,93.0,Medium,2
2025-08-18T21:15:13.535413,34.8,68.9,100.0,0.0,100.0,92.4,Medium,2
2025-08-18T21:15:13.577061,34.83,68.8,100.0,0.0,100.0,92.3,Medium,2
2025-08-18T21:15:13.638317,34.89,68.9,100.0,0.0,100.0,92.4,Medium,2
2025-08-18T21:15:13.679822,34.94,68.9,100.0,0.0,100.0,92.6,Medium,2
2025-08-18T21:15:13.721714,34.98,68.9,100.0,0.0,100.0,92.6,Medium,2
2025-08-18T21:15:13.765382,35.02,68.9,100.0,0.0,100.0,92.7,Medium,2
2025-08-18T21:15:13.803968,35.06,68.9,100.0,0.0,100.0,92.4,Medium,2
2025-08-18T21:15:13.842331,35.09,68.8,100.0,0.0,100.0,92.1,Medium,2
2025-08-18T21:15:13.882105,35.14,68.8,100.0,0.0,100.0,91.8,Medium,2
2025-08-18T21:15:13.924355,35.19,68.7,100.0,0.0,100.0,91.5,Medium,2
2025-08-18T21:15:13.972420,35.23,68.7,100.0,0.0,100.0,91.0,Medium,2
2025-08-18T21:15:14.020179,35.28,68.6,100.0,0.0,100.0,90.6,Medium,2
2025-08-18T21:15:14.061567,35.31,68.5,100.0,0.0,100.0,90.2,Medium,2
2025-08-18T21:15:14.109361,35.36,68.5,100.0,0.0,100.0,90.0,Medium,2
2025-08-18T21:15:14.159815,35.42,68.5,100.0,0.0,100.0,89.8,Medium,2
2025-08-18T21:15:14.199441,35.45,68.5,100.0,0.0,100.0,89.8,Medium,2
2025-08-18T21:15:14.241106,35.5,68.4,100.0,0.0,100.0,89.4,Medium,2
2025-08-18T21:15:14.280009,35.53,68.3,100.0,0.0,100.0,88.7,Medium,2
2025-08-18T21:15:14.321104,35.58,68.1,100.0,0.0,100.0,87.6,Medium,2
2025-08-18T21:15:14.372352,35.62,68.0,100.0,0.0,100.0,86.7,Medium,2
2025-08-18T21:15:14.418463,35.67,67.9,100.0,0.0,100.0,86.0,Medium,2
2025-08-18T21:15:14.470685,35.72,67.8,100.0,0.0,100.0,85.5,Medium,2
2025-08-18T21:15:14.517467,35.77,67.7,100.0,0.0,100.0,85.0,Medium,2
2025-08-18T21:15:14.559482,35.81,67.7,100.0,0.0,100.0,84.6,Medium,2
2025-08-18T21:15:14.599161,35.86,67.7,100.0,0.0,100.0,84.4,Medium,2
2025-08-18T21:15:14.640210,35.89,67.6,100.0,0.0,100.0,84.1,Medium,2
2025-08-18T21:15:14.680670,35.94,67.6,100.0,0.0,100.0,83.9,Medium,2
2025-08-18T21:15:14.724810,35.98,67.6,100.0,0.0,100.0,83.7,Medium,2
2025-08-18T21:15:14.770315,36.03,67.5,100.0,0.0,100.0,83.6,Medium,2
2025-08-18T21:15:14.814406,36.08,67.5,100.0,0.0,100.0,83.5,Medium,2
2025-08-18T21:15:14.854747,36.11,67.5,100.0,0.0,100.0,83.4,Medium,2
2025-08-18T21:15:14.895522,36.16,67.5,100.0,0.0,100.0,83.3,Medium,2
2025-08-18T21:15:14.937861,36.19,67.5,100.0,0.0,100.0,83.2,Medium,2
2025-08-18T21:15:14.979508,36.23,67.5,100.0,0.0,100.0,83.1,Medium,2
2025-08-18T21:15:15.023748,36.28,67.4,100.0,0.0,100.0,82.9,Medium,2
2025-08-18T21:15:15.076185,36.33,67.4,100.0,0.0,100.0,82.7,Medium,2
2025-08-18T21:15:15.124315,36.38,67.4,100.0,0.0,100.0,82.7,Medium,2
2025-08-18T21:15:15.161978,36.42,67.4,100.0,0.0,100.0,82.8,Medium,2
2025-08-18T21:15:15.206857,36.47,67.5,100.0,0.0,100.0,83.2,Medium,2
2025-08-18T21:15:15.258171,36.52,67.5,100.0,0.0,100.0,83.7,Medium,2
2025-08-18T21:15:15.315131,36.58,67.6,100.0,0.0,100.0,83.9,Medium,2
2025-08-18T21:15:15.365402,36.62,67.6,100.0,0.0,100.0,84.1,Medium,2
2025-08-18T21:15:15.428634,36.69,67.7,100.0,0.0,100.0,84.4,Medium,2
2025-08-18T21:15:15.483086,36.73,67.7,100.0,0.0,100.0,84.5,Medium,2
2025-08-18T21:15:15.536088,36.8,67.7,100.0,0.0,100.0,84.8,Medium,2
2025-08-18T21:15:15.589216,36.84,67.7,100.0,0.0,100.0,84.9,Medium,2
2025-08-18T21:15:15.645156,36.91,67.8,100.0,0.0,100.0,85.0,Medium,2
2025-08-18T21:15:15.699902,36.95,67.8,100.0,0.0,100.0,85.1,Medium,2
2025-08-18T21:15:15.748788,37.0,67.8,100.0,0.0,100.0,85.0,Medium,2
2025-08-18T21:15:15.800385,37.06,67.9,100.0,0.0,100.0,86.0,Medium,2
2025-08-18T21:15:15.854942,37.11,68.1,100.0,0.0,100.0,87.1,Medium,2
2025-08-18T21:15:15.902451,37.16,68.2,100.0,0.0,100.0,88.3,Medium,2
2025-08-18T21:15:15.955253,37.22,68.5,100.0,0.0,100.0,89.8,Medium,2
2025-08-18T21:15:16.008714,37.27,68.7,100.0,0.0,100.0,91.3,Medium,2
2025-08-18T21:15:16.062638,37.31,69.0,100.0,0.0,100.0,93.4,Medium,2
2025-08-18T21:15:16.105198,37.36,69.2,100.0,0.0,100.0,94.7,Medium,2
2025-08-18T21:15:16.150100,37.41,69.3,100.0,0.0,100.0,95.6,Medium,2
2025-08-18T21:15:16.200125,37.45,68.9,100.0,0.0,100.0,92.9,Medium,2
2025-08-18T21:15:16.240509,37.5,68.7,100.0,0.0,100.0,91.6,Medium,2
2025-08-18T21:15:16.281702,37.53,68.3,100.0,0.0,100.0,88.4,Medium,2
2025-08-18T21:15:16.335719,37.59,67.6,100.0,0.0,100.0,83.9,Medium,2
2025-08-18T21:15:16.383257,37.64,67.3,100.0,0.0,100.0,82.0,Medium,2
2025-08-18T21:15:16.435985,37.69,67.5,100.0,0.0,100.0,83.2,Medium,2
2025-08-18T21:15:16.477354,37.73,67.6,100.0,0.0,100.0,83.7,Medium,2
2025-08-18T21:15:16.520658,37.78,67.6,100.0,0.0,100.0,84.2,Medium,2
2025-08-18T21:15:16.563453,37.81,67.7,100.0,0.0,100.0,84.4,Medium,2
2025-08-18T21:15:16.606233,37.86,67.6,100.0,0.0,100.0,83.7,Medium,2
2025-08-18T21:15:16.649595,37.91,67.4,100.0,0.0,100.0,82.4,Medium,2
2025-08-18T21:15:16.695081,37.95,67.1,100.0,0.0,100.0,80.7,Medium,2
2025-08-18T21:15:16.751456,38.0,66.7,100.0,0.0,100.0,77.9,Medium,2
2025-08-18T21:15:16.803649,38.06,66.5,100.0,0.0,100.0,76.5,Medium,2
2025-08-18T21:15:16.847878,38.11,66.3,100.0,0.0,100.0,75.4,Medium,2
2025-08-18T21:15:16.891295,38.14,66.2,100.0,0.0,100.0,74.8,Medium,2
2025-08-18T21:15:16.932792,38.19,66.1,100.0,0.0,100.0,74.3,Medium,2
2025-08-18T21:15:16.973092,38.23,66.1,100.0,0.0,100.0,74.1,Medium,2
2025-08-18T21:15:17.014183,38.27,66.1,100.0,0.0,100.0,73.7,Medium,2
2025-08-18T21:15:17.056317,38.31,66.0,100.0,0.0,100.0,73.3,Medium,2
2025-08-18T21:15:17.097687,38.36,66.0,100.0,0.0,100.0,73.2,Medium,2
2025-08-18T21:15:17.146822,38.41,66.0,100.0,0.0,100.0,73.2,Medium,2
2025-08-18T21:15:17.191776,38.45,66.0,100.0,0.0,100.0,73.5,Medium,2
2025-08-18T21:15:17.232139,38.48,66.1,100.0,0.0,100.0,73.8,Medium,2
2025-08-18T21:15:17.268802,38.53,66.2,100.0,0.0,100.0,74.3,Medium,2
2025-08-18T21:15:17.303714,38.56,66.2,100.0,0.0,100.0,75.0,Medium,2
2025-08-18T21:15:17.347730,38.61,66.3,100.0,0.0,100.0,75.6,Medium,2
2025-08-18T21:15:17.388499,38.64,66.4,100.0,0.0,100.0,75.9,Medium,2
2025-08-18T21:15:17.428354,38.69,66.4,100.0,0.0,100.0,76.1,Medium,2
2025-08-18T21:15:17.470831,38.73,66.5,100.0,0.0,100.0,76.3,Medium,2
2025-08-18T21:15:17.514259,38.77,66.4,100.0,0.0,100.0,76.0,Medium,2
2025-08-18T21:15:17.552537,38.81,66.4,100.0,0.0,100.0,76.0,Medium,2
2025-08-18T21:15:17.595200,38.84,66.4,100.0,0.0,100.0,75.9,Medium,2
2025-08-18T21:15:17.638559,38.89,66.4,100.0,0.0,100.0,75.9,Medium,2
2025-08-18T21:15:17.690173,38.95,66.4,100.0,0.0,100.0,76.0,Medium,2
2025-08-18T21:15:17.731838,38.98,66.4,100.0,0.0,100.0,76.2,Medium,2
2025-08-18T21:15:17.776027,39.03,66.5,100.0,0.0,100.0,76.4,Medium,2
2025-08-18T21:15:17.819667,39.08,66.5,100.0,0.0,100.0,76.5,Medium,2
2025-08-18T21:15:17.861125,39.11,66.5,100.0,0.0,100.0,76.6,Medium,2
2025-08-18T21:15:17.906039,39.16,66.5,100.0,0.0,100.0,76.9,Medium,2
2025-08-18T21:15:17.947235,39.2,66.6,100.0,0.0,100.0,77.4,Medium,2
2025-08-18T21:15:17.986486,39.25,66.7,100.0,0.0,100.0,78.0,Medium,2
2025-08-18T21:15:18.025882,39.28,66.8,100.0,0.0,100.0,78.5,Medium,2
2025-08-18T21:15:18.063790,39.33,66.8,100.0,0.0,100.0,78.7,Medium,2
2025-08-18T21:15:18.112598,39.38,66.8,100.0,0.0,100.0,78.4,Medium,2
2025-08-18T21:15:18.154138,39.41,66.7,100.0,0.0,100.0,78.1,Medium,2
2025-08-18T21:15:18.193022,39.45,66.7,100.0,0.0,100.0,77.9,Medium,2
2025-08-18T21:15:18.231960,39.48,66.6,100.0,0.0,100.0,77.6,Medium,2
2025-08-18T21:15:18.275629,39.53,66.6,100.0,0.0,100.0,77.2,Medium,2
2025-08-18T21:15:18.318762,39.58,66.5,100.0,0.0,100.0,76.9,Medium,2
2025-08-18T21:15:18.365923,39.62,66.5,100.0,0.0,100.0,76.6,Medium,2
2025-08-18T21:15:18.409403,39.67,66.4,100.0,0.0,100.0,76.3,Medium,2
2025-08-18T21:15:18.448031,39.7,66.4,100.0,0.0,100.0,76.0,Medium,2
2025-08-18T21:15:18.486735,39.75,66.4,100.0,0.0,100.0,75.8,Medium,2
2025-08-18T21:15:18.552449,39.81,66.3,100.0,0.0,100.0,75.3,Medium,2
2025-08-18T21:15:18.600725,39.86,66.3,100.0,0.0,100.0,75.2,Medium,2
2025-08-18T21:15:18.645248,39.91,66.3,100.0,0.0,100.0,75.3,Medium,2
2025-08-18T21:15:18.697597,39.95,66.3,100.0,0.0,100.0,75.4,Medium,2
2025-08-18T21:15:18.748469,40.0,66.3,100.0,0.0,100.0,75.3,Medium,2
2025-08-18T21:15:18.796773,40.05,66.3,100.0,0.0,100.0,75.1,Medium,2
2025-08-18T21:15:18.849910,40.11,66.2,100.0,0.0,100.0,74.7,Medium,2
2025-08-18T21:15:18.907510,40.17,66.2,100.0,0.0,100.0,74.6,Medium,2
2025-08-18T21:15:18.953889,40.2,66.1,100.0,0.0,100.0,74.2,Medium,2
2025-08-18T21:15:18.998613,40.25,66.1,100.0,0.0,100.0,73.8,Medium,2
2025-08-18T21:15:19.045483,40.3,66.0,100.0,0.0,100.0,73.3,Medium,2
2025-08-18T21:15:19.089269,40.34,65.9,100.0,0.0,100.0,72.5,Medium,2
2025-08-18T21:15:19.133555,40.39,65.7,100.0,0.0,100.0,71.6,Medium,2
2025-08-18T21:15:19.177705,40.44,65.7,100.0,0.0,100.0,71.1,Medium,2
2025-08-18T21:15:19.223901,40.48,65.6,100.0,0.0,100.0,70.8,Medium,2
2025-08-18T21:15:19.266910,40.52,65.6,100.0,0.0,100.0,70.5,Medium,2
2025-08-18T21:15:19.311404,40.56,65.5,100.0,0.0,100.0,70.2,Medium,2
2025-08-18T21:15:19.359637,40.61,65.5,100.0,0.0,100.0,70.0,Medium,4
2025-08-18T21:15:19.408619,40.66,65.5,100.0,0.0,100.0,69.7,Medium,4
2025-08-18T21:15:19.457810,40.72,65.4,100.0,0.0,100.0,69.6,Medium,4
2025-08-18T21:15:19.511642,40.77,65.4,100.0,0.0,100.0,69.4,Medium,4
2025-08-18T21:15:19.560174,40.81,65.4,100.0,0.0,100.0,69.2,Medium,4
2025-08-18T21:15:19.620526,40.88,65.4,100.0,0.0,100.0,69.1,Medium,4
2025-08-18T21:15:19.673432,40.92,65.3,100.0,0.0,100.0,68.9,Medium,4
2025-08-18T21:15:19.726484,40.98,65.3,100.0,0.0,100.0,68.8,Medium,4
2025-08-18T21:15:19.776232,41.03,65.3,100.0,0.0,100.0,68.9,Medium,4
2025-08-18T21:15:19.823793,41.08,65.4,100.0,0.0,100.0,69.6,Medium,4
2025-08-18T21:15:19.867398,41.12,65.5,100.0,0.0,100.0,69.8,Medium,4
2025-08-18T21:15:19.915928,41.17,65.5,100.0,0.0,100.0,69.8,Medium,4
2025-08-18T21:15:19.962856,41.22,65.4,100.0,0.0,100.0,69.6,Medium,4
2025-08-18T21:15:20.016949,41.27,65.4,100.0,0.0,100.0,69.5,Medium,4
2025-08-18T21:15:20.060795,41.31,65.3,100.0,0.0,100.0,68.8,Medium,4
2025-08-18T21:15:20.107767,41.36,65.2,100.0,0.0,100.0,68.1,Medium,4
2025-08-18T21:15:20.150706,41.41,65.1,100.0,0.0,100.0,67.3,Medium,4
2025-08-18T21:15:20.194344,41.45,65.0,100.0,0.0,100.0,66.5,Medium,4
2025-08-18T21:15:20.239545,41.5,64.9,100.0,0.0,100.0,65.8,Medium,4
2025-08-18T21:15:20.287467,41.55,64.9,100.0,0.0,100.0,66.1,Medium,4
2025-08-18T21:15:20.332604,41.59,65.0,100.0,0.0,100.0,66.4,Medium,4
2025-08-18T21:15:20.379494,41.64,64.9,100.0,0.0,100.0,66.1,Medium,4
2025-08-18T21:15:20.424190,41.69,64.9,100.0,0.0,100.0,65.7,Medium,4
2025-08-18T21:15:20.464909,41.72,64.8,100.0,0.0,100.0,65.3,Medium,4
2025-08-18T21:15:20.527551,41.78,64.7,100.0,0.0,100.0,64.8,Medium,4
2025-08-18T21:15:20.594859,41.84,64.7,100.0,0.0,100.0,64.6,Medium,4
2025-08-18T21:15:20.700149,41.95,64.7,100.0,0.0,100.0,64.5,Medium,4
2025-08-18T21:15:20.766117,42.02,64.6,100.0,0.0,100.0,63.9,Medium,4
2025-08-18T21:15:20.831945,42.09,64.5,100.0,0.0,100.0,63.1,Medium,4
2025-08-18T21:15:20.879419,42.14,64.4,100.0,0.0,100.0,62.7,Medium,4
2025-08-18T21:15:20.930648,42.19,64.4,100.0,0.0,100.0,62.7,Medium,4
2025-08-18T21:15:21.011572,42.27,64.4,100.0,0.0,100.0,63.0,Medium,4
2025-08-18T21:15:21.100944,42.36,64.5,100.0,0.0,100.0,63.2,Medium,4
2025-08-18T21:15:21.171600,42.42,64.5,100.0,0.0,100.0,63.4,Medium,4
2025-08-18T21:15:21.278776,42.53,64.6,100.0,0.0,100.0,63.8,Medium,4
2025-08-18T21:15:21.439073,42.69,64.7,100.0,0.0,100.0,64.3,Medium,4
2025-08-18T21:15:21.515621,42.77,64.8,100.0,0.0,100.0,65.0,Medium,4
2025-08-18T21:15:21.572665,42.83,64.9,100.0,0.0,100.0,65.7,Medium,4
2025-08-18T21:15:21.634227,42.89,65.1,100.0,0.0,100.0,67.2,Medium,4
2025-08-18T21:15:21.698609,42.95,65.5,100.0,0.0,100.0,69.7,Medium,4
2025-08-18T21:15:21.804632,43.06,66.0,100.0,0.0,100.0,73.1,Medium,2
2025-08-18T21:15:21.882161,43.14,66.8,100.0,0.0,100.0,78.8,Medium,2
2025-08-18T21:15:21.958912,43.22,67.6,100.0,0.0,100.0,84.0,Medium,2
2025-08-18T21:15:22.032843,43.28,68.3,100.0,0.0,100.0,88.5,Medium,2
2025-08-18T21:15:22.091397,43.34,68.4,100.0,0.0,100.0,89.1,Medium,2
2025-08-18T21:15:22.173852,43.42,68.1,100.0,0.0,100.0,87.2,Medium,2
2025-08-18T21:15:22.236401,43.48,67.9,100.0,0.0,100.0,86.0,Medium,2
2025-08-18T21:15:22.302795,43.56,67.8,100.0,0.0,100.0,85.6,Medium,2
2025-08-18T21:15:22.416636,43.67,67.9,100.0,0.0,100.0,85.8,Medium,2
2025-08-18T21:15:22.497233,43.75,68.2,100.0,0.0,100.0,87.8,Medium,2
2025-08-18T21:15:22.559373,43.81,68.4,100.0,0.0,100.0,89.3,Medium,2
2025-08-18T21:15:22.614036,43.88,68.1,100.0,0.0,100.0,87.7,Medium,2
2025-08-18T21:15:22.662654,43.92,67.6,100.0,0.0,100.0,83.7,Medium,2
2025-08-18T21:15:22.746955,44.0,67.1,100.0,0.0,100.0,80.4,Medium,2
2025-08-18T21:15:22.809159,44.06,66.8,100.0,0.0,100.0,78.4,Medium,2
2025-08-18T21:15:22.867021,44.12,66.3,100.0,0.0,100.0,75.2,Medium,2
2025-08-18T21:15:22.923913,44.19,66.0,100.0,0.0,100.0,73.2,Medium,2
2025-08-18T21:15:22.977302,44.23,65.7,100.0,0.0,100.0,71.4,Medium,2
2025-08-18T21:15:23.038104,44.3,65.5,100.0,0.0,100.0,70.1,Medium,2
2025-08-18T21:15:23.097032,44.36,65.4,100.0,0.0,100.0,69.3,Medium,4
2025-08-18T21:15:23.140847,44.39,65.4,100.0,0.0,100.0,69.0,Medium,4
2025-08-18T21:15:23.197896,44.45,65.4,100.0,0.0,100.0,69.2,Medium,4
2025-08-18T21:15:23.241821,44.5,65.4,100.0,0.0,100.0,69.2,Medium,4
2025-08-18T21:15:23.291220,44.55,65.6,100.0,0.0,100.0,70.4,Medium,2
2025-08-18T21:15:23.345757,44.59,65.8,100.0,0.0,100.0,71.8,Medium,2
2025-08-18T21:15:23.409851,44.67,66.0,100.0,0.0,100.0,73.6,Medium,2
2025-08-18T21:15:23.466860,44.72,66.2,100.0,0.0,100.0,74.7,Medium,2
2025-08-18T21:15:23.516091,44.77,66.2,100.0,0.0,100.0,74.8,Medium,2
2025-08-18T21:15:23.565696,44.83,66.2,100.0,0.0,100.0,74.6,Medium,2
2025-08-18T21:15:23.609519,44.86,66.2,100.0,0.0,100.0,74.4,Medium,2
2025-08-18T21:15:23.658686,44.92,66.2,100.0,0.0,100.0,74.7,Medium,2
2025-08-18T21:15:23.704523,44.95,66.3,100.0,0.0,100.0,75.2,Medium,2
2025-08-18T21:15:23.756098,45.02,66.3,100.0,0.0,100.0,75.6,Medium,2
2025-08-18T21:15:23.812787,45.06,66.4,100.0,0.0,100.0,76.0,Medium,2
2025-08-18T21:15:23.868623,45.12,66.4,100.0,0.0,100.0,76.3,Medium,2
2025-08-18T21:15:23.944018,45.2,66.4,100.0,0.0,100.0,76.3,Medium,2
2025-08-18T21:15:24.026526,45.28,66.4,100.0,0.0,100.0,75.7,Medium,2
2025-08-18T21:15:24.089904,45.34,66.2,100.0,0.0,100.0,74.9,Medium,2
2025-08-18T21:15:24.157294,45.42,66.2,100.0,0.0,100.0,74.4,Medium,2
2025-08-18T21:15:24.220092,45.47,66.1,100.0,0.0,100.0,73.9,Medium,2
2025-08-18T21:15:24.306425,45.56,66.1,100.0,0.0,100.0,73.8,Medium,2
2025-08-18T21:15:24.367655,45.62,66.0,100.0,0.0,100.0,73.5,Medium,2
2025-08-18T21:15:24.422865,45.67,66.0,100.0,0.0,100.0,73.3,Medium,2
2025-08-18T21:15:24.480476,45.73,66.0,100.0,0.0,100.0,73.5,Medium,2
2025-08-18T21:15:24.523978,45.78,66.1,100.0,0.0,100.0,73.9,Medium,2
2025-08-18T21:15:24.581841,45.84,66.1,100.0,0.0,100.0,74.1,Medium,2
2025-08-18T21:15:24.636634,45.89,66.1,100.0,0.0,100.0,74.3,Medium,2
2025-08-18T21:15:24.683330,45.94,66.2,100.0,0.0,100.0,74.4,Medium,2
2025-08-18T21:15:24.750895,46.0,66.2,100.0,0.0,100.0,74.4,Medium,2
2025-08-18T21:15:24.811246,46.06,66.2,100.0,0.0,100.0,74.5,Medium,2
2025-08-18T21:15:24.859442,46.11,66.2,100.0,0.0,100.0,74.5,Medium,2
2025-08-18T21:15:24.905235,46.16,66.2,100.0,0.0,100.0,74.6,Medium,2
2025-08-18T21:15:24.951507,46.2,66.2,100.0,0.0,100.0,74.8,Medium,2
2025-08-18T21:15:24.996832,46.25,66.2,100.0,0.0,100.0,74.9,Medium,2
2025-08-18T21:15:25.046255,46.3,66.3,100.0,0.0,100.0,75.1,Medium,2
2025-08-18T21:15:25.098692,46.36,66.4,100.0,0.0,100.0,75.8,Medium,2
2025-08-18T21:15:25.141891,46.39,66.5,100.0,0.0,100.0,76.6,Medium,2
2025-08-18T21:15:25.198458,46.45,66.6,100.0,0.0,100.0,77.5,Medium,2
2025-08-18T21:15:25.246488,46.5,66.8,100.0,0.0,100.0,78.4,Medium,2
2025-08-18T21:15:25.297449,46.55,66.8,100.0,0.0,100.0,79.0,Medium,2
2025-08-18T21:15:25.351471,46.61,66.9,100.0,0.0,100.0,79.6,Medium,2
2025-08-18T21:15:25.427424,46.69,67.0,100.0,0.0,100.0,80.2,Medium,2
2025-08-18T21:15:25.495491,46.75,67.1,100.0,0.0,100.0,80.7,Medium,2
2025-08-18T21:15:25.559612,46.81,67.2,100.0,0.0,100.0,81.1,Medium,2
2025-08-18T21:15:25.624125,46.88,67.2,100.0,0.0,100.0,81.2,Medium,2
2025-08-18T21:15:25.671745,46.92,67.2,100.0,0.0,100.0,81.4,Medium,2
2025-08-18T21:15:25.755904,47.02,67.2,100.0,0.0,100.0,81.3,Medium,2
2025-08-18T21:15:25.812489,47.06,67.2,100.0,0.0,100.0,81.0,Medium,2
2025-08-18T21:15:25.916414,47.17,67.1,100.0,0.0,100.0,80.7,Medium,2
2025-08-18T21:15:25.965871,47.22,67.1,100.0,0.0,100.0,80.4,Medium,2
2025-08-18T21:15:26.068436,47.33,66.9,100.0,0.0,100.0,79.2,Medium,2
2025-08-18T21:15:26.484394,47.69,66.8,100.0,0.0,100.0,78.3,Medium,2
2025-08-18T21:15:26.661066,47.89,66.7,100.0,0.0,100.0,77.7,Medium,2
2025-08-18T21:15:26.795190,48.05,66.6,100.0,0.0,100.0,77.1,Medium,2
2025-08-18T21:15:26.984367,48.23,66.5,100.0,0.0,100.0,76.9,Medium,2
2025-08-18T21:15:27.091792,48.34,66.6,100.0,0.0,100.0,77.4,Medium,2
2025-08-18T21:15:27.170708,48.42,66.7,100.0,0.0,100.0,78.1,Medium,2
2025-08-18T21:15:27.265257,48.52,66.9,100.0,0.0,100.0,79.0,Medium,2
2025-08-18T21:15:27.349067,48.59,67.0,100.0,0.0,100.0,79.7,Medium,2
2025-08-18T21:15:27.438494,48.69,67.1,100.0,0.0,100.0,80.6,Medium,2
2025-08-18T21:15:27.576044,48.83,67.2,100.0,0.0,100.0,81.2,Medium,2
2025-08-18T21:15:27.658938,48.91,67.2,100.0,0.0,100.0,81.5,Medium,2
2025-08-18T21:15:27.780802,49.03,67.2,100.0,0.0,100.0,81.7,Medium,2
2025-08-18T21:15:27.895775,49.16,67.2,100.0,0.0,100.0,81.5,Medium,2
2025-08-18T21:15:27.995676,49.25,67.2,100.0,0.0,100.0,81.3,Medium,2
2025-08-18T21:15:28.072453,49.33,67.2,100.0,0.0,100.0,81.2,Medium,2
2025-08-18T21:15:28.130836,49.39,67.2,100.0,0.0,100.0,81.2,Medium,2
2025-08-18T21:15:28.209348,49.45,67.2,100.0,0.0,100.0,81.3,Medium,2
2025-08-18T21:15:28.271530,49.53,67.2,100.0,0.0,100.0,81.2,Medium,2
2025-08-18T21:15:28.355036,49.59,67.2,100.0,0.0,100.0,81.1,Medium,2
2025-08-18T21:15:28.586963,49.83,67.2,100.0,0.0,100.0,81.2,Medium,2
2025-08-18T21:15:29.028894,50.23,67.1,100.0,0.0,100.0,80.8,Medium,2
2025-08-18T21:15:29.545575,50.8,67.1,100.0,0.0,100.0,80.4,Medium,2
2025-08-18T21:15:29.703516,50.95,67.0,100.0,0.0,100.0,80.1,Medium,2
2025-08-18T21:15:29.812500,51.06,67.1,100.0,0.0,100.0,80.6,Medium,2
2025-08-18T21:15:30.092025,51.34,67.2,100.0,0.0,100.0,81.5,Medium,2
2025-08-18T21:15:30.226049,51.48,67.3,100.0,0.0,100.0,82.0,Medium,2
2025-08-18T21:15:30.348963,51.61,67.3,100.0,0.0,100.0,82.3,Medium,2
2025-08-18T21:15:30.668452,51.92,67.3,100.0,0.0,100.0,82.2,Medium,2
2025-08-18T21:15:30.784186,52.05,67.3,100.0,0.0,100.0,82.0,Medium,2
2025-08-18T21:15:30.901442,52.16,67.2,100.0,0.0,100.0,81.5,Medium,2
2025-08-18T21:15:31.013340,52.27,67.2,100.0,0.0,100.0,81.3,Medium,2
2025-08-18T21:15:31.189475,52.44,67.1,100.0,0.0,100.0,80.6,Medium,2
2025-08-18T21:15:31.319589,52.58,67.1,100.0,0.0,100.0,80.4,Medium,2
2025-08-18T21:15:31.462228,52.72,66.9,100.0,0.0,100.0,79.2,Medium,2
2025-08-18T21:15:31.684298,52.94,66.3,100.0,0.0,100.0,75.6,Medium,2
2025-08-18T21:15:31.835644,53.09,64.9,100.0,0.0,100.0,66.2,Medium,4
2025-08-18T21:15:31.961396,53.22,63.2,99.5,0.0,100.0,55.5,Medium,5
2025-08-18T21:15:32.167737,53.41,60.6,100.0,0.0,93.0,46.5,Medium,6
2025-08-18T21:15:32.261439,53.52,58.8,100.0,0.0,83.6,47.0,High,6
2025-08-18T21:15:32.423536,53.69,57.9,100.0,0.0,78.3,48.6,High,6
2025-08-18T21:15:32.514238,53.77,57.4,100.0,0.0,73.6,51.1,High,6
2025-08-18T21:15:32.598887,53.86,55.8,100.0,0.0,61.3,56.7,High,6
2025-08-18T21:15:32.700082,53.95,53.9,100.0,0.0,49.2,60.5,High,6
2025-08-18T21:15:32.807269,54.06,51.0,96.8,0.0,50.3,46.8,High,7
2025-08-18T21:15:32.960309,54.2,49.3,92.6,0.0,55.2,38.7,High,7
2025-08-18T21:15:33.199424,54.45,49.0,90.3,0.0,63.5,31.5,High,7
2025-08-18T21:15:33.370715,54.61,48.7,88.1,0.0,70.5,24.9,High,7
2025-08-18T21:15:33.575314,54.83,48.9,87.3,0.0,77.1,19.2,High,8
2025-08-18T21:15:33.720142,54.98,49.3,86.2,0.0,82.6,17.6,High,8
2025-08-18T21:15:33.851558,55.11,50.4,87.3,0.0,86.9,16.4,High,8
2025-08-18T21:15:34.007720,55.25,51.8,89.8,0.0,88.8,17.3,High,7
2025-08-18T21:15:34.171948,55.42,52.6,91.6,0.0,89.6,17.6,High,7
2025-08-18T21:15:34.323829,55.58,54.5,94.6,0.0,90.5,21.9,High,7
2025-08-18T21:15:34.445516,55.7,56.9,97.7,0.0,92.1,28.4,High,7
2025-08-18T21:15:34.682834,55.94,60.1,100.0,0.0,95.2,40.4,Medium,6
2025-08-18T21:15:34.813898,56.06,63.1,100.0,0.0,99.6,54.4,Medium,6
2025-08-18T21:15:34.899161,56.16,64.9,100.0,0.0,100.0,66.0,Medium,4
2025-08-18T21:15:34.994447,56.25,66.5,100.0,0.0,100.0,76.5,Medium,2
2025-08-18T21:15:35.144154,56.41,67.6,100.0,0.0,100.0,83.7,Medium,2
2025-08-18T21:15:35.310095,56.56,68.7,100.0,0.0,100.0,91.5,Medium,2
2025-08-18T21:15:35.416352,56.67,68.9,100.0,0.0,100.0,92.4,Medium,2
2025-08-18T21:15:35.476676,56.73,68.8,100.0,0.0,100.0,92.1,Medium,2
2025-08-18T21:15:35.520702,56.78,68.8,100.0,0.0,100.0,92.1,Medium,2
2025-08-18T21:15:35.568607,56.83,68.8,100.0,0.0,100.0,92.1,Medium,2
2025-08-18T21:15:35.616652,56.88,68.9,100.0,0.0,100.0,92.5,Medium,2
2025-08-18T21:15:35.713783,56.97,68.9,100.0,0.0,100.0,92.7,Medium,2
2025-08-18T21:15:35.769075,57.03,68.9,100.0,0.0,100.0,92.8,Medium,2
2025-08-18T21:15:35.820079,57.08,68.9,100.0,0.0,100.0,92.8,Medium,2
2025-08-18T21:15:35.868544,57.12,68.9,100.0,0.0,100.0,92.9,Medium,2
2025-08-18T21:15:35.917824,57.17,69.0,100.0,0.0,100.0,93.1,Medium,2
2025-08-18T21:15:35.998663,57.25,69.0,100.0,0.0,100.0,93.0,Medium,2
2025-08-18T21:15:36.058944,57.31,68.9,100.0,0.0,100.0,92.5,Medium,2
2025-08-18T21:15:36.110313,57.36,68.8,100.0,0.0,100.0,91.9,Medium,2
2025-08-18T21:15:36.166557,57.42,68.7,100.0,0.0,100.0,91.0,Medium,2
2025-08-18T21:15:36.268504,57.53,68.5,100.0,0.0,100.0,90.3,Medium,2
2025-08-18T21:15:36.336242,57.59,68.5,100.0,0.0,100.0,89.9,Medium,2
2025-08-18T21:15:36.390978,57.64,68.4,100.0,0.0,100.0,89.5,Medium,2
2025-08-18T21:15:36.485444,57.73,68.4,100.0,0.0,100.0,89.3,Medium,2
2025-08-18T21:15:36.536121,57.8,68.4,100.0,0.0,100.0,89.3,Medium,2
2025-08-18T21:15:36.597474,57.86,68.4,100.0,0.0,100.0,89.5,Medium,2
2025-08-18T21:15:36.683964,57.94,68.7,100.0,0.0,100.0,91.3,Medium,2
2025-08-18T21:15:36.806396,58.06,68.9,100.0,0.0,100.0,92.4,Medium,2
2025-08-18T21:15:36.890726,58.14,68.8,100.0,0.0,100.0,92.1,Medium,2
2025-08-18T21:15:36.983371,58.23,68.8,100.0,0.0,100.0,92.2,Medium,2
2025-08-18T21:15:37.052719,58.31,68.8,100.0,0.0,100.0,92.2,Medium,2
2025-08-18T21:15:37.144088,58.41,68.8,100.0,0.0,100.0,91.9,Medium,2
2025-08-18T21:15:37.214562,58.47,68.7,100.0,0.0,100.0,91.5,Medium,2
2025-08-18T21:15:37.316862,58.58,68.7,100.0,0.0,100.0,91.0,Medium,2
2025-08-18T21:15:37.408439,58.67,68.5,100.0,0.0,100.0,90.0,Medium,2
2025-08-18T21:15:37.454322,58.72,68.3,100.0,0.0,100.0,88.4,Medium,2
2025-08-18T21:15:37.503719,58.77,68.2,100.0,0.0,100.0,88.2,Medium,2
2025-08-18T21:15:37.556008,58.81,68.3,100.0,0.0,100.0,88.5,Medium,2
2025-08-18T21:15:37.613622,58.88,68.3,100.0,0.0,100.0,88.5,Medium,2
2025-08-18T21:15:37.661528,58.92,67.7,100.0,0.0,100.0,84.6,Medium,2
2025-08-18T21:15:37.736705,59.0,67.0,100.0,0.0,100.0,79.8,Medium,2
2025-08-18T21:15:37.787500,59.05,66.0,100.0,0.0,100.0,73.6,Medium,2
2025-08-18T21:15:37.838425,59.09,64.8,100.0,0.0,100.0,65.3,Medium,4
2025-08-18T21:15:37.892902,59.16,62.7,100.0,0.0,97.1,54.9,Medium,6
2025-08-18T21:15:37.993961,59.25,58.9,100.0,0.0,89.3,40.0,High,6
2025-08-18T21:15:38.041516,59.3,52.9,100.0,0.0,76.4,17.8,High,6
2025-08-18T21:15:38.096921,59.36,47.8,100.0,0.0,64.1,0,High,6
2025-08-18T21:15:38.153083,59.41,45.6,100.0,0.0,52.8,0,High,6
2025-08-18T21:15:38.199170,59.45,45.0,100.0,0.0,50.0,0,High,6
2025-08-18T21:15:38.248451,59.5,45.0,100.0,0.0,50.0,0,High,6
2025-08-18T21:15:38.300041,59.56,45.0,100.0,0.0,50.0,0,High,6
2025-08-18T21:15:38.359012,59.61,45.0,100.0,0.0,50.0,0,High,6
2025-08-18T21:15:38.414645,59.67,45.0,100.0,0.0,50.0,0,High,6
2025-08-18T21:15:38.481643,59.73,45.0,100.0,0.0,50.0,0,High,6
2025-08-18T21:15:38.533476,59.8,45.0,100.0,0.0,50.0,0,High,6
2025-08-18T21:15:38.582361,59.84,45.0,100.0,0.0,50.0,0,High,6
2025-08-18T21:15:38.645192,59.91,45.0,100.0,0.0,50.0,0,High,6
2025-08-18T21:15:38.708711,59.97,45.0,100.0,0.0,50.0,0,High,6
2025-08-18T21:15:38.781048,60.03,45.0,100.0,0.0,50.0,0,High,6
2025-08-18T21:15:38.871753,60.12,45.0,100.0,0.0,50.0,0,High,6
2025-08-18T21:15:38.929658,60.19,45.6,100.0,0.0,52.8,0,High,6
2025-08-18T21:15:38.983567,60.23,48.9,100.0,0.0,62.2,9.5,High,6
2025-08-18T21:15:39.041741,60.3,53.0,100.0,0.0,69.6,27.0,High,6
2025-08-18T21:15:39.100929,60.36,57.2,100.0,0.0,76.0,46.6,High,6
2025-08-18T21:15:39.190161,60.45,60.3,100.0,0.0,77.3,65.4,Medium,6
2025-08-18T21:15:39.239882,60.5,62.9,100.0,0.0,73.0,88.7,Medium,4
2025-08-18T21:15:39.299623,60.56,60.0,100.0,0.0,68.9,74.9,Medium,4
2025-08-18T21:15:39.344733,60.59,57.5,100.0,0.0,64.8,63.6,High,6
2025-08-18T21:15:39.405653,60.66,54.0,100.0,0.0,58.5,48.6,High,6
2025-08-18T21:15:39.477955,60.73,50.9,100.0,0.0,53.0,35.2,High,6
2025-08-18T21:15:39.532323,60.78,47.9,100.0,0.0,47.4,22.8,High,6
2025-08-18T21:15:39.606684,60.86,46.3,100.0,0.0,47.0,12.6,High,6
2025-08-18T21:15:39.666119,60.92,44.7,100.0,0.0,47.3,1.3,High,6
2025-08-18T21:15:39.729597,60.98,44.5,100.0,0.0,47.5,0,High,6
2025-08-18T21:15:39.832323,61.09,44.4,100.0,0.0,47.2,0,High,6
2025-08-18T21:15:39.882440,61.14,44.3,100.0,0.0,46.7,0,High,6
2025-08-18T21:15:39.937011,61.19,44.2,100.0,0.0,46.0,0,High,6
2025-08-18T21:15:39.988445,61.25,44.1,100.0,0.0,45.3,0,High,6
2025-08-18T21:15:40.056499,61.31,43.9,100.0,0.0,44.5,0,High,6
2025-08-18T21:15:40.115160,61.38,43.7,100.0,0.0,43.3,0,High,6
2025-08-18T21:15:40.176118,61.44,43.4,100.0,0.0,42.2,0,High,6
2025-08-18T21:15:40.274079,61.53,43.6,100.0,0.0,41.6,1.7,High,6
2025-08-18T21:15:40.320326,61.58,45.5,100.0,0.0,41.6,14.3,High,6
2025-08-18T21:15:40.413256,61.67,49.8,100.0,0.0,51.1,30.3,High,6
2025-08-18T21:15:40.480745,61.73,55.0,100.0,0.0,66.1,45.0,High,6
2025-08-18T21:15:40.541316,61.8,59.6,100.0,0.0,80.1,57.2,High,6
2025-08-18T21:15:40.600066,61.86,62.9,100.0,0.0,89.3,66.6,Medium,6
2025-08-18T21:15:40.712757,61.97,65.5,100.0,0.0,97.1,73.6,Medium,4
2025-08-18T21:15:40.762146,62.02,66.9,100.0,0.0,100.0,79.6,Medium,2
2025-08-18T21:15:40.809484,62.06,67.2,100.0,0.0,100.0,81.4,Medium,2
2025-08-18T21:15:40.859594,62.11,67.1,100.0,0.0,100.0,81.0,Medium,2
2025-08-18T21:15:40.907069,62.16,67.2,100.0,0.0,100.0,81.0,Medium,2
2025-08-18T21:15:40.965247,62.22,67.2,100.0,0.0,100.0,81.3,Medium,2
2025-08-18T21:15:41.012726,62.27,67.2,100.0,0.0,100.0,81.2,Medium,2
2025-08-18T21:15:41.072462,62.33,67.4,100.0,0.0,100.0,83.0,Medium,2
2025-08-18T21:15:41.129730,62.39,67.8,100.0,0.0,100.0,85.1,Medium,2
2025-08-18T21:15:41.179045,62.44,68.0,100.0,0.0,100.0,86.5,Medium,2
2025-08-18T21:15:41.248350,62.5,68.1,100.0,0.0,100.0,87.0,Medium,2
2025-08-18T21:15:41.338437,62.59,68.2,100.0,0.0,100.0,88.2,Medium,2
2025-08-18T21:15:41.399236,62.66,68.4,100.0,0.0,100.0,89.2,Medium,2
2025-08-18T21:15:41.463513,62.72,68.5,100.0,0.0,100.0,89.9,Medium,2
2025-08-18T21:15:41.525459,62.78,68.5,100.0,0.0,100.0,90.3,Medium,2
2025-08-18T21:15:41.572541,62.83,68.8,100.0,0.0,100.0,92.0,Medium,2
2025-08-18T21:15:41.616677,62.88,69.3,100.0,0.0,100.0,95.5,Medium,2
2025-08-18T21:15:41.668626,62.92,69.5,100.0,0.0,100.0,97.0,Medium,2
2025-08-18T21:15:41.722309,62.98,68.9,100.0,0.0,100.0,92.7,Medium,2
2025-08-18T21:15:41.771405,63.03,68.6,100.0,0.0,100.0,90.6,Medium,2
2025-08-18T21:15:41.825646,63.08,68.0,100.0,0.0,100.0,86.8,Medium,2
2025-08-18T21:15:41.880837,63.14,67.1,100.0,0.0,100.0,80.9,Medium,2
2025-08-18T21:15:41.926425,63.19,66.5,100.0,0.0,100.0,76.7,Medium,2
2025-08-18T21:15:41.970206,63.22,65.8,100.0,0.0,100.0,72.2,Medium,2
2025-08-18T21:15:42.016705,63.27,65.3,100.0,0.0,100.0,68.7,Medium,4
2025-08-18T21:15:42.065083,63.33,64.8,100.0,0.0,99.2,66.5,Medium,6
2025-08-18T21:15:42.114650,63.38,64.1,100.0,0.0,96.9,64.8,Medium,6
2025-08-18T21:15:42.159620,63.42,63.6,100.0,0.0,94.6,64.7,Medium,6
2025-08-18T21:15:42.208664,63.47,63.3,100.0,0.0,92.4,65.4,Medium,6
2025-08-18T21:15:42.251386,63.52,63.0,100.0,0.0,90.6,65.7,Medium,6
2025-08-18T21:15:42.299788,63.56,62.7,100.0,0.0,89.2,65.5,Medium,6
2025-08-18T21:15:42.359324,63.61,62.5,100.0,0.0,88.3,65.5,Medium,6
2025-08-18T21:15:42.404580,63.66,62.4,100.0,0.0,87.8,65.4,Medium,6
2025-08-18T21:15:42.455875,63.72,62.3,100.0,0.0,87.4,65.3,Medium,6
2025-08-18T21:15:42.506448,63.77,62.3,100.0,0.0,87.3,65.6,Medium,6
2025-08-18T21:15:42.551149,63.81,62.3,100.0,0.0,87.2,65.9,Medium,6
2025-08-18T21:15:42.598748,63.86,62.4,100.0,0.0,87.2,66.5,Medium,6
2025-08-18T21:15:42.648892,63.91,62.4,100.0,0.0,87.3,66.3,Medium,6
2025-08-18T21:15:42.704353,63.95,62.4,100.0,0.0,87.4,65.9,Medium,6
2025-08-18T21:15:42.753555,64.02,62.3,100.0,0.0,87.5,65.5,Medium,6
2025-08-18T21:15:42.798432,64.06,62.3,100.0,0.0,87.6,65.3,Medium,6
2025-08-18T21:15:42.914819,64.17,62.3,100.0,0.0,87.8,65.1,Medium,6
2025-08-18T21:15:42.963188,64.22,62.3,100.0,0.0,87.9,64.9,Medium,6
2025-08-18T21:15:43.010574,64.27,62.2,100.0,0.0,88.1,63.8,Medium,6
2025-08-18T21:15:43.059300,64.31,62.0,100.0,0.0,88.3,62.4,Medium,6
2025-08-18T21:15:43.122447,64.38,61.8,100.0,0.0,88.4,60.8,Medium,6
2025-08-18T21:15:43.184534,64.44,61.6,100.0,0.0,88.5,59.2,Medium,6
2025-08-18T21:15:43.245627,64.5,61.5,100.0,0.0,88.7,58.2,Medium,6
2025-08-18T21:15:43.296438,64.55,61.4,100.0,0.0,88.8,57.9,Medium,6
2025-08-18T21:15:43.344736,64.59,61.5,100.0,0.0,88.7,58.5,Medium,6
2025-08-18T21:15:43.392942,64.66,61.6,100.0,0.0,88.9,58.8,Medium,6
2025-08-18T21:15:43.460307,64.72,61.9,100.0,0.0,89.5,59.9,Medium,6
2025-08-18T21:15:43.522415,64.78,62.2,100.0,0.0,90.2,61.1,Medium,6
2025-08-18T21:15:43.609611,64.86,62.6,100.0,0.0,91.1,62.6,Medium,6
2025-08-18T21:15:43.655941,64.91,63.4,100.0,0.0,93.4,64.7,Medium,6
2025-08-18T21:15:43.706189,64.97,64.1,100.0,0.0,95.6,66.5,Medium,6
2025-08-18T21:15:43.789156,65.05,64.7,100.0,0.0,97.5,68.1,Medium,6
2025-08-18T21:15:43.869543,65.12,65.2,100.0,0.0,99.8,68.6,Medium,6
2025-08-18T21:15:43.954498,65.2,65.3,100.0,0.0,100.0,68.8,Medium,4
2025-08-18T21:15:44.050487,65.31,65.0,100.0,0.0,100.0,66.8,Medium,4
2025-08-18T21:15:44.104447,65.36,64.9,100.0,0.0,100.0,65.9,Medium,4
2025-08-18T21:15:44.157398,65.41,64.8,100.0,0.0,100.0,65.4,Medium,4
2025-08-18T21:15:44.233221,65.48,64.5,100.0,0.0,100.0,63.2,Medium,4
2025-08-18T21:15:44.299063,65.56,64.3,100.0,0.0,100.0,62.1,Medium,5
2025-08-18T21:15:44.356551,65.61,64.2,99.9,0.0,100.0,61.8,Medium,5
2025-08-18T21:15:44.458844,65.72,64.5,100.0,0.0,100.0,63.0,Medium,4
2025-08-18T21:15:44.507153,65.77,64.7,100.0,0.0,100.0,64.4,Medium,4
2025-08-18T21:15:44.550760,65.81,65.0,100.0,0.0,100.0,66.9,Medium,4
2025-08-18T21:15:44.605817,65.86,65.3,100.0,0.0,100.0,68.7,Medium,4
2025-08-18T21:15:44.672091,65.92,65.6,100.0,0.0,100.0,70.4,Medium,2
2025-08-18T21:15:44.779412,66.03,65.8,100.0,0.0,100.0,71.8,Medium,2
2025-08-18T21:15:44.828208,66.08,65.9,100.0,0.0,100.0,72.5,Medium,2
2025-08-18T21:15:44.919026,66.17,65.8,100.0,0.0,100.0,72.1,Medium,2
2025-08-18T21:15:44.998732,66.25,65.8,100.0,0.0,100.0,71.8,Medium,2
2025-08-18T21:15:45.082726,66.34,65.6,100.0,0.0,100.0,70.5,Medium,2
2025-08-18T21:15:45.130881,66.39,64.8,100.0,0.0,100.0,65.2,Medium,4
2025-08-18T21:15:45.241206,66.5,62.2,96.1,0.0,100.0,57.3,Medium,5
2025-08-18T21:15:45.316109,66.58,59.7,91.7,0.0,100.0,50.8,High,5
2025-08-18T21:15:45.401404,66.66,56.1,82.3,0.0,100.0,48.5,High,6
2025-08-18T21:15:45.469095,66.72,51.0,67.4,0.0,100.0,49.1,High,6
2025-08-18T21:15:45.522036,66.78,47.0,60.5,0.0,100.0,38.9,High,6
2025-08-18T21:15:45.606279,66.86,44.6,55.4,0.0,100.0,34.7,High,7
2025-08-18T21:15:45.698738,66.95,43.3,55.7,0.0,100.0,25.3,High,7
2025-08-18T21:15:45.779030,67.03,43.5,58.9,0.0,100.0,19.2,High,7
2025-08-18T21:15:45.839311,67.09,47.1,61.1,19.0,100.0,0,High,7
2025-08-18T21:15:45.894677,67.16,59.0,70.5,47.6,100.0,0,High,7
2025-08-18T21:15:45.976471,67.23,65.9,76.7,63.4,100.0,0,Medium,6
2025-08-18T21:15:46.037063,67.3,70.3,87.7,72.7,89.0,0,Medium,7
2025-08-18T21:15:46.083194,67.34,68.9,96.9,64.6,78.2,0,Medium,7
2025-08-18T21:15:46.141447,67.39,65.4,100.0,59.1,63.5,0,Medium,5
2025-08-18T21:15:46.188780,67.44,64.2,89.8,73.4,53.6,0,Medium,6
2025-08-18T21:15:46.232999,67.48,67.9,91.9,82.5,55.1,0,Medium,6
2025-08-18T21:15:46.294965,67.55,64.0,91.0,63.9,64.8,0,Medium,7
2025-08-18T21:15:46.345637,67.61,68.5,89.4,64.5,73.7,21.1,Medium,7
2025-08-18T21:15:46.393718,67.66,78.7,89.0,63.7,81.1,81.1,Medium,4
2025-08-18T21:15:46.455611,67.72,78.8,91.9,57.7,88.1,78.4,Medium,4
2025-08-18T21:15:46.499984,67.75,76.6,92.8,45.4,92.9,79.7,Medium,5
2025-08-18T21:15:46.544245,67.8,71.8,93.2,34.4,98.8,60.8,Medium,7
2025-08-18T21:15:46.595277,67.86,65.0,89.8,24.1,99.6,42.8,Medium,7
2025-08-18T21:15:46.646841,67.91,60.7,86.1,17.6,100.0,35.6,Medium,6
2025-08-18T21:15:46.696768,67.95,68.7,81.5,43.9,100.0,46.7,Medium,6
2025-08-18T21:15:46.762751,68.02,71.0,80.8,52.1,100.0,47.1,Medium,5
2025-08-18T21:15:46.805770,68.06,66.9,78.4,48.9,100.0,32.3,Medium,6
2025-08-18T21:15:46.860903,68.12,56.5,77.4,33.7,96.7,0,High,8
2025-08-18T21:15:46.921392,68.17,52.8,73.2,29.6,91.6,0,High,9
2025-08-18T21:15:46.978633,68.23,48.6,69.3,23.6,86.3,0,High,9
2025-08-18T21:15:47.037367,68.3,46.5,66.1,22.7,82.8,0,High,9
2025-08-18T21:15:47.083230,68.34,45.7,64.6,24.9,78.0,0,High,10
2025-08-18T21:15:47.146280,68.41,45.4,63.1,28.0,74.6,0,High,10
2025-08-18T21:15:47.201632,68.45,45.4,61.7,31.6,71.8,0,High,10
2025-08-18T21:15:47.250915,68.5,45.0,60.6,32.7,70.1,0,High,10
2025-08-18T21:15:47.303759,68.56,44.0,60.8,31.9,65.8,0,High,10
2025-08-18T21:15:47.400330,68.66,42.9,62.7,26.9,64.5,0,High,10
2025-08-18T21:15:47.468646,68.72,43.4,65.5,26.4,62.8,0,High,10
2025-08-18T21:15:47.521027,68.78,41.2,67.1,21.2,56.6,0,High,10
2025-08-18T21:15:47.580046,68.83,38.8,68.4,15.5,51.0,0,High,10
2025-08-18T21:15:47.643459,68.91,36.0,70.4,4.4,50.0,0,High,10
2025-08-18T21:15:47.693188,68.95,35.1,71.7,0.0,50.0,0,High,9
2025-08-18T21:15:47.752385,69.0,35.8,73.8,0.0,50.0,0,High,9
2025-08-18T21:15:47.802842,69.06,36.5,75.7,0.0,50.0,0,High,9
2025-08-18T21:15:47.856331,69.11,37.1,77.5,0.0,50.0,0,High,9
2025-08-18T21:15:47.928009,69.19,38.0,80.0,0.0,50.0,0,High,9
2025-08-18T21:15:47.991843,69.25,39.9,85.4,0.0,50.0,0,High,8
2025-08-18T21:15:48.048982,69.31,41.1,88.7,0.0,50.0,0,High,7
2025-08-18T21:15:48.100335,69.36,42.1,91.7,0.0,50.0,0,High,7
2025-08-18T21:15:48.150749,69.41,43.1,94.6,0.0,49.7,0,High,7
2025-08-18T21:15:48.213713,69.47,44.7,98.6,0.0,49.8,1.7,High,7
2025-08-18T21:15:48.266390,69.52,46.4,100.0,0.0,49.8,9.3,High,6
2025-08-18T21:15:48.317720,69.58,48.0,100.0,0.0,52.5,16.6,High,6
2025-08-18T21:15:48.372489,69.62,50.4,100.0,0.0,57.5,26.1,High,6
2025-08-18T21:15:48.424316,69.67,52.5,100.0,0.0,60.1,36.6,High,6
2025-08-18T21:15:48.485423,69.73,54.8,100.0,0.0,62.1,48.9,High,6
2025-08-18T21:15:48.539207,69.8,57.0,100.0,0.0,63.8,61.4,High,6
2025-08-18T21:15:48.590103,69.84,58.9,100.0,0.0,65.6,71.8,High,4
2025-08-18T21:15:48.648851,69.91,60.7,100.0,0.0,67.6,81.2,Medium,4
2025-08-18T21:15:48.701504,69.95,59.3,100.0,0.0,68.0,71.4,High,4
2025-08-18T21:15:48.755195,70.02,59.8,100.0,0.0,72.2,69.4,High,6
2025-08-18T21:15:48.807821,70.06,60.9,100.0,0.0,76.8,70.2,Medium,4
2025-08-18T21:15:48.864036,70.12,62.1,100.0,0.0,81.6,72.1,Medium,4
2025-08-18T21:15:48.925774,70.19,62.6,100.0,0.0,84.3,71.8,Medium,4
2025-08-18T21:15:48.975843,70.23,63.2,100.0,0.0,86.8,72.5,Medium,4
2025-08-18T21:15:49.021591,70.28,64.2,100.0,0.0,89.4,75.5,Medium,4
2025-08-18T21:15:49.067289,70.33,65.4,100.0,0.0,92.3,79.8,Medium,4
2025-08-18T21:15:49.120419,70.38,66.6,100.0,0.0,94.8,84.3,Medium,4
2025-08-18T21:15:49.164600,70.42,67.4,100.0,0.0,96.4,87.7,Medium,4
2025-08-18T21:15:49.209845,70.47,68.3,100.0,0.0,98.0,91.4,Medium,4
2025-08-18T21:15:49.259855,70.52,68.9,100.0,0.0,99.8,92.6,Medium,4
2025-08-18T21:15:49.310528,70.56,69.4,100.0,0.0,100.0,96.0,Medium,2
2025-08-18T21:15:49.356281,70.61,69.0,100.0,0.0,100.0,93.1,Medium,2
2025-08-18T21:15:49.402401,70.66,68.6,100.0,0.0,100.0,90.6,Medium,2
2025-08-18T21:15:49.451075,70.7,68.3,100.0,0.0,100.0,88.4,Medium,2
2025-08-18T21:15:49.495512,70.75,68.0,100.0,0.0,100.0,87.0,Medium,2
2025-08-18T21:15:49.584775,70.84,67.6,100.0,0.0,100.0,83.9,Medium,2
2025-08-18T21:15:49.672694,70.92,66.8,100.0,0.0,100.0,78.5,Medium,2
2025-08-18T21:15:49.717701,70.97,65.7,100.0,0.0,99.3,71.9,Medium,4
2025-08-18T21:15:49.781164,71.03,64.7,100.0,0.0,98.3,66.7,Medium,6
2025-08-18T21:15:49.835568,71.09,64.2,100.0,0.0,98.3,63.7,Medium,6
2025-08-18T21:15:49.887902,71.14,64.1,100.0,0.0,98.6,62.2,Medium,6
2025-08-18T21:15:49.945551,71.2,64.0,100.0,0.0,99.2,61.3,Medium,6
2025-08-18T21:15:49.994101,71.25,64.0,100.0,0.0,99.6,60.6,Medium,6
2025-08-18T21:15:50.040420,71.3,64.0,100.0,0.0,100.0,60.0,Medium,6
2025-08-18T21:15:50.088298,71.34,64.0,100.0,0.0,100.0,60.2,Medium,4
2025-08-18T21:15:50.141089,71.39,64.2,100.0,0.0,100.0,61.1,Medium,4
2025-08-18T21:15:50.192455,71.45,64.4,100.0,0.0,100.0,62.4,Medium,4
2025-08-18T21:15:50.248621,71.5,64.6,100.0,0.0,100.0,64.3,Medium,4
2025-08-18T21:15:50.299661,71.56,65.0,100.0,0.0,100.0,66.4,Medium,4
2025-08-18T21:15:50.347055,71.61,65.8,100.0,0.0,100.0,72.2,Medium,2
2025-08-18T21:15:50.401712,71.66,66.8,100.0,0.0,100.0,78.7,Medium,2
2025-08-18T21:15:50.460538,71.72,66.0,100.0,0.0,100.0,73.5,Medium,2
2025-08-18T21:15:50.506869,71.77,64.9,100.0,0.0,100.0,65.8,Medium,4
2025-08-18T21:15:50.554696,71.81,63.8,100.0,0.0,100.0,58.3,Medium,4
2025-08-18T21:15:50.608441,71.86,62.6,100.0,0.0,99.8,51.0,Medium,6
2025-08-18T21:15:50.661259,71.92,60.8,100.0,0.0,97.2,42.3,Medium,6
2025-08-18T21:15:50.730288,71.98,59.5,100.0,0.0,94.9,36.7,High,6
2025-08-18T21:15:50.800256,72.06,58.4,99.3,0.0,92.9,33.9,High,7
2025-08-18T21:15:50.850524,72.11,57.3,97.6,0.0,91.0,32.9,High,7
2025-08-18T21:15:50.900614,72.16,56.5,96.2,0.0,89.5,33.0,High,7
2025-08-18T21:15:50.954855,72.2,56.2,95.6,0.0,88.5,33.8,High,7
2025-08-18T21:15:51.012128,72.27,56.2,95.3,0.0,87.9,35.0,High,7
2025-08-18T21:15:51.071330,72.33,56.1,94.9,0.0,87.5,35.5,High,7
2025-08-18T21:15:51.118889,72.38,55.8,94.5,0.0,87.1,35.4,High,7
2025-08-18T21:15:51.165509,72.42,55.7,94.2,0.0,86.8,35.5,High,7
2025-08-18T21:15:51.228927,72.48,55.7,94.3,0.0,86.4,35.7,High,7
2025-08-18T21:15:51.279837,72.53,55.6,94.4,0.0,86.2,35.5,High,7
2025-08-18T21:15:51.342823,72.59,55.6,94.4,0.0,86.0,35.6,High,7
2025-08-18T21:15:51.390137,72.64,55.6,94.5,0.0,86.0,35.4,High,7
2025-08-18T21:15:51.454720,72.7,55.6,94.5,0.0,86.1,35.1,High,7
2025-08-18T21:15:51.515886,72.77,55.6,94.6,0.0,86.3,34.6,High,7
2025-08-18T21:15:51.567379,72.83,55.6,94.7,0.0,86.4,34.4,High,7
2025-08-18T21:15:51.623027,72.88,56.3,96.1,0.0,87.3,34.7,High,7
2025-08-18T21:15:51.680619,72.94,57.1,97.8,0.0,88.4,34.7,High,7
2025-08-18T21:15:51.793792,73.05,57.8,99.2,0.0,89.6,34.3,High,7
2025-08-18T21:15:51.865728,73.12,58.9,100.0,0.0,91.6,37.0,High,6
2025-08-18T21:15:51.946728,73.2,59.7,100.0,0.0,93.6,39.6,High,6
2025-08-18T21:15:52.002543,73.27,60.8,100.0,0.0,95.9,43.9,Medium,6
2025-08-18T21:15:52.047783,73.3,61.9,100.0,0.0,97.7,48.8,Medium,6
2025-08-18T21:15:52.100831,73.36,62.8,100.0,0.0,99.3,52.8,Medium,6
2025-08-18T21:15:52.149490,73.41,63.5,100.0,0.0,100.0,56.6,Medium,4
2025-08-18T21:15:52.193631,73.45,63.9,100.0,0.0,100.0,59.4,Medium,4
2025-08-18T21:15:52.237306,73.5,64.2,100.0,0.0,100.0,61.6,Medium,4
2025-08-18T21:15:52.287843,73.55,64.5,100.0,0.0,100.0,63.5,Medium,4
2025-08-18T21:15:52.331264,73.59,64.8,100.0,0.0,100.0,65.6,Medium,4
2025-08-18T21:15:52.438673,73.69,65.1,100.0,0.0,100.0,67.3,Medium,4
2025-08-18T21:15:52.487654,73.75,65.3,100.0,0.0,100.0,68.9,Medium,4
2025-08-18T21:15:52.534278,73.8,65.5,100.0,0.0,100.0,69.9,Medium,4
2025-08-18T21:15:52.598023,73.86,65.4,100.0,0.0,100.0,69.4,Medium,4
2025-08-18T21:15:52.654206,73.91,65.2,100.0,0.0,100.0,68.3,Medium,4
2025-08-18T21:15:52.716595,73.97,64.9,100.0,0.0,100.0,66.2,Medium,4
2025-08-18T21:15:52.762710,74.02,64.5,100.0,0.0,100.0,63.7,Medium,4
2025-08-18T21:15:52.812231,74.06,64.2,100.0,0.0,100.0,61.5,Medium,4
2025-08-18T21:15:52.862736,74.12,63.9,100.0,0.0,100.0,59.6,Medium,4
2025-08-18T21:15:52.910317,74.17,63.7,100.0,0.0,100.0,57.9,Medium,4
2025-08-18T21:15:52.952384,74.2,63.5,100.0,0.0,100.0,56.6,Medium,4
2025-08-18T21:15:53.002375,74.25,63.3,100.0,0.0,100.0,55.5,Medium,4
2025-08-18T21:15:53.055594,74.31,63.2,100.0,0.0,100.0,54.6,Medium,4
2025-08-18T21:15:53.100926,74.36,63.1,100.0,0.0,100.0,54.3,Medium,4
2025-08-18T21:15:53.160314,74.42,63.2,100.0,0.0,100.0,54.4,Medium,4
2025-08-18T21:15:53.218795,74.47,63.2,100.0,0.0,100.0,54.4,Medium,4
2025-08-18T21:15:53.276437,74.53,63.2,100.0,0.0,100.0,54.4,Medium,4
2025-08-18T21:15:53.330141,74.58,63.2,100.0,0.0,100.0,54.4,Medium,4
2025-08-18T21:15:53.374305,74.62,63.2,100.0,0.0,100.0,54.4,Medium,4
2025-08-18T21:15:53.418880,74.67,63.2,100.0,0.0,100.0,54.5,Medium,4
2025-08-18T21:15:53.480860,74.73,63.2,100.0,0.0,100.0,54.7,Medium,4
2025-08-18T21:15:53.528928,74.78,63.2,100.0,0.0,100.0,54.7,Medium,4
2025-08-18T21:15:53.574161,74.83,63.2,100.0,0.0,100.0,54.9,Medium,4
2025-08-18T21:15:53.622276,74.88,63.3,100.0,0.0,100.0,55.5,Medium,4
2025-08-18T21:15:53.666089,74.92,63.4,100.0,0.0,100.0,56.2,Medium,4
2025-08-18T21:15:53.709932,74.97,63.5,100.0,0.0,100.0,56.9,Medium,4
2025-08-18T21:15:53.754963,75.02,63.6,100.0,0.0,100.0,57.6,Medium,4
2025-08-18T21:15:53.805066,75.06,63.7,100.0,0.0,100.0,58.1,Medium,4
2025-08-18T21:15:53.857277,75.11,63.8,100.0,0.0,100.0,58.8,Medium,4
2025-08-18T21:15:53.917371,75.17,63.9,100.0,0.0,100.0,59.6,Medium,4
2025-08-18T21:15:53.962480,75.22,64.1,100.0,0.0,100.0,60.5,Medium,4
2025-08-18T21:15:54.027325,75.28,64.2,100.0,0.0,100.0,61.3,Medium,4
2025-08-18T21:15:54.089111,75.34,64.3,100.0,0.0,100.0,62.1,Medium,4
2025-08-18T21:15:54.141732,75.39,64.4,100.0,0.0,100.0,62.7,Medium,4
2025-08-18T21:15:54.189190,75.45,64.5,100.0,0.0,100.0,63.0,Medium,4
2025-08-18T21:15:54.235138,75.48,64.5,100.0,0.0,100.0,63.3,Medium,4
2025-08-18T21:15:54.291510,75.55,64.5,100.0,0.0,100.0,63.5,Medium,4
2025-08-18T21:15:54.343204,75.59,64.6,100.0,0.0,100.0,63.7,Medium,4
2025-08-18T21:15:54.394032,75.66,64.6,100.0,0.0,100.0,63.8,Medium,4
2025-08-18T21:15:54.437224,75.69,64.6,100.0,0.0,100.0,64.1,Medium,4
2025-08-18T21:15:54.483515,75.73,64.7,100.0,0.0,100.0,64.5,Medium,4
2025-08-18T21:15:54.529147,75.78,64.7,100.0,0.0,100.0,64.8,Medium,4
2025-08-18T21:15:54.573908,75.83,64.7,100.0,0.0,100.0,64.9,Medium,4
2025-08-18T21:15:54.624507,75.88,64.7,100.0,0.0,100.0,65.0,Medium,4
2025-08-18T21:15:54.673948,75.94,64.7,100.0,0.0,100.0,64.9,Medium,4
2025-08-18T21:15:54.717764,75.97,64.6,100.0,0.0,100.0,64.0,Medium,4
2025-08-18T21:15:54.763357,76.02,64.3,100.0,0.0,100.0,62.2,Medium,4
2025-08-18T21:15:54.807625,76.06,64.1,100.0,0.0,100.0,60.6,Medium,4
2025-08-18T21:15:54.858943,76.11,64.0,100.0,0.0,100.0,59.7,Medium,4
2025-08-18T21:15:54.908032,76.17,63.7,100.0,0.0,100.0,58.2,Medium,4
2025-08-18T21:15:54.962821,76.22,63.5,100.0,0.0,100.0,56.9,Medium,4
2025-08-18T21:15:55.016800,76.27,63.5,100.0,0.0,100.0,56.9,Medium,4
2025-08-18T21:15:55.058652,76.31,63.6,100.0,0.0,100.0,57.2,Medium,4
2025-08-18T21:15:55.102591,76.36,63.6,100.0,0.0,100.0,57.1,Medium,4
2025-08-18T21:15:55.158710,76.41,63.6,100.0,0.0,100.0,57.6,Medium,4
2025-08-18T21:15:55.208948,76.47,64.1,100.0,0.0,100.0,61.0,Medium,4
2025-08-18T21:15:55.256524,76.52,65.0,100.0,0.0,100.0,66.6,Medium,4
2025-08-18T21:15:55.304253,76.56,65.7,100.0,0.0,100.0,71.5,Medium,2
2025-08-18T21:15:55.351331,76.61,66.2,100.0,0.0,100.0,74.8,Medium,2
2025-08-18T21:15:55.395469,76.66,66.6,100.0,0.0,100.0,77.1,Medium,2
2025-08-18T21:15:55.456766,76.72,66.7,100.0,0.0,100.0,78.3,Medium,2
2025-08-18T21:15:55.514680,76.77,66.9,100.0,0.0,100.0,79.2,Medium,2
2025-08-18T21:15:55.561496,76.81,67.1,100.0,0.0,100.0,80.5,Medium,2
2025-08-18T21:15:55.605418,76.86,67.2,100.0,0.0,100.0,81.3,Medium,2
2025-08-18T21:15:55.650239,76.91,67.2,100.0,0.0,100.0,81.5,Medium,2
2025-08-18T21:15:55.694335,76.95,67.2,100.0,0.0,100.0,81.6,Medium,2
2025-08-18T21:15:55.744580,77.0,67.3,100.0,0.0,100.0,81.8,Medium,2
2025-08-18T21:15:55.798137,77.05,67.3,100.0,0.0,100.0,81.8,Medium,2
2025-08-18T21:15:55.841296,77.09,67.3,100.0,0.0,100.0,81.8,Medium,2
2025-08-18T21:15:55.893864,77.16,67.3,100.0,0.0,100.0,81.8,Medium,2
2025-08-18T21:15:55.944460,77.2,67.2,100.0,0.0,100.0,81.6,Medium,2
2025-08-18T21:15:55.992583,77.25,67.2,100.0,0.0,100.0,81.0,Medium,2
2025-08-18T21:15:56.050737,77.31,67.1,100.0,0.0,100.0,80.7,Medium,2
2025-08-18T21:15:56.095997,77.36,67.1,100.0,0.0,100.0,80.4,Medium,2
2025-08-18T21:15:56.139317,77.39,67.1,100.0,0.0,100.0,80.4,Medium,2
2025-08-18T21:15:56.185801,77.44,67.1,100.0,0.0,100.0,80.5,Medium,2
2025-08-18T21:15:56.243642,77.5,67.1,100.0,0.0,100.0,80.7,Medium,2
2025-08-18T21:15:56.322036,77.58,67.1,100.0,0.0,100.0,80.9,Medium,2
2025-08-18T21:15:56.424073,77.69,67.2,100.0,0.0,100.0,81.6,Medium,2
2025-08-18T21:15:56.481938,77.73,67.3,100.0,0.0,100.0,82.3,Medium,2
2025-08-18T21:15:56.538276,77.8,67.5,100.0,0.0,100.0,83.0,Medium,2
2025-08-18T21:15:56.587856,77.84,67.5,100.0,0.0,100.0,83.6,Medium,2
2025-08-18T21:15:56.631500,77.89,67.6,100.0,0.0,100.0,83.8,Medium,2
2025-08-18T21:15:56.678043,77.94,67.6,100.0,0.0,100.0,83.8,Medium,2
2025-08-18T21:15:56.723095,77.98,67.5,100.0,0.0,100.0,83.4,Medium,2
2025-08-18T21:15:56.771287,78.03,67.5,100.0,0.0,100.0,83.4,Medium,2
2025-08-18T21:15:56.820279,78.08,67.4,100.0,0.0,100.0,82.6,Medium,2
2025-08-18T21:15:56.863316,78.12,67.3,100.0,0.0,100.0,81.9,Medium,2
2025-08-18T21:15:56.919752,78.17,67.2,100.0,0.0,100.0,81.6,Medium,2
2025-08-18T21:15:56.960469,78.22,67.2,100.0,0.0,100.0,81.5,Medium,2
2025-08-18T21:15:57.018432,78.28,67.2,100.0,0.0,100.0,81.0,Medium,2
2025-08-18T21:15:57.070818,78.33,67.1,100.0,0.0,100.0,80.6,Medium,2
2025-08-18T21:15:57.153191,78.41,67.1,100.0,0.0,100.0,80.4,Medium,2
2025-08-18T21:15:57.200862,78.45,67.1,100.0,0.0,100.0,80.4,Medium,2
2025-08-18T21:15:57.246452,78.5,67.1,100.0,0.0,100.0,80.4,Medium,2
2025-08-18T21:15:57.293931,78.55,67.1,100.0,0.0,100.0,80.4,Medium,2
2025-08-18T21:15:57.339462,78.59,67.0,100.0,0.0,100.0,80.3,Medium,2
2025-08-18T21:15:57.383136,78.64,67.0,100.0,0.0,100.0,80.2,Medium,2
2025-08-18T21:15:57.429023,78.69,67.1,100.0,0.0,100.0,80.3,Medium,2
2025-08-18T21:15:57.476892,78.73,67.1,100.0,0.0,100.0,80.4,Medium,2
2025-08-18T21:15:57.530523,78.78,67.1,100.0,0.0,100.0,80.5,Medium,2
2025-08-18T21:15:57.586464,78.84,67.1,100.0,0.0,100.0,80.3,Medium,2
2025-08-18T21:15:57.652814,78.91,67.0,100.0,0.0,100.0,80.3,Medium,2
2025-08-18T21:15:57.700649,78.95,67.1,100.0,0.0,100.0,80.5,Medium,2
2025-08-18T21:15:57.746240,79.0,67.1,100.0,0.0,100.0,80.6,Medium,2
2025-08-18T21:15:57.803291,79.06,67.1,100.0,0.0,100.0,80.8,Medium,2
2025-08-18T21:15:57.847956,79.11,67.1,100.0,0.0,100.0,80.9,Medium,2
2025-08-18T21:15:57.901738,79.16,67.1,100.0,0.0,100.0,80.9,Medium,2
2025-08-18T21:15:57.948793,79.2,67.2,100.0,0.0,100.0,81.1,Medium,2
2025-08-18T21:15:57.995547,79.25,67.2,100.0,0.0,100.0,81.2,Medium,2
2025-08-18T21:15:58.045006,79.3,67.2,100.0,0.0,100.0,81.3,Medium,2
2025-08-18T21:15:58.096859,79.36,67.2,100.0,0.0,100.0,81.2,Medium,2
2025-08-18T21:15:58.137568,79.39,67.2,100.0,0.0,100.0,81.2,Medium,2
2025-08-18T21:15:58.184283,79.44,67.2,100.0,0.0,100.0,81.2,Medium,2
2025-08-18T21:15:58.233834,79.48,67.2,100.0,0.0,100.0,81.0,Medium,2
2025-08-18T21:15:58.287883,79.55,67.2,100.0,0.0,100.0,81.1,Medium,2
2025-08-18T21:15:58.347694,79.61,67.1,100.0,0.0,100.0,80.8,Medium,2
2025-08-18T21:15:58.393687,79.66,67.1,100.0,0.0,100.0,80.5,Medium,2
2025-08-18T21:15:58.465790,79.72,67.0,100.0,0.0,100.0,80.3,Medium,2
2025-08-18T21:15:58.521615,79.78,67.0,100.0,0.0,100.0,80.3,Medium,2
2025-08-18T21:15:58.574568,79.83,67.1,100.0,0.0,100.0,80.4,Medium,2
2025-08-18T21:15:58.621012,79.88,67.1,100.0,0.0,100.0,80.5,Medium,2
2025-08-18T21:15:58.664152,79.92,67.1,100.0,0.0,100.0,80.6,Medium,2
2025-08-18T21:15:58.758024,80.02,67.2,100.0,0.0,100.0,81.1,Medium,2
2025-08-18T21:15:58.812654,80.06,67.3,100.0,0.0,100.0,81.7,Medium,2
2025-08-18T21:15:58.864038,80.12,67.3,100.0,0.0,100.0,82.2,Medium,2
2025-08-18T21:15:58.965317,80.22,67.4,100.0,0.0,100.0,82.8,Medium,2
2025-08-18T21:15:59.018686,80.28,67.6,100.0,0.0,100.0,83.8,Medium,2
2025-08-18T21:15:59.064934,80.33,67.7,100.0,0.0,100.0,84.5,Medium,2
2025-08-18T21:15:59.118169,80.38,67.7,100.0,0.0,100.0,84.9,Medium,2
2025-08-18T21:15:59.163846,80.42,67.8,100.0,0.0,100.0,85.0,Medium,2
2025-08-18T21:15:59.214394,80.47,67.8,100.0,0.0,100.0,85.2,Medium,2
2025-08-18T21:15:59.264270,80.52,67.8,100.0,0.0,100.0,85.4,Medium,2
2025-08-18T21:15:59.317247,80.58,67.8,100.0,0.0,100.0,85.5,Medium,2
2025-08-18T21:15:59.363430,80.62,67.8,100.0,0.0,100.0,85.6,Medium,2
2025-08-18T21:15:59.411375,80.67,67.8,100.0,0.0,100.0,85.5,Medium,2
2025-08-18T21:15:59.457099,80.72,67.8,100.0,0.0,100.0,85.4,Medium,2
2025-08-18T21:15:59.504520,80.77,67.8,100.0,0.0,100.0,85.4,Medium,2
2025-08-18T21:15:59.569114,80.83,67.8,100.0,0.0,100.0,85.2,Medium,2
2025-08-18T21:15:59.615537,80.88,67.8,100.0,0.0,100.0,85.3,Medium,2
2025-08-18T21:15:59.686117,80.94,67.8,100.0,0.0,100.0,85.3,Medium,2
2025-08-18T21:15:59.726802,80.98,67.7,100.0,0.0,100.0,84.8,Medium,2
2025-08-18T21:15:59.774442,81.03,67.7,100.0,0.0,100.0,84.6,Medium,2
2025-08-18T21:15:59.818340,81.08,67.7,100.0,0.0,100.0,84.4,Medium,2
2025-08-18T21:15:59.860938,81.11,67.7,100.0,0.0,100.0,84.7,Medium,2
2025-08-18T21:15:59.914721,81.17,67.7,100.0,0.0,100.0,84.6,Medium,2
2025-08-18T21:15:59.963418,81.22,67.7,100.0,0.0,100.0,84.5,Medium,2
2025-08-18T21:16:00.012458,81.27,67.7,100.0,0.0,100.0,84.4,Medium,2
2025-08-18T21:16:00.066005,81.33,67.6,100.0,0.0,100.0,84.2,Medium,2
2025-08-18T21:16:00.113702,81.38,67.5,100.0,0.0,100.0,83.6,Medium,2
2025-08-18T21:16:00.168728,81.42,67.4,100.0,0.0,100.0,82.9,Medium,2
2025-08-18T21:16:00.226751,81.48,67.4,100.0,0.0,100.0,82.5,Medium,2
2025-08-18T21:16:00.281600,81.53,67.3,100.0,0.0,100.0,82.1,Medium,2
2025-08-18T21:16:00.329224,81.59,67.2,100.0,0.0,100.0,81.6,Medium,2
2025-08-18T21:16:00.378240,81.64,67.2,100.0,0.0,100.0,81.2,Medium,2
2025-08-18T21:16:00.424417,81.69,67.2,100.0,0.0,100.0,81.1,Medium,2
2025-08-18T21:16:00.470072,81.72,67.1,100.0,0.0,100.0,80.9,Medium,2
2025-08-18T21:16:00.514351,81.77,67.1,100.0,0.0,100.0,80.9,Medium,2
2025-08-18T21:16:00.559372,81.81,67.2,100.0,0.0,100.0,81.1,Medium,2
2025-08-18T21:16:00.607963,81.86,67.2,100.0,0.0,100.0,81.1,Medium,2
2025-08-18T21:16:00.652793,81.91,67.2,100.0,0.0,100.0,81.0,Medium,2
2025-08-18T21:16:00.699310,81.95,67.2,100.0,0.0,100.0,81.3,Medium,2
2025-08-18T21:16:00.761764,82.02,67.2,100.0,0.0,100.0,81.5,Medium,2
2025-08-18T21:16:00.810023,82.06,67.3,100.0,0.0,100.0,81.7,Medium,2
2025-08-18T21:16:00.864883,82.12,67.2,100.0,0.0,100.0,81.7,Medium,2
2025-08-18T21:16:00.925809,82.19,67.2,100.0,0.0,100.0,81.7,Medium,2
2025-08-18T21:16:00.973145,82.23,67.2,100.0,0.0,100.0,81.5,Medium,2
2025-08-18T21:16:01.019421,82.28,67.2,100.0,0.0,100.0,81.5,Medium,2
2025-08-18T21:16:01.065919,82.33,67.3,100.0,0.0,100.0,81.7,Medium,2
2025-08-18T21:16:01.113112,82.38,67.3,100.0,0.0,100.0,81.9,Medium,2
2025-08-18T21:16:01.155516,82.41,67.3,100.0,0.0,100.0,82.1,Medium,2
2025-08-18T21:16:01.204907,82.45,67.3,100.0,0.0,100.0,82.2,Medium,2
2025-08-18T21:16:01.252193,82.52,67.4,100.0,0.0,100.0,82.4,Medium,2
2025-08-18T21:16:01.300208,82.56,67.4,100.0,0.0,100.0,82.6,Medium,2
2025-08-18T21:16:01.347945,82.61,67.4,100.0,0.0,100.0,82.8,Medium,2
2025-08-18T21:16:01.398271,82.66,67.5,100.0,0.0,100.0,83.2,Medium,2
2025-08-18T21:16:01.453374,82.7,67.6,100.0,0.0,100.0,83.8,Medium,2
2025-08-18T21:16:01.497446,82.75,67.7,100.0,0.0,100.0,84.5,Medium,2
2025-08-18T21:16:01.548534,82.8,67.8,100.0,0.0,100.0,85.3,Medium,2
2025-08-18T21:16:01.594898,82.84,67.9,100.0,0.0,100.0,86.0,Medium,2
2025-08-18T21:16:01.648248,82.91,67.9,100.0,0.0,100.0,86.2,Medium,2
2025-08-18T21:16:01.703089,82.95,68.0,100.0,0.0,100.0,86.6,Medium,2
2025-08-18T21:16:01.750540,83.0,68.0,100.0,0.0,100.0,86.6,Medium,2
2025-08-18T21:16:01.794840,83.05,68.0,100.0,0.0,100.0,86.5,Medium,2
2025-08-18T21:16:01.857271,83.11,67.9,100.0,0.0,100.0,86.3,Medium,2
2025-08-18T21:16:01.904539,83.16,67.9,100.0,0.0,100.0,86.1,Medium,2
2025-08-18T21:16:01.947884,83.2,67.9,100.0,0.0,100.0,85.8,Medium,2
2025-08-18T21:16:01.994991,83.25,67.8,100.0,0.0,100.0,85.4,Medium,2
2025-08-18T21:16:02.039032,83.3,67.7,100.0,0.0,100.0,84.8,Medium,2
2025-08-18T21:16:02.082751,83.34,67.6,100.0,0.0,100.0,84.2,Medium,2
2025-08-18T21:16:02.126054,83.38,67.6,100.0,0.0,100.0,83.9,Medium,2
2025-08-18T21:16:02.176456,83.44,67.6,100.0,0.0,100.0,83.7,Medium,2
2025-08-18T21:16:02.220081,83.48,67.5,100.0,0.0,100.0,83.6,Medium,2
2025-08-18T21:16:02.274418,83.53,67.5,100.0,0.0,100.0,83.6,Medium,2
2025-08-18T21:16:02.320079,83.58,67.6,100.0,0.0,100.0,83.8,Medium,2
2025-08-18T21:16:02.366242,83.62,67.6,100.0,0.0,100.0,84.1,Medium,2
2025-08-18T21:16:02.418249,83.67,67.7,100.0,0.0,100.0,84.4,Medium,2
2025-08-18T21:16:02.465480,83.72,67.7,100.0,0.0,100.0,84.5,Medium,2
2025-08-18T21:16:02.514805,83.77,67.6,100.0,0.0,100.0,84.3,Medium,2
2025-08-18T21:16:02.558982,83.81,67.6,100.0,0.0,100.0,84.3,Medium,2
2025-08-18T21:16:02.608055,83.86,67.6,100.0,0.0,100.0,84.3,Medium,2
2025-08-18T21:16:02.663736,83.92,67.7,100.0,0.0,100.0,84.4,Medium,2
2025-08-18T21:16:02.706530,83.97,67.7,100.0,0.0,100.0,84.5,Medium,2
2025-08-18T21:16:02.758129,84.02,67.6,100.0,0.0,100.0,83.8,Medium,2
2025-08-18T21:16:02.812803,84.06,67.4,100.0,0.0,100.0,82.9,Medium,2
2025-08-18T21:16:02.863825,84.12,67.4,100.0,0.0,100.0,82.5,Medium,2
2025-08-18T21:16:02.941622,84.2,67.5,100.0,0.0,100.0,83.4,Medium,2
2025-08-18T21:16:02.985957,84.25,67.7,100.0,0.0,100.0,84.5,Medium,2
2025-08-18T21:16:03.029761,84.28,67.9,100.0,0.0,100.0,86.1,Medium,2
2025-08-18T21:16:03.081875,84.34,67.9,100.0,0.0,100.0,85.9,Medium,2
2025-08-18T21:16:03.142869,84.41,67.9,100.0,0.0,100.0,86.1,Medium,2
2025-08-18T21:16:03.196150,84.45,68.0,100.0,0.0,100.0,86.8,Medium,2
2025-08-18T21:16:03.246154,84.5,67.8,100.0,0.0,100.0,85.5,Medium,2
2025-08-18T21:16:03.308567,84.56,67.5,100.0,0.0,100.0,83.5,Medium,2
2025-08-18T21:16:03.381037,84.64,67.3,100.0,0.0,100.0,82.1,Medium,2
2025-08-18T21:16:03.463321,84.72,67.0,100.0,0.0,100.0,79.7,Medium,2
2025-08-18T21:16:03.528226,84.78,66.4,100.0,0.0,100.0,76.1,Medium,2
2025-08-18T21:16:03.611481,84.88,66.2,100.0,0.0,100.0,75.0,Medium,2
2025-08-18T21:16:03.693130,84.95,65.9,100.0,0.0,100.0,72.4,Medium,2
2025-08-18T21:16:03.790255,85.05,65.6,100.0,0.0,100.0,70.4,Medium,2
2025-08-18T21:16:03.871374,85.12,65.1,100.0,0.0,100.0,67.6,Medium,4
2025-08-18T21:16:04.055188,85.31,64.9,100.0,0.0,100.0,66.2,Medium,4
2025-08-18T21:16:04.122981,85.38,65.7,100.0,0.0,100.0,71.3,Medium,2
2025-08-18T21:16:04.215173,85.47,66.4,100.0,0.0,100.0,76.2,Medium,2
2025-08-18T21:16:04.298011,85.56,67.1,100.0,0.0,100.0,80.9,Medium,2
2025-08-18T21:16:04.374272,85.62,68.0,100.0,0.0,100.0,86.8,Medium,2
2025-08-18T21:16:04.451729,85.7,67.9,100.0,0.0,100.0,85.9,Medium,2
2025-08-18T21:16:04.517648,85.77,66.8,100.0,0.0,100.0,78.9,Medium,2
2025-08-18T21:16:04.575868,85.83,66.0,100.0,0.0,100.0,73.3,Medium,2
2025-08-18T21:16:04.712374,85.97,65.5,100.0,0.0,100.0,70.1,Medium,2
2025-08-18T21:16:04.800579,86.06,65.3,100.0,0.0,100.0,68.8,Medium,4
2025-08-18T21:16:04.894865,86.16,65.3,100.0,0.0,100.0,68.6,Medium,4
2025-08-18T21:16:05.011754,86.27,65.3,100.0,0.0,100.0,68.8,Medium,4
2025-08-18T21:16:05.202891,86.45,65.3,100.0,0.0,100.0,69.0,Medium,4
2025-08-18T21:16:05.282249,86.53,65.4,100.0,0.0,100.0,69.1,Medium,4
2025-08-18T21:16:05.356513,86.61,65.4,100.0,0.0,100.0,69.1,Medium,4
2025-08-18T21:16:05.406435,86.66,65.3,100.0,0.0,100.0,68.5,Medium,4
2025-08-18T21:16:05.481196,86.73,64.9,100.0,0.0,100.0,66.0,Medium,4
2025-08-18T21:16:05.544956,86.8,64.5,100.0,0.0,100.0,63.4,Medium,4
2025-08-18T21:16:05.605726,86.86,64.1,100.0,0.0,100.0,60.8,Medium,4
2025-08-18T21:16:05.658202,86.91,63.7,100.0,0.0,100.0,58.3,Medium,4
2025-08-18T21:16:05.761295,87.02,63.4,100.0,0.0,100.0,55.8,Medium,4
2025-08-18T21:16:05.822286,87.08,62.9,100.0,0.0,100.0,52.4,Medium,4
2025-08-18T21:16:05.881791,87.14,62.4,100.0,0.0,100.0,49.4,Medium,4
2025-08-18T21:16:06.018381,87.28,61.9,100.0,0.0,99.3,46.6,Medium,6
2025-08-18T21:16:06.091726,87.34,61.1,100.0,0.0,97.8,43.5,Medium,6
2025-08-18T21:16:06.161144,87.42,60.3,100.0,0.0,96.3,40.5,Medium,6
2025-08-18T21:16:06.215436,87.47,59.4,100.0,0.0,94.2,37.2,High,6
2025-08-18T21:16:06.291946,87.55,58.5,100.0,0.0,92.1,34.2,High,6
2025-08-18T21:16:06.371279,87.62,57.7,100.0,0.0,90.1,31.3,High,6
2025-08-18T21:16:06.435952,87.69,56.7,100.0,0.0,87.9,27.8,High,6
2025-08-18T21:16:06.509393,87.77,55.8,100.0,0.0,85.8,24.5,High,6
2025-08-18T21:16:06.583427,87.84,54.8,100.0,0.0,83.3,20.6,High,6
2025-08-18T21:16:06.662395,87.92,53.8,100.0,0.0,81.2,17.3,High,6
2025-08-18T21:16:06.727477,87.98,53.0,100.0,0.0,79.8,14.0,High,6
2025-08-18T21:16:06.832202,88.09,52.7,100.0,0.0,79.2,12.4,High,6
2025-08-18T21:16:06.915814,88.17,52.7,100.0,0.0,79.2,12.1,High,6
2025-08-18T21:16:06.985497,88.23,53.3,100.0,0.0,81.1,13.8,High,6
2025-08-18T21:16:07.053457,88.31,54.4,100.0,0.0,84.0,17.5,High,6
2025-08-18T21:16:07.128894,88.39,55.8,100.0,0.0,87.0,23.0,High,6
2025-08-18T21:16:07.277624,88.53,57.1,100.0,0.0,89.7,27.9,High,6
2025-08-18T21:16:07.334131,88.59,58.9,100.0,0.0,93.0,35.2,High,6
2025-08-18T21:16:07.399581,88.66,61.2,100.0,0.0,96.8,45.5,Medium,6
2025-08-18T21:16:07.461941,88.72,63.3,100.0,0.0,100.0,55.1,Medium,4
2025-08-18T21:16:07.518033,88.78,64.5,100.0,0.0,100.0,63.3,Medium,4
2025-08-18T21:16:07.595252,88.84,65.6,100.0,0.0,100.0,70.8,Medium,2
2025-08-18T21:16:07.691075,88.95,66.6,100.0,0.0,100.0,77.1,Medium,2
2025-08-18T21:16:07.754184,89.02,67.1,100.0,0.0,100.0,81.0,Medium,2
2025-08-18T21:16:07.813136,89.06,67.5,100.0,0.0,100.0,83.4,Medium,2
2025-08-18T21:16:07.887663,89.14,67.7,100.0,0.0,100.0,84.9,Medium,2
2025-08-18T21:16:08.018682,89.28,67.8,100.0,0.0,100.0,85.4,Medium,2
2025-08-18T21:16:08.111370,89.38,67.8,100.0,0.0,100.0,85.2,Medium,2
2025-08-18T21:16:08.165985,89.42,67.8,100.0,0.0,100.0,85.6,Medium,2
2025-08-18T21:16:08.236875,89.5,67.8,100.0,0.0,100.0,85.6,Medium,2
2025-08-18T21:16:08.339463,89.59,67.8,100.0,0.0,100.0,85.6,Medium,2
2025-08-18T21:16:08.396608,89.66,67.8,100.0,0.0,100.0,85.2,Medium,2
2025-08-18T21:16:08.445267,89.7,67.7,100.0,0.0,100.0,84.7,Medium,2
2025-08-18T21:16:08.498300,89.75,67.7,100.0,0.0,100.0,84.5,Medium,2
2025-08-18T21:16:08.544680,89.8,67.7,100.0,0.0,100.0,84.5,Medium,2
2025-08-18T21:16:08.615949,89.86,67.7,100.0,0.0,100.0,85.0,Medium,2
2025-08-18T21:16:08.681314,89.94,67.8,100.0,0.0,100.0,85.4,Medium,2
2025-08-18T21:16:08.734048,89.98,67.8,100.0,0.0,100.0,85.6,Medium,2
2025-08-18T21:16:08.798183,90.05,67.9,100.0,0.0,100.0,85.8,Medium,2
2025-08-18T21:16:08.859910,90.11,67.9,100.0,0.0,100.0,85.9,Medium,2
2025-08-18T21:16:08.920490,90.17,67.9,100.0,0.0,100.0,85.8,Medium,2
2025-08-18T21:16:08.982938,90.23,67.9,100.0,0.0,100.0,85.8,Medium,2
2025-08-18T21:16:09.081000,90.34,67.8,100.0,0.0,100.0,85.6,Medium,2
2025-08-18T21:16:09.148727,90.41,67.8,100.0,0.0,100.0,85.2,Medium,2
2025-08-18T21:16:09.201734,90.45,67.7,100.0,0.0,100.0,84.8,Medium,2
2025-08-18T21:16:09.256674,90.52,67.7,100.0,0.0,100.0,84.5,Medium,2
2025-08-18T21:16:09.335278,90.59,67.6,100.0,0.0,100.0,84.3,Medium,2
2025-08-18T21:16:09.418735,90.67,67.6,100.0,0.0,100.0,84.1,Medium,2
2025-08-18T21:16:09.484981,90.73,67.6,100.0,0.0,100.0,84.2,Medium,2
2025-08-18T21:16:09.542043,90.8,67.6,100.0,0.0,100.0,83.8,Medium,2
2025-08-18T21:16:09.603086,90.86,67.5,100.0,0.0,100.0,83.6,Medium,2
2025-08-18T21:16:09.663935,90.92,67.5,100.0,0.0,100.0,83.5,Medium,2
2025-08-18T21:16:09.726771,90.98,67.6,100.0,0.0,100.0,84.3,Medium,2
2025-08-18T21:16:09.801060,91.06,67.5,100.0,0.0,100.0,83.2,Medium,2
2025-08-18T21:16:09.879812,91.14,66.5,100.0,0.0,100.0,76.8,Medium,2
2025-08-18T21:16:09.964100,91.22,65.2,100.0,0.0,99.0,69.2,Medium,6
2025-08-18T21:16:10.045413,91.3,64.4,100.0,0.0,97.5,66.0,Medium,6
2025-08-18T21:16:10.178882,91.44,63.6,100.0,0.0,95.8,62.6,Medium,6
2025-08-18T21:16:10.231992,91.48,63.1,100.0,0.0,94.9,61.1,Medium,6
2025-08-18T21:16:10.299825,91.56,63.0,100.0,0.0,94.3,61.0,Medium,6
2025-08-18T21:16:10.382303,91.64,63.0,100.0,0.0,94.0,61.4,Medium,6
2025-08-18T21:16:10.431734,91.69,63.1,100.0,0.0,94.0,61.8,Medium,6
2025-08-18T21:16:10.479766,91.73,63.0,100.0,0.0,93.8,61.7,Medium,6
2025-08-18T21:16:10.535320,91.8,62.9,100.0,0.0,93.6,61.3,Medium,6
2025-08-18T21:16:10.586000,91.84,62.2,98.3,0.0,93.4,60.7,Medium,7
2025-08-18T21:16:10.632294,91.89,61.2,95.6,0.0,93.6,60.3,Medium,7
2025-08-18T21:16:10.683317,91.94,60.5,93.2,0.0,93.8,60.7,Medium,7
2025-08-18T21:16:10.738491,92.0,59.9,91.3,0.0,94.1,60.9,High,7
2025-08-18T21:16:10.806193,92.06,59.5,89.9,0.0,94.3,61.2,High,7
2025-08-18T21:16:10.863750,92.12,59.1,88.8,0.0,94.4,61.3,High,7
2025-08-18T21:16:10.926645,92.17,58.8,88.1,0.0,94.1,60.8,High,7
2025-08-18T21:16:10.988528,92.25,58.5,87.6,0.0,93.9,60.4,High,7
2025-08-18T21:16:11.074096,92.33,58.3,87.4,0.0,93.6,59.6,High,8
2025-08-18T21:16:11.145246,92.41,58.4,88.1,0.0,93.7,59.2,High,7
2025-08-18T21:16:11.277793,92.53,60.6,90.7,0.0,96.3,64.1,Medium,7
2025-08-18T21:16:11.336379,92.59,63.7,93.5,0.0,100.0,73.2,Medium,3
2025-08-18T21:16:11.434953,92.69,65.5,95.9,0.0,100.0,79.5,Medium,3
2025-08-18T21:16:11.489309,92.75,67.1,98.6,0.0,100.0,84.2,Medium,3
2025-08-18T21:16:11.553833,92.81,68.3,100.0,0.0,100.0,88.5,Medium,2
2025-08-18T21:16:11.613754,92.88,67.9,100.0,0.0,100.0,86.0,Medium,2
2025-08-18T21:16:11.694792,92.95,66.9,100.0,0.0,100.0,79.4,Medium,2
2025-08-18T21:16:11.781542,93.03,66.5,100.0,0.0,100.0,76.6,Medium,2
2025-08-18T21:16:11.856454,93.11,66.6,100.0,0.0,100.0,77.2,Medium,2
2025-08-18T21:16:11.926650,93.19,66.7,100.0,0.0,100.0,78.1,Medium,2
2025-08-18T21:16:12.067313,93.31,66.9,100.0,0.0,100.0,79.0,Medium,2
2025-08-18T21:16:12.138160,93.39,67.2,100.0,0.0,100.0,81.1,Medium,2
2025-08-18T21:16:12.199564,93.45,67.0,100.0,0.0,100.0,80.0,Medium,2
2025-08-18T21:16:12.259525,93.52,66.9,100.0,0.0,100.0,79.4,Medium,2
2025-08-18T21:16:12.316403,93.58,66.8,100.0,0.0,100.0,78.9,Medium,2
2025-08-18T21:16:12.449254,93.69,66.8,100.0,0.0,100.0,78.7,Medium,2
2025-08-18T21:16:12.548076,93.8,66.8,100.0,0.0,100.0,78.6,Medium,2
2025-08-18T21:16:12.619690,93.88,66.8,100.0,0.0,100.0,78.4,Medium,2
2025-08-18T21:16:12.730680,93.98,66.8,100.0,0.0,100.0,78.6,Medium,2
2025-08-18T21:16:12.825305,94.08,66.8,100.0,0.0,100.0,79.0,Medium,2
2025-08-18T21:16:12.887759,94.14,66.9,100.0,0.0,100.0,79.3,Medium,2
2025-08-18T21:16:12.982184,94.23,66.9,100.0,0.0,100.0,79.6,Medium,2
2025-08-18T21:16:13.049887,94.31,67.0,100.0,0.0,100.0,80.0,Medium,2
2025-08-18T21:16:13.151288,94.41,67.1,100.0,0.0,100.0,80.7,Medium,2
2025-08-18T21:16:13.235013,94.48,67.2,100.0,0.0,100.0,81.3,Medium,2
2025-08-18T21:16:13.322685,94.58,67.3,100.0,0.0,100.0,82.2,Medium,2
2025-08-18T21:16:13.525103,94.75,67.5,100.0,0.0,100.0,83.4,Medium,2
2025-08-18T21:16:13.652328,94.91,67.6,100.0,0.0,100.0,83.7,Medium,2
2025-08-18T21:16:13.720802,94.98,67.7,100.0,0.0,100.0,84.6,Medium,2
2025-08-18T21:16:13.784133,95.05,67.8,100.0,0.0,100.0,85.3,Medium,2
2025-08-18T21:16:13.916940,95.17,67.9,100.0,0.0,100.0,85.7,Medium,2
2025-08-18T21:16:14.022494,95.28,67.8,100.0,0.0,100.0,85.5,Medium,2
2025-08-18T21:16:14.102024,95.36,67.8,100.0,0.0,100.0,85.3,Medium,2
2025-08-18T21:16:14.165681,95.42,67.8,100.0,0.0,100.0,85.7,Medium,2
2025-08-18T21:16:14.227864,95.48,67.9,100.0,0.0,100.0,86.1,Medium,2
2025-08-18T21:16:14.296344,95.55,67.9,100.0,0.0,100.0,86.3,Medium,2
2025-08-18T21:16:14.385875,95.64,67.9,100.0,0.0,100.0,86.2,Medium,2
2025-08-18T21:16:14.473779,95.73,67.9,100.0,0.0,100.0,86.2,Medium,2
2025-08-18T21:16:14.563186,95.81,67.9,100.0,0.0,100.0,85.8,Medium,2
2025-08-18T21:16:14.637700,95.89,67.8,100.0,0.0,100.0,85.5,Medium,2
2025-08-18T21:16:14.830241,96.08,67.8,100.0,0.0,100.0,85.3,Medium,2
2025-08-18T21:16:14.909878,96.17,67.7,100.0,0.0,100.0,85.0,Medium,2
2025-08-18T21:16:15.137411,96.39,67.7,100.0,0.0,100.0,84.8,Medium,2
2025-08-18T21:16:15.258653,96.48,67.7,100.0,0.0,100.0,84.5,Medium,2
2025-08-18T21:16:15.399971,96.66,67.7,100.0,0.0,100.0,84.4,Medium,2
2025-08-18T21:16:15.475453,96.73,67.7,100.0,0.0,100.0,84.5,Medium,2
2025-08-18T21:16:15.582009,96.84,67.7,100.0,0.0,100.0,84.4,Medium,2
2025-08-18T21:16:15.682705,96.94,67.8,100.0,0.0,100.0,85.0,Medium,2
2025-08-18T21:16:15.755482,97.02,67.9,100.0,0.0,100.0,85.7,Medium,2
2025-08-18T21:16:15.818934,97.08,68.0,100.0,0.0,100.0,86.6,Medium,2
2025-08-18T21:16:15.878540,97.12,68.1,100.0,0.0,100.0,87.5,Medium,2
2025-08-18T21:16:15.949246,97.2,68.3,100.0,0.0,100.0,88.4,Medium,2
2025-08-18T21:16:16.103806,97.36,68.4,100.0,0.0,100.0,89.3,Medium,2
2025-08-18T21:16:16.232744,97.48,68.5,100.0,0.0,100.0,89.8,Medium,2
2025-08-18T21:16:16.297969,97.55,68.5,100.0,0.0,100.0,90.0,Medium,2
2025-08-18T21:16:16.360539,97.62,68.5,100.0,0.0,100.0,90.0,Medium,2
2025-08-18T21:16:16.429316,97.69,68.5,100.0,0.0,100.0,89.9,Medium,2
2025-08-18T21:16:16.491242,97.75,68.4,100.0,0.0,100.0,89.3,Medium,2
2025-08-18T21:16:16.542598,97.8,68.3,100.0,0.0,100.0,88.9,Medium,2
2025-08-18T21:16:16.603288,97.86,68.3,100.0,0.0,100.0,89.0,Medium,2
2025-08-18T21:16:16.671705,97.92,68.4,100.0,0.0,100.0,89.6,Medium,2
2025-08-18T21:16:16.733634,97.98,68.5,100.0,0.0,100.0,90.3,Medium,2
2025-08-18T21:16:16.805523,98.06,68.6,100.0,0.0,100.0,90.6,Medium,2
2025-08-18T21:16:16.868834,98.12,68.6,100.0,0.0,100.0,90.8,Medium,2
2025-08-18T21:16:16.948474,98.2,68.6,100.0,0.0,100.0,91.0,Medium,2
2025-08-18T21:16:17.021563,98.28,68.6,100.0,0.0,100.0,90.9,Medium,2
2025-08-18T21:16:17.099718,98.36,68.6,100.0,0.0,100.0,90.7,Medium,2
2025-08-18T21:16:17.162616,98.42,68.6,100.0,0.0,100.0,90.5,Medium,2
2025-08-18T21:16:17.219796,98.47,68.5,100.0,0.0,100.0,90.1,Medium,2
2025-08-18T21:16:17.312014,98.56,68.5,100.0,0.0,100.0,89.7,Medium,2
2025-08-18T21:16:17.441325,98.7,68.4,100.0,0.0,100.0,89.4,Medium,2
2025-08-18T21:16:17.502196,98.77,68.4,100.0,0.0,100.0,89.0,Medium,2
2025-08-18T21:16:17.570500,98.83,68.3,100.0,0.0,100.0,88.6,Medium,2
2025-08-18T21:16:17.633487,98.89,68.2,100.0,0.0,100.0,88.0,Medium,2
2025-08-18T21:16:17.694245,98.95,68.1,100.0,0.0,100.0,87.6,Medium,2
2025-08-18T21:16:17.760506,99.02,68.1,100.0,0.0,100.0,87.2,Medium,2
2025-08-18T21:16:17.821986,99.08,68.0,100.0,0.0,100.0,86.9,Medium,2
2025-08-18T21:16:17.881291,99.14,68.0,100.0,0.0,100.0,86.8,Medium,2
2025-08-18T21:16:17.940447,99.2,68.0,100.0,0.0,100.0,86.6,Medium,2
2025-08-18T21:16:18.001005,99.25,68.0,100.0,0.0,100.0,86.7,Medium,2
2025-08-18T21:16:18.058649,99.31,68.1,100.0,0.0,100.0,87.4,Medium,2
2025-08-18T21:16:18.107984,99.36,68.2,100.0,0.0,100.0,88.1,Medium,2
2025-08-18T21:16:18.166036,99.42,68.3,100.0,0.0,100.0,88.8,Medium,2
2025-08-18T21:16:18.221771,99.48,68.3,100.0,0.0,100.0,88.9,Medium,2
2025-08-18T21:16:18.290037,99.55,68.2,100.0,0.0,100.0,88.2,Medium,2
2025-08-18T21:16:18.355147,99.61,68.2,100.0,0.0,100.0,87.7,Medium,2
2025-08-18T21:16:18.423323,99.69,68.2,100.0,0.0,100.0,87.8,Medium,2
2025-08-18T21:16:18.531098,99.78,68.2,100.0,0.0,100.0,88.0,Medium,2
2025-08-18T21:16:18.588107,99.84,68.2,100.0,0.0,100.0,88.2,Medium,2
2025-08-18T21:16:18.635510,99.89,68.2,100.0,0.0,100.0,88.3,Medium,2
2025-08-18T21:16:18.703167,99.95,68.3,100.0,0.0,100.0,88.4,Medium,2
2025-08-18T21:16:18.766882,100.02,68.3,100.0,0.0,100.0,88.5,Medium,2
2025-08-18T21:16:18.843668,100.09,68.3,100.0,0.0,100.0,88.4,Medium,2
2025-08-18T21:16:18.895450,100.16,68.2,100.0,0.0,100.0,88.3,Medium,2
2025-08-18T21:16:18.963743,100.22,68.3,100.0,0.0,100.0,88.5,Medium,2
2025-08-18T21:16:19.011781,100.27,68.4,100.0,0.0,100.0,89.1,Medium,2
2025-08-18T21:16:19.061498,100.31,68.4,100.0,0.0,100.0,89.6,Medium,2
2025-08-18T21:16:19.106623,100.36,68.5,100.0,0.0,100.0,89.7,Medium,2
2025-08-18T21:16:19.161511,100.42,68.4,100.0,0.0,100.0,89.4,Medium,2
2025-08-18T21:16:19.215358,100.47,68.4,100.0,0.0,100.0,89.4,Medium,2
2025-08-18T21:16:19.277757,100.53,68.5,100.0,0.0,100.0,89.8,Medium,2
2025-08-18T21:16:19.341652,100.59,68.5,100.0,0.0,100.0,90.2,Medium,2
2025-08-18T21:16:19.409702,100.67,68.6,100.0,0.0,100.0,90.6,Medium,2
2025-08-18T21:16:19.466347,100.72,68.7,100.0,0.0,100.0,91.1,Medium,2
2025-08-18T21:16:19.544484,100.8,68.7,100.0,0.0,100.0,91.0,Medium,2
2025-08-18T21:16:19.617648,100.88,68.6,100.0,0.0,100.0,90.7,Medium,2
2025-08-18T21:16:19.694948,100.95,68.6,100.0,0.0,100.0,90.6,Medium,2
2025-08-18T21:16:19.751105,101.0,68.6,100.0,0.0,100.0,90.4,Medium,2
2025-08-18T21:16:19.800392,101.06,68.5,100.0,0.0,100.0,90.2,Medium,2
2025-08-18T21:16:19.847043,101.11,68.5,100.0,0.0,100.0,90.1,Medium,2
2025-08-18T21:16:19.895850,101.16,68.6,100.0,0.0,100.0,90.3,Medium,2
2025-08-18T21:16:19.955164,101.22,68.6,100.0,0.0,100.0,90.4,Medium,2
2025-08-18T21:16:20.006468,101.27,68.5,100.0,0.0,100.0,90.3,Medium,2
2025-08-18T21:16:20.069594,101.33,68.5,100.0,0.0,100.0,90.0,Medium,2
2025-08-18T21:16:20.140594,101.39,68.5,100.0,0.0,100.0,89.8,Medium,2
2025-08-18T21:16:20.220439,101.47,68.4,100.0,0.0,100.0,89.5,Medium,2
2025-08-18T21:16:20.276248,101.53,68.4,100.0,0.0,100.0,89.6,Medium,2
2025-08-18T21:16:20.327711,101.58,68.4,100.0,0.0,100.0,89.6,Medium,2
2025-08-18T21:16:20.368975,101.62,68.5,100.0,0.0,100.0,89.8,Medium,2
2025-08-18T21:16:20.456208,101.72,68.5,100.0,0.0,100.0,89.9,Medium,2
2025-08-18T21:16:20.548568,101.8,68.6,100.0,0.0,100.0,90.7,Medium,2
2025-08-18T21:16:20.639088,101.89,68.7,100.0,0.0,100.0,91.6,Medium,2
2025-08-18T21:16:20.733948,101.98,68.7,100.0,0.0,100.0,91.0,Medium,2
2025-08-18T21:16:20.792973,102.05,68.6,100.0,0.0,100.0,90.8,Medium,2
2025-08-18T21:16:20.880188,102.14,68.6,100.0,0.0,100.0,90.8,Medium,2
2025-08-18T21:16:20.930988,102.19,68.6,100.0,0.0,100.0,90.6,Medium,2
2025-08-18T21:16:20.990892,102.25,68.5,100.0,0.0,100.0,90.2,Medium,2
2025-08-18T21:16:21.039305,102.3,68.5,100.0,0.0,100.0,89.9,Medium,2
2025-08-18T21:16:21.098147,102.36,68.4,100.0,0.0,100.0,89.4,Medium,2
2025-08-18T21:16:21.165075,102.42,68.3,100.0,0.0,100.0,88.9,Medium,2
2025-08-18T21:16:21.222104,102.48,68.3,100.0,0.0,100.0,88.8,Medium,2
2025-08-18T21:16:21.292663,102.55,68.3,100.0,0.0,100.0,88.7,Medium,2
2025-08-18T21:16:21.341059,102.59,68.3,100.0,0.0,100.0,88.8,Medium,2
2025-08-18T21:16:21.391933,102.64,68.4,100.0,0.0,100.0,89.2,Medium,2
2025-08-18T21:16:21.452252,102.7,68.5,100.0,0.0,100.0,89.9,Medium,2
2025-08-18T21:16:21.532458,102.78,68.6,100.0,0.0,100.0,90.7,Medium,2
2025-08-18T21:16:21.583128,102.84,68.6,100.0,0.0,100.0,90.8,Medium,2
2025-08-18T21:16:21.633963,102.89,68.7,100.0,0.0,100.0,91.2,Medium,2
2025-08-18T21:16:21.707688,102.97,68.7,100.0,0.0,100.0,91.5,Medium,2
2025-08-18T21:16:21.778657,103.03,68.8,100.0,0.0,100.0,91.7,Medium,2
2025-08-18T21:16:21.834395,103.09,68.8,100.0,0.0,100.0,91.7,Medium,2
2025-08-18T21:16:21.886279,103.14,68.7,100.0,0.0,100.0,91.5,Medium,2
2025-08-18T21:16:21.975580,103.23,68.7,100.0,0.0,100.0,91.1,Medium,2
2025-08-18T21:16:22.021701,103.28,68.8,100.0,0.0,100.0,92.3,Medium,2
2025-08-18T21:16:22.082033,103.33,68.9,100.0,0.0,100.0,93.0,Medium,2
2025-08-18T21:16:22.132405,103.39,68.9,100.0,0.0,100.0,92.8,Medium,2
2025-08-18T21:16:22.176509,103.44,68.9,100.0,0.0,100.0,92.7,Medium,2
2025-08-18T21:16:22.233850,103.48,68.9,100.0,0.0,100.0,92.7,Medium,2
2025-08-18T21:16:22.286483,103.55,68.9,100.0,0.0,100.0,92.5,Medium,2
2025-08-18T21:16:22.335408,103.59,68.9,100.0,0.0,100.0,92.3,Medium,2
2025-08-18T21:16:22.406940,103.66,68.8,100.0,0.0,100.0,92.1,Medium,2
2025-08-18T21:16:22.458285,103.72,68.8,100.0,0.0,100.0,91.9,Medium,2
2025-08-18T21:16:22.524932,103.78,68.8,100.0,0.0,100.0,91.8,Medium,2
2025-08-18T21:16:22.586550,103.84,68.7,100.0,0.0,100.0,91.5,Medium,2
2025-08-18T21:16:22.673224,103.94,68.6,100.0,0.0,100.0,90.9,Medium,2
2025-08-18T21:16:22.725849,103.98,68.6,100.0,0.0,100.0,90.4,Medium,2
2025-08-18T21:16:22.833686,104.09,68.5,100.0,0.0,100.0,90.0,Medium,2
2025-08-18T21:16:22.891826,104.16,68.5,100.0,0.0,100.0,90.0,Medium,2
2025-08-18T21:16:22.971605,104.22,68.5,100.0,0.0,100.0,89.8,Medium,2
2025-08-18T21:16:23.030963,104.28,68.4,100.0,0.0,100.0,89.4,Medium,2
2025-08-18T21:16:23.089774,104.34,68.4,100.0,0.0,100.0,89.1,Medium,2
2025-08-18T21:16:23.139546,104.39,68.3,100.0,0.0,100.0,88.7,Medium,2
2025-08-18T21:16:23.183233,104.44,68.4,100.0,0.0,100.0,89.3,Medium,2
2025-08-18T21:16:23.229737,104.48,68.5,100.0,0.0,100.0,89.8,Medium,2
2025-08-18T21:16:23.274118,104.53,68.5,100.0,0.0,100.0,89.8,Medium,2
2025-08-18T21:16:23.328641,104.58,68.4,100.0,0.0,100.0,89.6,Medium,2
2025-08-18T21:16:23.403468,104.66,68.4,100.0,0.0,100.0,89.5,Medium,2
2025-08-18T21:16:23.448084,104.7,68.4,100.0,0.0,100.0,89.3,Medium,2
2025-08-18T21:16:23.494473,104.75,68.4,100.0,0.0,100.0,89.5,Medium,2
2025-08-18T21:16:23.543278,104.8,68.5,100.0,0.0,100.0,89.7,Medium,2
2025-08-18T21:16:23.612799,104.88,68.5,100.0,0.0,100.0,89.7,Medium,2
2025-08-18T21:16:23.682743,104.94,68.4,100.0,0.0,100.0,89.6,Medium,2
2025-08-18T21:16:23.746251,105.0,68.4,100.0,0.0,100.0,89.3,Medium,2
2025-08-18T21:16:23.802203,105.06,68.4,100.0,0.0,100.0,89.5,Medium,2
2025-08-18T21:16:23.869722,105.12,68.4,100.0,0.0,100.0,89.6,Medium,2
2025-08-18T21:16:23.952640,105.2,68.6,100.0,0.0,100.0,90.7,Medium,2
2025-08-18T21:16:23.999730,105.25,68.9,100.0,0.0,100.0,92.4,Medium,2
2025-08-18T21:16:24.043936,105.3,69.0,100.0,0.0,100.0,93.6,Medium,2
2025-08-18T21:16:24.095546,105.34,69.1,100.0,0.0,100.0,94.0,Medium,2
2025-08-18T21:16:24.174382,105.44,69.1,100.0,0.0,100.0,94.0,Medium,2
2025-08-18T21:16:24.237731,105.5,69.0,100.0,0.0,100.0,93.4,Medium,2
2025-08-18T21:16:24.291001,105.55,69.0,100.0,0.0,100.0,93.2,Medium,2
2025-08-18T21:16:24.360118,105.61,69.0,100.0,0.0,100.0,93.2,Medium,2
2025-08-18T21:16:24.463255,105.72,69.0,100.0,0.0,100.0,93.1,Medium,2
2025-08-18T21:16:24.516412,105.77,68.9,100.0,0.0,100.0,92.6,Medium,2
2025-08-18T21:16:24.571712,105.83,68.8,100.0,0.0,100.0,92.0,Medium,2
2025-08-18T21:16:24.624115,105.88,68.7,100.0,0.0,100.0,91.2,Medium,2
2025-08-18T21:16:24.683047,105.94,68.6,100.0,0.0,100.0,90.3,Medium,2
2025-08-18T21:16:24.757068,106.02,68.6,100.0,0.0,100.0,90.3,Medium,2
2025-08-18T21:16:24.815836,106.08,68.6,100.0,0.0,100.0,90.4,Medium,2
2025-08-18T21:16:24.873384,106.12,68.6,100.0,0.0,100.0,90.3,Medium,2
2025-08-18T21:16:24.929946,106.19,68.5,100.0,0.0,100.0,90.3,Medium,2
2025-08-18T21:16:25.016059,106.27,68.6,100.0,0.0,100.0,90.8,Medium,2
2025-08-18T21:16:25.082279,106.34,68.7,100.0,0.0,100.0,91.4,Medium,2
2025-08-18T21:16:25.151731,106.41,68.7,100.0,0.0,100.0,91.6,Medium,2
2025-08-18T21:16:25.211958,106.47,68.7,100.0,0.0,100.0,91.0,Medium,2
2025-08-18T21:16:25.271475,106.53,68.6,100.0,0.0,100.0,90.4,Medium,2
2025-08-18T21:16:25.321052,106.58,68.5,100.0,0.0,100.0,89.9,Medium,2
2025-08-18T21:16:25.361801,106.62,68.4,100.0,0.0,100.0,89.5,Medium,2
2025-08-18T21:16:25.409572,106.66,68.4,100.0,0.0,100.0,89.6,Medium,2
2025-08-18T21:16:25.454354,106.7,68.4,100.0,0.0,100.0,89.4,Medium,2
2025-08-18T21:16:25.515780,106.77,68.3,100.0,0.0,100.0,89.0,Medium,2
2025-08-18T21:16:25.569393,106.83,68.3,100.0,0.0,100.0,88.8,Medium,2
2025-08-18T21:16:25.626221,106.89,68.3,100.0,0.0,100.0,89.0,Medium,2
2025-08-18T21:16:25.669649,106.92,68.4,100.0,0.0,100.0,89.2,Medium,2
2025-08-18T21:16:25.712404,106.97,68.4,100.0,0.0,100.0,89.2,Medium,2
2025-08-18T21:16:25.771937,107.03,68.4,100.0,0.0,100.0,89.1,Medium,2
2025-08-18T21:16:25.826137,107.08,68.2,100.0,0.0,100.0,88.1,Medium,2
2025-08-18T21:16:25.889905,107.14,68.1,100.0,0.0,100.0,87.5,Medium,2
2025-08-18T21:16:25.951113,107.2,68.0,100.0,0.0,100.0,86.6,Medium,2
2025-08-18T21:16:25.996164,107.25,67.9,100.0,0.0,100.0,86.3,Medium,2
2025-08-18T21:16:26.046518,107.3,67.9,100.0,0.0,100.0,86.0,Medium,2
2025-08-18T21:16:26.110065,107.36,67.9,100.0,0.0,100.0,86.1,Medium,2
2025-08-18T21:16:26.175242,107.44,68.0,100.0,0.0,100.0,86.6,Medium,2
2025-08-18T21:16:26.224675,107.48,68.0,100.0,0.0,100.0,87.0,Medium,2
2025-08-18T21:16:26.287649,107.55,68.1,100.0,0.0,100.0,87.3,Medium,2
2025-08-18T21:16:26.333767,107.59,68.2,100.0,0.0,100.0,87.8,Medium,2
2025-08-18T21:16:26.386534,107.64,68.3,100.0,0.0,100.0,88.5,Medium,2
2025-08-18T21:16:26.444720,107.7,68.4,100.0,0.0,100.0,89.1,Medium,2
2025-08-18T21:16:26.504048,107.77,68.4,100.0,0.0,100.0,89.6,Medium,2
2025-08-18T21:16:26.565326,107.83,68.5,100.0,0.0,100.0,89.8,Medium,2
2025-08-18T21:16:26.635027,107.89,68.5,100.0,0.0,100.0,89.8,Medium,2
2025-08-18T21:16:26.693150,107.95,68.4,100.0,0.0,100.0,89.6,Medium,2
2025-08-18T21:16:26.752814,108.02,68.4,100.0,0.0,100.0,89.6,Medium,2
2025-08-18T21:16:26.829720,108.09,68.5,100.0,0.0,100.0,90.1,Medium,2
2025-08-18T21:16:26.918357,108.17,68.5,100.0,0.0,100.0,90.3,Medium,2
2025-08-18T21:16:27.030562,108.28,68.6,100.0,0.0,100.0,90.4,Medium,2
2025-08-18T21:16:27.108882,108.36,68.6,100.0,0.0,100.0,90.4,Medium,2
2025-08-18T21:16:27.198940,108.45,68.6,100.0,0.0,100.0,90.5,Medium,2
2025-08-18T21:16:27.352320,108.61,68.6,100.0,0.0,100.0,90.8,Medium,2
2025-08-18T21:16:27.426119,108.69,68.7,100.0,0.0,100.0,91.2,Medium,2
2025-08-18T21:16:27.487757,108.75,68.7,100.0,0.0,100.0,91.4,Medium,2
2025-08-18T21:16:27.545726,108.8,68.7,100.0,0.0,100.0,91.5,Medium,2
2025-08-18T21:16:27.596577,108.86,68.8,100.0,0.0,100.0,91.7,Medium,2
2025-08-18T21:16:27.659867,108.92,68.8,100.0,0.0,100.0,91.7,Medium,2
2025-08-18T21:16:27.714838,108.97,68.8,100.0,0.0,100.0,91.8,Medium,2
2025-08-18T21:16:27.760570,109.02,68.8,100.0,0.0,100.0,92.0,Medium,2
2025-08-18T21:16:27.805009,109.06,68.8,100.0,0.0,100.0,91.9,Medium,2
2025-08-18T21:16:27.849167,109.11,68.8,100.0,0.0,100.0,92.0,Medium,2
2025-08-18T21:16:27.902390,109.16,68.8,100.0,0.0,100.0,92.1,Medium,2
2025-08-18T21:16:27.988861,109.25,68.8,100.0,0.0,100.0,92.2,Medium,2
2025-08-18T21:16:28.044853,109.3,68.8,100.0,0.0,100.0,92.0,Medium,2
2025-08-18T21:16:28.104690,109.36,68.8,100.0,0.0,100.0,91.9,Medium,2
2025-08-18T21:16:28.170692,109.42,68.8,100.0,0.0,100.0,91.8,Medium,2
2025-08-18T21:16:28.223196,109.48,68.8,100.0,0.0,100.0,91.9,Medium,2
2025-08-18T21:16:28.286456,109.55,68.8,100.0,0.0,100.0,91.9,Medium,2
2025-08-18T21:16:28.350902,109.61,68.8,100.0,0.0,100.0,91.8,Medium,2
2025-08-18T21:16:28.453963,109.7,68.7,100.0,0.0,100.0,91.7,Medium,2
2025-08-18T21:16:28.504108,109.77,68.7,100.0,0.0,100.0,91.6,Medium,2
2025-08-18T21:16:28.546407,109.8,68.8,100.0,0.0,100.0,91.8,Medium,2
2025-08-18T21:16:28.590944,109.84,68.8,100.0,0.0,100.0,92.0,Medium,2
2025-08-18T21:16:28.646021,109.91,68.8,100.0,0.0,100.0,92.0,Medium,2
2025-08-18T21:16:28.723111,109.98,68.8,100.0,0.0,100.0,92.2,Medium,2
2025-08-18T21:16:28.786567,110.05,68.8,100.0,0.0,100.0,92.0,Medium,2
2025-08-18T21:16:28.855920,110.11,68.8,100.0,0.0,100.0,91.7,Medium,2
2025-08-18T21:16:28.905751,110.16,68.7,100.0,0.0,100.0,91.2,Medium,2
2025-08-18T21:16:28.951613,110.2,68.7,100.0,0.0,100.0,91.1,Medium,2
2025-08-18T21:16:29.018837,110.27,68.7,100.0,0.0,100.0,91.2,Medium,2
2025-08-18T21:16:29.109421,110.36,68.7,100.0,0.0,100.0,91.3,Medium,2
2025-08-18T21:16:29.227791,110.47,68.8,100.0,0.0,100.0,91.8,Medium,2
2025-08-18T21:16:29.286868,110.55,68.9,100.0,0.0,100.0,92.5,Medium,2
2025-08-18T21:16:29.338583,110.59,68.8,100.0,0.0,100.0,91.7,Medium,2
2025-08-18T21:16:29.401519,110.66,68.7,100.0,0.0,100.0,91.1,Medium,2
2025-08-18T21:16:29.449807,110.7,68.6,100.0,0.0,100.0,90.7,Medium,2
2025-08-18T21:16:29.548537,110.8,68.6,100.0,0.0,100.0,90.9,Medium,2
2025-08-18T21:16:29.602400,110.86,68.7,100.0,0.0,100.0,91.3,Medium,2
2025-08-18T21:16:29.660704,110.92,68.8,100.0,0.0,100.0,91.7,Medium,2
2025-08-18T21:16:29.708681,110.97,68.8,100.0,0.0,100.0,91.8,Medium,2
2025-08-18T21:16:29.758344,111.02,68.8,100.0,0.0,100.0,92.0,Medium,2
2025-08-18T21:16:29.818734,111.08,68.8,100.0,0.0,100.0,92.3,Medium,2
2025-08-18T21:16:29.884348,111.14,68.9,100.0,0.0,100.0,92.4,Medium,2
2025-08-18T21:16:29.958255,111.22,68.9,100.0,0.0,100.0,92.6,Medium,2
2025-08-18T21:16:30.030516,111.28,68.9,100.0,0.0,100.0,92.7,Medium,2
2025-08-18T21:16:30.088937,111.34,68.9,100.0,0.0,100.0,92.8,Medium,2
2025-08-18T21:16:30.174672,111.42,69.0,100.0,0.0,100.0,93.1,Medium,2
2025-08-18T21:16:30.231474,111.48,69.0,100.0,0.0,100.0,93.2,Medium,2
2025-08-18T21:16:30.287796,111.55,69.0,100.0,0.0,100.0,93.5,Medium,2
2025-08-18T21:16:30.354052,111.61,69.1,100.0,0.0,100.0,94.0,Medium,2
2025-08-18T21:16:30.419196,111.67,69.2,100.0,0.0,100.0,94.8,Medium,2
2025-08-18T21:16:30.502592,111.77,69.3,100.0,0.0,100.0,95.3,Medium,2
2025-08-18T21:16:30.607971,111.86,69.3,100.0,0.0,100.0,95.4,Medium,2
2025-08-18T21:16:30.675922,111.94,69.3,100.0,0.0,100.0,95.4,Medium,2
2025-08-18T21:16:30.736328,111.98,69.2,100.0,0.0,100.0,94.9,Medium,2
2025-08-18T21:16:30.791347,112.05,69.2,100.0,0.0,100.0,94.7,Medium,2
2025-08-18T21:16:30.834475,112.09,69.2,100.0,0.0,100.0,94.8,Medium,2
2025-08-18T21:16:30.884452,112.14,69.2,100.0,0.0,100.0,94.9,Medium,2
2025-08-18T21:16:30.933680,112.19,69.2,100.0,0.0,100.0,94.9,Medium,2
2025-08-18T21:16:30.976724,112.23,69.2,100.0,0.0,100.0,94.9,Medium,2
2025-08-18T21:16:31.030193,112.28,69.2,100.0,0.0,100.0,94.8,Medium,2
2025-08-18T21:16:31.100676,112.36,69.2,100.0,0.0,100.0,94.5,Medium,2
2025-08-18T21:16:31.150731,112.41,69.2,100.0,0.0,100.0,94.5,Medium,2
2025-08-18T21:16:31.196980,112.45,69.1,100.0,0.0,100.0,94.2,Medium,2
2025-08-18T21:16:31.313316,112.56,69.1,100.0,0.0,100.0,94.0,Medium,2
2025-08-18T21:16:31.367219,112.62,69.1,100.0,0.0,100.0,93.9,Medium,2
2025-08-18T21:16:31.416261,112.67,69.1,100.0,0.0,100.0,93.8,Medium,2
2025-08-18T21:16:31.460629,112.72,69.1,100.0,0.0,100.0,93.7,Medium,2
2025-08-18T21:16:31.507636,112.77,69.0,100.0,0.0,100.0,93.0,Medium,2
2025-08-18T21:16:31.553899,112.81,68.9,100.0,0.0,100.0,92.4,Medium,2
2025-08-18T21:16:31.601084,112.86,68.8,100.0,0.0,100.0,91.9,Medium,2
2025-08-18T21:16:31.654241,112.91,68.7,100.0,0.0,100.0,91.4,Medium,2
2025-08-18T21:16:31.706431,112.97,68.7,100.0,0.0,100.0,91.4,Medium,2
2025-08-18T21:16:31.753017,113.02,68.8,100.0,0.0,100.0,91.9,Medium,2
2025-08-18T21:16:31.801149,113.06,68.8,100.0,0.0,100.0,92.1,Medium,2
2025-08-18T21:16:31.845870,113.11,68.8,100.0,0.0,100.0,92.2,Medium,2
2025-08-18T21:16:31.890894,113.14,68.9,100.0,0.0,100.0,92.5,Medium,2
2025-08-18T21:16:31.940549,113.2,68.9,100.0,0.0,100.0,92.8,Medium,2
2025-08-18T21:16:31.987019,113.25,68.9,100.0,0.0,100.0,92.7,Medium,2
2025-08-18T21:16:32.030501,113.28,68.9,100.0,0.0,100.0,92.8,Medium,2
2025-08-18T21:16:32.083914,113.34,68.9,100.0,0.0,100.0,92.8,Medium,2
2025-08-18T21:16:32.126337,113.39,69.0,100.0,0.0,100.0,93.4,Medium,2
2025-08-18T21:16:32.172588,113.42,69.1,100.0,0.0,100.0,94.0,Medium,2
2025-08-18T21:16:32.217815,113.47,69.1,100.0,0.0,100.0,93.8,Medium,2
2025-08-18T21:16:32.266827,113.52,69.1,100.0,0.0,100.0,93.8,Medium,2
2025-08-18T21:16:32.314860,113.58,69.0,100.0,0.0,100.0,93.4,Medium,2
2025-08-18T21:16:32.375541,113.62,69.0,100.0,0.0,100.0,93.3,Medium,2
2025-08-18T21:16:32.425963,113.69,69.0,100.0,0.0,100.0,93.2,Medium,2
2025-08-18T21:16:32.465046,113.72,69.0,100.0,0.0,100.0,93.2,Medium,2
2025-08-18T21:16:32.512032,113.77,69.0,100.0,0.0,100.0,93.3,Medium,2
2025-08-18T21:16:32.560005,113.81,69.0,100.0,0.0,100.0,93.4,Medium,2
2025-08-18T21:16:32.603611,113.86,69.0,100.0,0.0,100.0,93.6,Medium,2
2025-08-18T21:16:32.649754,113.91,69.1,100.0,0.0,100.0,93.9,Medium,2
2025-08-18T21:16:32.699872,113.95,69.1,100.0,0.0,100.0,94.1,Medium,2
2025-08-18T21:16:32.783229,114.03,69.1,100.0,0.0,100.0,94.0,Medium,2
2025-08-18T21:16:32.849799,114.11,69.1,100.0,0.0,100.0,94.0,Medium,2
2025-08-18T21:16:32.904824,114.16,69.1,100.0,0.0,100.0,93.9,Medium,2
2025-08-18T21:16:32.947076,114.2,69.1,100.0,0.0,100.0,93.9,Medium,2
2025-08-18T21:16:32.994658,114.25,69.1,100.0,0.0,100.0,93.9,Medium,2
2025-08-18T21:16:33.037706,114.3,69.1,100.0,0.0,100.0,93.8,Medium,2
2025-08-18T21:16:33.088769,114.34,69.1,100.0,0.0,100.0,94.1,Medium,2
2025-08-18T21:16:33.142107,114.39,69.1,100.0,0.0,100.0,94.3,Medium,2
2025-08-18T21:16:33.214095,114.47,69.2,100.0,0.0,100.0,94.7,Medium,2
2025-08-18T21:16:33.290834,114.55,69.3,100.0,0.0,100.0,95.2,Medium,2
2025-08-18T21:16:33.357224,114.61,69.3,100.0,0.0,100.0,95.6,Medium,2
2025-08-18T21:16:33.422069,114.67,69.4,100.0,0.0,100.0,95.7,Medium,2
2025-08-18T21:16:33.520164,114.78,69.4,100.0,0.0,100.0,95.8,Medium,2
2025-08-18T21:16:33.570811,114.83,69.4,100.0,0.0,100.0,95.9,Medium,2
2025-08-18T21:16:33.615831,114.88,69.4,100.0,0.0,100.0,96.1,Medium,2
2025-08-18T21:16:33.662820,114.92,69.5,100.0,0.0,100.0,96.4,Medium,2
2025-08-18T21:16:33.709169,114.97,69.4,100.0,0.0,100.0,96.0,Medium,2
2025-08-18T21:16:33.762411,115.02,69.3,100.0,0.0,100.0,95.5,Medium,2
2025-08-18T21:16:33.882385,115.14,69.3,100.0,0.0,100.0,95.2,Medium,2
2025-08-18T21:16:33.942041,115.2,69.3,100.0,0.0,100.0,95.1,Medium,2
2025-08-18T21:16:33.987139,115.25,69.2,100.0,0.0,100.0,94.6,Medium,2
2025-08-18T21:16:34.036995,115.3,69.3,100.0,0.0,100.0,95.2,Medium,2
2025-08-18T21:16:34.083733,115.34,69.4,100.0,0.0,100.0,95.8,Medium,2
2025-08-18T21:16:34.132571,115.39,69.4,100.0,0.0,100.0,96.1,Medium,2
2025-08-18T21:16:34.182552,115.44,69.4,100.0,0.0,100.0,95.9,Medium,2
2025-08-18T21:16:34.226149,115.48,69.3,100.0,0.0,100.0,95.4,Medium,2
2025-08-18T21:16:34.275070,115.53,69.3,100.0,0.0,100.0,95.0,Medium,2
2025-08-18T21:16:34.324403,115.58,69.3,100.0,0.0,100.0,95.0,Medium,2
2025-08-18T21:16:34.377856,115.64,69.3,100.0,0.0,100.0,95.2,Medium,2
2025-08-18T21:16:34.437810,115.69,69.3,100.0,0.0,100.0,95.6,Medium,2
2025-08-18T21:16:34.489399,115.75,69.4,100.0,0.0,100.0,96.1,Medium,2
2025-08-18T21:16:34.601187,115.86,69.4,100.0,0.0,100.0,96.0,Medium,2
2025-08-18T21:16:34.662700,115.92,69.4,100.0,0.0,100.0,96.1,Medium,2
2025-08-18T21:16:34.708901,115.97,69.5,100.0,0.0,100.0,96.5,Medium,2
2025-08-18T21:16:34.757303,116.02,69.6,100.0,0.0,100.0,97.0,Medium,2
2025-08-18T21:16:34.815582,116.08,69.6,100.0,0.0,100.0,97.2,Medium,2
2025-08-18T21:16:34.860382,116.11,69.6,100.0,0.0,100.0,97.1,Medium,2
2025-08-18T21:16:34.945419,116.2,69.5,100.0,0.0,100.0,96.8,Medium,2
2025-08-18T21:16:35.002627,116.27,69.4,100.0,0.0,100.0,96.3,Medium,2
2025-08-18T21:16:35.048206,116.3,69.4,100.0,0.0,100.0,95.9,Medium,2
2025-08-18T21:16:35.092519,116.34,69.4,100.0,0.0,100.0,96.0,Medium,2
2025-08-18T21:16:35.137300,116.39,69.4,100.0,0.0,100.0,96.1,Medium,2
2025-08-18T21:16:35.183653,116.44,69.4,100.0,0.0,100.0,96.2,Medium,2
2025-08-18T21:16:35.232841,116.48,69.4,100.0,0.0,100.0,96.2,Medium,2
2025-08-18T21:16:35.283954,116.55,69.4,100.0,0.0,100.0,96.3,Medium,2
2025-08-18T21:16:35.328079,116.58,69.4,100.0,0.0,100.0,96.3,Medium,2
2025-08-18T21:16:35.377107,116.64,69.4,100.0,0.0,100.0,96.2,Medium,2
2025-08-18T21:16:35.418289,116.67,69.4,100.0,0.0,100.0,96.1,Medium,2
2025-08-18T21:16:35.494249,116.75,69.4,100.0,0.0,100.0,96.2,Medium,2
2025-08-18T21:16:35.553724,116.81,69.4,100.0,0.0,100.0,96.1,Medium,2
2025-08-18T21:16:35.623735,116.88,69.4,100.0,0.0,100.0,95.8,Medium,2
2025-08-18T21:16:35.694516,116.95,69.3,100.0,0.0,100.0,95.3,Medium,2
2025-08-18T21:16:35.754115,117.02,69.2,100.0,0.0,100.0,94.9,Medium,2
2025-08-18T21:16:35.812259,117.06,69.2,100.0,0.0,100.0,94.5,Medium,2
2025-08-18T21:16:35.859560,117.11,69.2,100.0,0.0,100.0,94.4,Medium,2
2025-08-18T21:16:35.899266,117.16,69.1,100.0,0.0,100.0,94.2,Medium,2
2025-08-18T21:16:35.950304,117.2,69.1,100.0,0.0,100.0,94.2,Medium,2
2025-08-18T21:16:36.009567,117.27,69.2,100.0,0.0,100.0,94.7,Medium,2
2025-08-18T21:16:36.062227,117.31,69.3,100.0,0.0,100.0,95.1,Medium,2
2025-08-18T21:16:36.107605,117.36,69.3,100.0,0.0,100.0,95.6,Medium,2
2025-08-18T21:16:36.151680,117.41,69.4,100.0,0.0,100.0,95.9,Medium,2
2025-08-18T21:16:36.197859,117.45,69.3,100.0,0.0,100.0,95.6,Medium,2
2025-08-18T21:16:36.242480,117.5,69.3,100.0,0.0,100.0,95.1,Medium,2
2025-08-18T21:16:36.290728,117.55,69.2,100.0,0.0,100.0,94.8,Medium,2
2025-08-18T21:16:36.338501,117.59,69.2,100.0,0.0,100.0,94.6,Medium,2
2025-08-18T21:16:36.380209,117.64,69.2,100.0,0.0,100.0,94.6,Medium,2
2025-08-18T21:16:36.434535,117.69,69.1,100.0,0.0,100.0,94.2,Medium,2
2025-08-18T21:16:36.488592,117.75,69.1,100.0,0.0,100.0,93.8,Medium,2
2025-08-18T21:16:36.550640,117.81,69.1,100.0,0.0,100.0,94.3,Medium,2
2025-08-18T21:16:36.602484,117.86,69.2,100.0,0.0,100.0,94.7,Medium,2
2025-08-18T21:16:36.649252,117.91,69.3,100.0,0.0,100.0,95.3,Medium,2
2025-08-18T21:16:36.697782,117.95,69.3,100.0,0.0,100.0,95.6,Medium,2
2025-08-18T21:16:36.779664,118.03,69.3,100.0,0.0,100.0,95.5,Medium,2
2025-08-18T21:16:36.838553,118.09,69.2,100.0,0.0,100.0,94.7,Medium,2
2025-08-18T21:16:36.902322,118.16,69.1,100.0,0.0,100.0,94.0,Medium,2
2025-08-18T21:16:36.973682,118.23,69.0,100.0,0.0,100.0,93.2,Medium,2
2025-08-18T21:16:37.022577,118.28,68.9,100.0,0.0,100.0,92.6,Medium,2
2025-08-18T21:16:37.082197,118.34,68.8,100.0,0.0,100.0,92.1,Medium,2
2025-08-18T21:16:37.150182,118.41,68.8,100.0,0.0,100.0,91.8,Medium,2
2025-08-18T21:16:37.209792,118.47,68.7,100.0,0.0,100.0,91.7,Medium,2
2025-08-18T21:16:37.268582,118.53,68.7,100.0,0.0,100.0,91.5,Medium,2
2025-08-18T21:16:37.332048,118.59,68.8,100.0,0.0,100.0,91.7,Medium,2
2025-08-18T21:16:37.394562,118.66,68.8,100.0,0.0,100.0,92.1,Medium,2
2025-08-18T21:16:37.458518,118.72,68.9,100.0,0.0,100.0,92.5,Medium,2
2025-08-18T21:16:37.511882,118.77,69.0,100.0,0.0,100.0,93.0,Medium,2
2025-08-18T21:16:37.573112,118.83,69.1,100.0,0.0,100.0,93.8,Medium,2
2025-08-18T21:16:37.630299,118.89,69.1,100.0,0.0,100.0,94.2,Medium,2
2025-08-18T21:16:37.690898,118.95,69.2,100.0,0.0,100.0,94.4,Medium,2
2025-08-18T21:16:37.750164,119.0,69.2,100.0,0.0,100.0,94.4,Medium,2
2025-08-18T21:16:37.845082,119.11,69.2,100.0,0.0,100.0,94.8,Medium,2
2025-08-18T21:16:37.910932,119.17,69.3,100.0,0.0,100.0,95.2,Medium,2
2025-08-18T21:16:37.969914,119.22,69.5,100.0,0.0,100.0,96.9,Medium,2
2025-08-18T21:16:38.018557,119.28,69.5,100.0,0.0,100.0,96.9,Medium,2
2025-08-18T21:16:38.077400,119.33,69.5,100.0,0.0,100.0,96.5,Medium,2
2025-08-18T21:16:38.179869,119.42,69.4,100.0,0.0,100.0,96.1,Medium,2
2025-08-18T21:16:38.258745,119.52,69.4,100.0,0.0,100.0,95.9,Medium,2
2025-08-18T21:16:38.313583,119.56,69.3,100.0,0.0,100.0,95.4,Medium,2
2025-08-18T21:16:38.367100,119.62,69.3,100.0,0.0,100.0,95.4,Medium,2
2025-08-18T21:16:38.418834,119.67,69.3,100.0,0.0,100.0,95.6,Medium,2
2025-08-18T21:16:38.480732,119.73,69.3,100.0,0.0,100.0,95.3,Medium,2
2025-08-18T21:16:38.518626,119.78,69.3,100.0,0.0,100.0,95.2,Medium,2
2025-08-18T21:16:38.569617,119.83,69.3,100.0,0.0,100.0,95.1,Medium,2
2025-08-18T21:16:38.634049,119.89,69.2,100.0,0.0,100.0,94.9,Medium,2
2025-08-18T21:16:38.674908,119.94,69.2,100.0,0.0,100.0,94.8,Medium,2
2025-08-18T21:16:38.720307,119.98,69.2,100.0,0.0,100.0,94.5,Medium,2
2025-08-18T21:16:38.781781,120.03,69.2,100.0,0.0,100.0,94.7,Medium,2
2025-08-18T21:16:38.831315,120.09,69.3,100.0,0.0,100.0,95.0,Medium,2
2025-08-18T21:16:38.881018,120.14,69.3,100.0,0.0,100.0,95.2,Medium,2
2025-08-18T21:16:38.961512,120.22,69.3,100.0,0.0,100.0,95.0,Medium,2
2025-08-18T21:16:39.001016,120.25,69.2,100.0,0.0,100.0,94.8,Medium,2
2025-08-18T21:16:39.044871,120.3,69.1,100.0,0.0,100.0,94.2,Medium,2
2025-08-18T21:16:39.095239,120.34,69.0,100.0,0.0,100.0,93.5,Medium,2
2025-08-18T21:16:39.138706,120.39,69.0,100.0,0.0,100.0,93.2,Medium,2
2025-08-18T21:16:39.186505,120.44,68.9,100.0,0.0,100.0,92.8,Medium,2
2025-08-18T21:16:39.243337,120.5,68.9,100.0,0.0,100.0,92.6,Medium,2
2025-08-18T21:16:39.308919,120.56,68.9,100.0,0.0,100.0,92.4,Medium,2
2025-08-18T21:16:39.358967,120.61,68.8,100.0,0.0,100.0,92.2,Medium,2
2025-08-18T21:16:39.406922,120.66,68.8,100.0,0.0,100.0,91.9,Medium,2
2025-08-18T21:16:39.453772,120.7,68.7,100.0,0.0,100.0,91.5,Medium,2
2025-08-18T21:16:39.501791,120.77,68.7,100.0,0.0,100.0,91.3,Medium,2
2025-08-18T21:16:39.547708,120.8,68.7,100.0,0.0,100.0,91.1,Medium,2
2025-08-18T21:16:39.604764,120.86,68.6,100.0,0.0,100.0,91.0,Medium,2
2025-08-18T21:16:39.668685,120.92,68.6,100.0,0.0,100.0,91.0,Medium,2
2025-08-18T21:16:39.720635,120.97,68.6,100.0,0.0,100.0,91.0,Medium,2
2025-08-18T21:16:39.761334,121.02,68.6,100.0,0.0,100.0,90.9,Medium,2
2025-08-18T21:16:39.807465,121.06,68.6,100.0,0.0,100.0,90.5,Medium,2
2025-08-18T21:16:39.856269,121.11,68.5,100.0,0.0,100.0,90.3,Medium,2
2025-08-18T21:16:39.905319,121.16,68.5,100.0,0.0,100.0,90.2,Medium,2
2025-08-18T21:16:39.952446,121.2,68.5,100.0,0.0,100.0,90.3,Medium,2
2025-08-18T21:16:40.007574,121.27,68.6,100.0,0.0,100.0,90.5,Medium,2
2025-08-18T21:16:40.067112,121.33,68.7,100.0,0.0,100.0,91.0,Medium,2
2025-08-18T21:16:40.120679,121.38,68.7,100.0,0.0,100.0,91.4,Medium,2
2025-08-18T21:16:40.163832,121.42,68.7,100.0,0.0,100.0,91.5,Medium,2
2025-08-18T21:16:40.207332,121.47,68.8,100.0,0.0,100.0,91.7,Medium,2
2025-08-18T21:16:40.263082,121.52,68.8,100.0,0.0,100.0,91.8,Medium,2
2025-08-18T21:16:40.333520,121.59,68.8,100.0,0.0,100.0,91.9,Medium,2
2025-08-18T21:16:40.394887,121.66,68.8,100.0,0.0,100.0,92.1,Medium,2
2025-08-18T21:16:40.468550,121.72,68.9,100.0,0.0,100.0,92.5,Medium,2
2025-08-18T21:16:40.519710,121.78,69.0,100.0,0.0,100.0,93.1,Medium,2
2025-08-18T21:16:40.574511,121.83,69.0,100.0,0.0,100.0,93.6,Medium,2
2025-08-18T21:16:40.633084,121.89,69.1,100.0,0.0,100.0,94.2,Medium,2
2025-08-18T21:16:40.701933,121.95,69.2,100.0,0.0,100.0,94.6,Medium,2
2025-08-18T21:16:40.757122,122.02,69.2,100.0,0.0,100.0,94.8,Medium,2
2025-08-18T21:16:40.799910,122.06,69.2,100.0,0.0,100.0,94.8,Medium,2
2025-08-18T21:16:40.849469,122.11,69.2,100.0,0.0,100.0,94.5,Medium,2
2025-08-18T21:16:40.893980,122.16,69.2,100.0,0.0,100.0,94.5,Medium,2
2025-08-18T21:16:40.994094,122.25,69.2,100.0,0.0,100.0,94.4,Medium,2
2025-08-18T21:16:41.051777,122.31,69.1,100.0,0.0,100.0,94.2,Medium,2
2025-08-18T21:16:41.151593,122.41,69.0,100.0,0.0,100.0,93.6,Medium,2
2025-08-18T21:16:41.216071,122.47,69.0,100.0,0.0,100.0,93.5,Medium,2
2025-08-18T21:16:41.266063,122.52,69.0,100.0,0.0,100.0,93.4,Medium,2
2025-08-18T21:16:41.331595,122.59,69.0,100.0,0.0,100.0,93.1,Medium,2
2025-08-18T21:16:41.424662,122.69,68.9,100.0,0.0,100.0,92.5,Medium,2
2025-08-18T21:16:41.489874,122.75,68.9,100.0,0.0,100.0,92.5,Medium,2
2025-08-18T21:16:41.546807,122.8,68.9,100.0,0.0,100.0,92.3,Medium,2
2025-08-18T21:16:41.614958,122.88,68.8,100.0,0.0,100.0,92.2,Medium,2
2025-08-18T21:16:41.671947,122.92,68.8,100.0,0.0,100.0,92.0,Medium,2
2025-08-18T21:16:41.724851,122.98,68.8,100.0,0.0,100.0,91.9,Medium,2
2025-08-18T21:16:41.771170,123.03,68.8,100.0,0.0,100.0,91.9,Medium,2
2025-08-18T21:16:41.818555,123.08,68.8,100.0,0.0,100.0,91.9,Medium,2
2025-08-18T21:16:41.876786,123.12,68.7,100.0,0.0,100.0,91.5,Medium,2
2025-08-18T21:16:41.921817,123.17,68.7,100.0,0.0,100.0,91.0,Medium,2
2025-08-18T21:16:41.972329,123.23,68.6,100.0,0.0,100.0,90.4,Medium,2
2025-08-18T21:16:42.018544,123.28,68.5,100.0,0.0,100.0,90.2,Medium,2
2025-08-18T21:16:42.067290,123.33,68.5,100.0,0.0,100.0,90.3,Medium,2
2025-08-18T21:16:42.113294,123.38,68.5,100.0,0.0,100.0,90.3,Medium,2
2025-08-18T21:16:42.190615,123.45,68.5,100.0,0.0,100.0,89.9,Medium,2
2025-08-18T21:16:42.237140,123.5,67.9,100.0,0.0,100.0,86.3,Medium,2
2025-08-18T21:16:42.280552,123.53,68.1,100.0,0.0,100.0,87.1,Medium,2
2025-08-18T21:16:42.329670,123.58,68.7,100.0,0.0,100.0,91.2,Medium,2
2025-08-18T21:16:42.391750,123.64,68.6,100.0,0.0,100.0,90.4,Medium,2
2025-08-18T21:16:42.451880,123.7,67.3,100.0,0.0,100.0,82.1,Medium,2
2025-08-18T21:16:42.510406,123.77,66.0,100.0,0.0,100.0,73.0,Medium,2
2025-08-18T21:16:42.562174,123.81,64.6,100.0,0.0,100.0,63.8,Medium,4
2025-08-18T21:16:42.611598,123.86,62.2,100.0,0.0,95.2,54.3,Medium,6
2025-08-18T21:16:42.671369,123.92,60.4,100.0,0.0,91.9,46.9,Medium,6
2025-08-18T21:16:42.718168,123.97,59.1,100.0,0.0,89.5,41.4,High,6
2025-08-18T21:16:42.763450,124.02,58.3,100.0,0.0,88.2,37.6,High,6
2025-08-18T21:16:42.820749,124.08,58.1,100.0,0.0,88.1,36.3,High,6
2025-08-18T21:16:42.884474,124.14,58.4,100.0,0.0,89.0,37.6,High,6
2025-08-18T21:16:42.932660,124.19,59.1,100.0,0.0,90.9,39.6,High,6
2025-08-18T21:16:42.992334,124.25,59.9,100.0,0.0,93.0,42.0,High,6
2025-08-18T21:16:43.057090,124.31,60.6,100.0,0.0,95.1,44.2,Medium,6
2025-08-18T21:16:43.109211,124.36,61.5,100.0,0.0,97.0,47.3,Medium,6
2025-08-18T21:16:43.153503,124.41,62.1,100.0,0.0,98.5,49.4,Medium,6
2025-08-18T21:16:43.198608,124.45,62.5,100.0,0.0,99.8,50.5,Medium,6
2025-08-18T21:16:43.268713,124.53,62.7,100.0,0.0,100.0,51.1,Medium,4
2025-08-18T21:16:43.340827,124.59,62.8,100.0,0.0,100.0,51.9,Medium,4
2025-08-18T21:16:43.386511,124.64,62.9,100.0,0.0,100.0,52.5,Medium,4
2025-08-18T21:16:43.433057,124.69,63.0,100.0,0.0,100.0,53.1,Medium,4
2025-08-18T21:16:43.491548,124.75,63.1,100.0,0.0,100.0,53.7,Medium,4
2025-08-18T21:16:43.550586,124.81,63.2,100.0,0.0,100.0,54.6,Medium,4
2025-08-18T21:16:43.602842,124.86,63.4,100.0,0.0,100.0,55.8,Medium,4
2025-08-18T21:16:43.646898,124.91,63.5,100.0,0.0,100.0,56.7,Medium,4
2025-08-18T21:16:43.696305,124.95,63.6,100.0,0.0,100.0,57.4,Medium,4
2025-08-18T21:16:43.752660,125.02,63.7,100.0,0.0,100.0,57.8,Medium,4
2025-08-18T21:16:43.815811,125.08,63.7,100.0,0.0,100.0,58.3,Medium,4
2025-08-18T21:16:43.873178,125.12,63.8,100.0,0.0,100.0,58.9,Medium,4
2025-08-18T21:16:43.915682,125.17,63.9,100.0,0.0,100.0,59.2,Medium,4
2025-08-18T21:16:43.962442,125.22,63.9,100.0,0.0,100.0,59.5,Medium,4
2025-08-18T21:16:44.031402,125.28,64.1,100.0,0.0,100.0,60.3,Medium,4
2025-08-18T21:16:44.093429,125.34,64.1,100.0,0.0,100.0,61.0,Medium,4
2025-08-18T21:16:44.139884,125.39,64.2,100.0,0.0,100.0,61.3,Medium,4
2025-08-18T21:16:44.183762,125.44,64.2,100.0,0.0,100.0,61.5,Medium,4
2025-08-18T21:16:44.231468,125.48,64.2,100.0,0.0,100.0,61.6,Medium,4
2025-08-18T21:16:44.286019,125.55,64.3,100.0,0.0,100.0,61.8,Medium,4
2025-08-18T21:16:44.356542,125.61,64.3,100.0,0.0,100.0,61.9,Medium,4
2025-08-18T21:16:44.401056,125.66,64.3,100.0,0.0,100.0,62.0,Medium,4
2025-08-18T21:16:44.444213,125.7,64.3,100.0,0.0,100.0,62.2,Medium,4
2025-08-18T21:16:44.487243,125.75,64.3,100.0,0.0,100.0,62.3,Medium,4
2025-08-18T21:16:44.535644,125.8,64.4,100.0,0.0,100.0,62.4,Medium,4
2025-08-18T21:16:44.581073,125.84,64.4,100.0,0.0,100.0,62.4,Medium,4
2025-08-18T21:16:44.680038,125.94,64.1,100.0,0.0,100.0,60.5,Medium,4
2025-08-18T21:16:44.723926,125.98,63.5,100.0,0.0,100.0,56.5,Medium,4
2025-08-18T21:16:44.771637,126.03,62.7,100.0,0.0,99.5,51.8,Medium,6
2025-08-18T21:16:44.861903,126.12,61.6,100.0,0.0,97.1,47.6,Medium,6
2025-08-18T21:16:44.913767,126.17,60.9,100.0,0.0,95.5,45.1,Medium,6
2025-08-18T21:16:44.956736,126.22,60.4,100.0,0.0,94.4,43.5,Medium,6
2025-08-18T21:16:45.002647,126.27,60.3,100.0,0.0,94.2,43.3,Medium,6
2025-08-18T21:16:45.049294,126.31,60.4,100.0,0.0,94.4,43.7,Medium,6
2025-08-18T21:16:45.106818,126.36,60.7,100.0,0.0,95.3,44.6,Medium,6
2025-08-18T21:16:45.181123,126.44,61.0,100.0,0.0,96.1,45.3,Medium,6
2025-08-18T21:16:45.236856,126.5,61.2,100.0,0.0,96.7,45.7,Medium,6
2025-08-18T21:16:45.280051,126.53,61.3,100.0,0.0,97.1,45.7,Medium,6
2025-08-18T21:16:45.326574,126.58,61.5,100.0,0.0,97.6,46.3,Medium,6
2025-08-18T21:16:45.395809,126.66,61.7,100.0,0.0,98.2,47.1,Medium,6
2025-08-18T21:16:45.459415,126.72,61.9,100.0,0.0,98.7,47.8,Medium,6
2025-08-18T21:16:45.514429,126.77,62.1,100.0,0.0,99.3,48.5,Medium,6
2025-08-18T21:16:45.570201,126.83,62.4,100.0,0.0,100.0,49.6,Medium,4
2025-08-18T21:16:45.627737,126.89,62.7,100.0,0.0,100.0,51.4,Medium,4
2025-08-18T21:16:45.669506,126.92,63.0,100.0,0.0,100.0,53.2,Medium,4
2025-08-18T21:16:45.752534,127.02,63.3,100.0,0.0,100.0,55.3,Medium,4
2025-08-18T21:16:45.807219,127.06,63.7,100.0,0.0,100.0,58.1,Medium,4
2025-08-18T21:16:45.857724,127.11,64.3,100.0,0.0,100.0,62.0,Medium,4
2025-08-18T21:16:45.907914,127.17,64.8,100.0,0.0,100.0,65.4,Medium,4
2025-08-18T21:16:45.968870,127.22,65.2,100.0,0.0,100.0,68.3,Medium,4
2025-08-18T21:16:46.011722,127.27,65.8,100.0,0.0,100.0,71.9,Medium,2
2025-08-18T21:16:46.056591,127.31,66.3,100.0,0.0,100.0,75.3,Medium,2
2025-08-18T21:16:46.102702,127.36,66.7,100.0,0.0,100.0,77.8,Medium,2
2025-08-18T21:16:46.146603,127.41,67.0,100.0,0.0,100.0,79.7,Medium,2
2025-08-18T21:16:46.192840,127.45,67.1,100.0,0.0,100.0,80.8,Medium,2
2025-08-18T21:16:46.242234,127.5,67.2,100.0,0.0,100.0,81.3,Medium,2
2025-08-18T21:16:46.285499,127.55,67.2,100.0,0.0,100.0,81.6,Medium,2
2025-08-18T21:16:46.331391,127.59,67.3,100.0,0.0,100.0,81.9,Medium,2
2025-08-18T21:16:46.417506,127.67,67.3,100.0,0.0,100.0,82.0,Medium,2
2025-08-18T21:16:46.504918,127.77,67.1,99.5,0.0,100.0,81.7,Medium,3
2025-08-18T21:16:46.547312,127.8,66.7,98.6,0.0,100.0,81.3,Medium,3
2025-08-18T21:16:46.595538,127.84,66.3,97.8,0.0,100.0,80.4,Medium,3
2025-08-18T21:16:46.645833,127.91,65.8,97.1,0.0,100.0,78.5,Medium,3
2025-08-18T21:16:46.694264,127.95,65.3,96.6,0.0,100.0,76.6,Medium,3
2025-08-18T21:16:46.745522,128.0,64.9,96.1,0.0,100.0,74.9,Medium,3
2025-08-18T21:16:46.813728,128.06,64.5,95.8,0.0,100.0,73.3,Medium,3
2025-08-18T21:16:46.930565,128.19,64.4,95.9,0.0,100.0,72.1,Medium,3
2025-08-18T21:16:46.987344,128.25,64.4,96.3,0.0,100.0,71.3,Medium,3
2025-08-18T21:16:47.047288,128.3,64.6,97.0,0.0,100.0,70.7,Medium,3
2025-08-18T21:16:47.105852,128.36,64.8,97.9,0.0,100.0,70.0,Medium,5
2025-08-18T21:16:47.153795,128.41,64.9,98.7,0.0,100.0,69.2,Medium,5
2025-08-18T21:16:47.196082,128.45,65.1,99.5,0.0,100.0,68.4,Medium,5
2025-08-18T21:16:47.250040,128.5,65.1,100.0,0.0,100.0,67.6,Medium,4
2025-08-18T21:16:47.319462,128.58,65.0,100.0,0.0,100.0,66.9,Medium,4
2025-08-18T21:16:47.370475,128.62,65.0,100.0,0.0,100.0,66.9,Medium,4
2025-08-18T21:16:47.418066,128.67,65.0,100.0,0.0,100.0,66.9,Medium,4
2025-08-18T21:16:47.482413,128.73,65.0,100.0,0.0,100.0,67.0,Medium,4
2025-08-18T21:16:47.546020,128.8,65.0,100.0,0.0,100.0,67.0,Medium,4
2025-08-18T21:16:47.613587,128.88,65.1,100.0,0.0,100.0,67.3,Medium,4
2025-08-18T21:16:47.655322,128.91,65.1,100.0,0.0,100.0,67.7,Medium,4
2025-08-18T21:16:47.703764,128.95,65.2,100.0,0.0,100.0,68.0,Medium,4
2025-08-18T21:16:47.750092,129.0,65.2,100.0,0.0,100.0,68.1,Medium,4
2025-08-18T21:16:47.795913,129.05,65.2,100.0,0.0,100.0,68.1,Medium,4
2025-08-18T21:16:47.864906,129.12,65.3,100.0,0.0,100.0,68.4,Medium,4
2025-08-18T21:16:47.929545,129.19,65.3,100.0,0.0,100.0,68.8,Medium,4
2025-08-18T21:16:47.979181,129.23,65.4,100.0,0.0,100.0,69.6,Medium,4
2025-08-18T21:16:48.029927,129.28,65.6,100.0,0.0,100.0,70.6,Medium,2
2025-08-18T21:16:48.074585,129.33,65.8,100.0,0.0,100.0,71.9,Medium,2
2025-08-18T21:16:48.123144,129.38,65.9,100.0,0.0,100.0,73.0,Medium,2
2025-08-18T21:16:48.166164,129.42,66.1,100.0,0.0,100.0,73.9,Medium,2
2025-08-18T21:16:48.220525,129.48,66.1,100.0,0.0,100.0,74.2,Medium,2
2025-08-18T21:16:48.258515,129.52,66.2,100.0,0.0,100.0,74.7,Medium,2
2025-08-18T21:16:48.311746,129.56,66.2,100.0,0.0,100.0,74.8,Medium,2
2025-08-18T21:16:48.355159,129.61,66.3,100.0,0.0,100.0,75.0,Medium,2
2025-08-18T21:16:48.402146,129.66,66.3,100.0,0.0,100.0,75.1,Medium,2
2025-08-18T21:16:48.447857,129.7,66.3,100.0,0.0,100.0,75.2,Medium,2
2025-08-18T21:16:48.498231,129.75,66.3,100.0,0.0,100.0,75.1,Medium,2
2025-08-18T21:16:48.546090,129.8,66.3,100.0,0.0,100.0,75.0,Medium,2
2025-08-18T21:16:48.590826,129.84,66.3,100.0,0.0,100.0,75.0,Medium,2
2025-08-18T21:16:48.645529,129.91,66.2,100.0,0.0,100.0,74.9,Medium,2
2025-08-18T21:16:48.684547,129.94,66.2,100.0,0.0,100.0,74.8,Medium,2
2025-08-18T21:16:48.727767,129.98,66.2,100.0,0.0,100.0,74.6,Medium,2
2025-08-18T21:16:48.775293,130.03,66.2,100.0,0.0,100.0,74.4,Medium,2
2025-08-18T21:16:48.821786,130.08,66.1,100.0,0.0,100.0,74.1,Medium,2
2025-08-18T21:16:48.868918,130.12,66.1,100.0,0.0,100.0,73.7,Medium,2
2025-08-18T21:16:48.927840,130.19,66.0,100.0,0.0,100.0,73.1,Medium,2
2025-08-18T21:16:48.985927,130.23,65.9,100.0,0.0,100.0,72.6,Medium,2
2025-08-18T21:16:49.034797,130.3,65.8,100.0,0.0,100.0,72.1,Medium,2
2025-08-18T21:16:49.078045,130.33,65.8,100.0,0.0,100.0,71.7,Medium,2
2025-08-18T21:16:49.122405,130.38,65.7,100.0,0.0,100.0,71.2,Medium,2
2025-08-18T21:16:49.168239,130.42,65.6,100.0,0.0,100.0,70.9,Medium,2
2025-08-18T21:16:49.213299,130.47,65.6,100.0,0.0,100.0,70.5,Medium,2
2025-08-18T21:16:49.258938,130.52,65.5,100.0,0.0,100.0,70.1,Medium,2
2025-08-18T21:16:49.305467,130.56,65.5,100.0,0.0,100.0,69.8,Medium,4
2025-08-18T21:16:49.353589,130.61,65.4,100.0,0.0,100.0,69.6,Medium,4
2025-08-18T21:16:49.402619,130.66,65.4,100.0,0.0,100.0,69.6,Medium,4
2025-08-18T21:16:49.449507,130.7,65.5,100.0,0.0,100.0,69.7,Medium,4
2025-08-18T21:16:49.492334,130.75,65.5,100.0,0.0,100.0,69.8,Medium,4
2025-08-18T21:16:49.545332,130.8,65.5,100.0,0.0,100.0,70.0,Medium,2
2025-08-18T21:16:49.589216,130.84,65.5,100.0,0.0,100.0,70.2,Medium,2
2025-08-18T21:16:49.634665,130.89,65.6,100.0,0.0,100.0,70.4,Medium,2
2025-08-18T21:16:49.683218,130.94,65.6,100.0,0.0,100.0,70.6,Medium,2
2025-08-18T21:16:49.731217,130.98,65.6,100.0,0.0,100.0,70.8,Medium,2
2025-08-18T21:16:49.772253,131.03,65.7,100.0,0.0,100.0,71.5,Medium,2
2025-08-18T21:16:49.820474,131.08,65.8,100.0,0.0,100.0,72.2,Medium,2
2025-08-18T21:16:49.866647,131.12,65.9,100.0,0.0,100.0,72.7,Medium,2
2025-08-18T21:16:49.930237,131.19,66.0,100.0,0.0,100.0,73.2,Medium,2
2025-08-18T21:16:49.977900,131.23,66.1,100.0,0.0,100.0,73.9,Medium,2
2025-08-18T21:16:50.031755,131.28,66.2,100.0,0.0,100.0,74.4,Medium,2
2025-08-18T21:16:50.065912,131.33,66.2,100.0,0.0,100.0,75.0,Medium,2
2025-08-18T21:16:50.113203,131.38,66.3,100.0,0.0,100.0,75.5,Medium,2
2025-08-18T21:16:50.159226,131.42,66.4,100.0,0.0,100.0,76.2,Medium,2
2025-08-18T21:16:50.206326,131.47,66.5,100.0,0.0,100.0,76.7,Medium,2
2025-08-18T21:16:50.265381,131.52,66.6,100.0,0.0,100.0,77.1,Medium,2
2025-08-18T21:16:50.328659,131.58,66.6,100.0,0.0,100.0,77.4,Medium,2
2025-08-18T21:16:50.377869,131.64,66.6,100.0,0.0,100.0,77.7,Medium,2
2025-08-18T21:16:50.426305,131.69,66.6,100.0,0.0,100.0,77.3,Medium,2
2025-08-18T21:16:50.472370,131.73,66.5,100.0,0.0,100.0,76.9,Medium,2
2025-08-18T21:16:50.517114,131.78,66.4,100.0,0.0,100.0,76.2,Medium,2
2025-08-18T21:16:50.567678,131.83,66.4,100.0,0.0,100.0,75.8,Medium,2
2025-08-18T21:16:50.628140,131.89,66.3,100.0,0.0,100.0,75.2,Medium,2
2025-08-18T21:16:50.673233,131.92,66.2,100.0,0.0,100.0,74.8,Medium,2
2025-08-18T21:16:50.721552,131.98,66.2,100.0,0.0,100.0,74.6,Medium,2
2025-08-18T21:16:50.774027,132.03,66.2,100.0,0.0,100.0,74.5,Medium,2
2025-08-18T21:16:50.816571,132.08,66.2,100.0,0.0,100.0,74.4,Medium,2
2025-08-18T21:16:50.862228,132.12,66.2,100.0,0.0,100.0,74.4,Medium,2
2025-08-18T21:16:50.909280,132.17,66.3,100.0,0.0,100.0,75.2,Medium,2
2025-08-18T21:16:50.955536,132.22,66.4,100.0,0.0,100.0,75.8,Medium,2
2025-08-18T21:16:51.002953,132.27,66.5,100.0,0.0,100.0,76.5,Medium,2
2025-08-18T21:16:51.055047,132.31,66.5,100.0,0.0,100.0,76.8,Medium,2
2025-08-18T21:16:51.095452,132.36,66.5,100.0,0.0,100.0,76.4,Medium,2
2025-08-18T21:16:51.140136,132.39,66.3,100.0,0.0,100.0,75.4,Medium,2
2025-08-18T21:16:51.186757,132.44,66.1,100.0,0.0,100.0,74.2,Medium,2
2025-08-18T21:16:51.230514,132.48,66.0,100.0,0.0,100.0,73.0,Medium,2
2025-08-18T21:16:51.278218,132.53,65.8,100.0,0.0,100.0,72.1,Medium,2
2025-08-18T21:16:51.328325,132.58,65.8,100.0,0.0,100.0,71.7,Medium,2
2025-08-18T21:16:51.381666,132.64,66.0,100.0,0.0,100.0,73.0,Medium,2
2025-08-18T21:16:51.415189,132.67,66.2,100.0,0.0,100.0,74.8,Medium,2
2025-08-18T21:16:51.487085,132.75,66.5,100.0,0.0,100.0,76.6,Medium,2
2025-08-18T21:16:51.530700,132.78,67.0,100.0,0.0,100.0,80.1,Medium,2
2025-08-18T21:16:51.580265,132.84,67.6,100.0,0.0,100.0,84.0,Medium,2
2025-08-18T21:16:51.623066,132.88,68.0,100.0,0.0,100.0,86.9,Medium,2
2025-08-18T21:16:51.665263,132.92,67.4,100.0,0.0,100.0,82.8,Medium,2
2025-08-18T21:16:51.714336,132.97,66.9,100.0,0.0,100.0,79.1,Medium,2
2025-08-18T21:16:51.763468,133.02,66.6,100.0,0.0,100.0,77.3,Medium,2
2025-08-18T21:16:51.815712,133.08,66.5,100.0,0.0,100.0,76.6,Medium,2
2025-08-18T21:16:51.854997,133.11,66.5,100.0,0.0,100.0,76.4,Medium,2
2025-08-18T21:16:51.919350,133.17,66.5,100.0,0.0,100.0,76.5,Medium,2
2025-08-18T21:16:51.965221,133.22,66.5,100.0,0.0,100.0,76.7,Medium,2
2025-08-18T21:16:52.008967,133.27,66.5,100.0,0.0,100.0,76.9,Medium,2
2025-08-18T21:16:52.059001,133.31,66.6,100.0,0.0,100.0,77.1,Medium,2
2025-08-18T21:16:52.104828,133.36,66.5,100.0,0.0,100.0,76.7,Medium,2
2025-08-18T21:16:52.153609,133.41,66.4,100.0,0.0,100.0,75.7,Medium,2
2025-08-18T21:16:52.201045,133.45,66.2,100.0,0.0,100.0,74.8,Medium,2
2025-08-18T21:16:52.243439,133.5,66.0,100.0,0.0,100.0,73.1,Medium,2
2025-08-18T21:16:52.305301,133.56,65.8,100.0,0.0,100.0,71.9,Medium,2
2025-08-18T21:16:52.356902,133.61,65.7,100.0,0.0,100.0,71.6,Medium,2
2025-08-18T21:16:52.402623,133.66,65.8,100.0,0.0,100.0,71.7,Medium,2
2025-08-18T21:16:52.456362,133.72,65.8,100.0,0.0,100.0,71.7,Medium,2
2025-08-18T21:16:52.526943,133.78,65.8,100.0,0.0,100.0,71.8,Medium,2
2025-08-18T21:16:52.579663,133.83,65.8,100.0,0.0,100.0,72.3,Medium,2
2025-08-18T21:16:52.637788,133.89,66.0,100.0,0.0,100.0,73.2,Medium,2
2025-08-18T21:16:52.695182,133.95,66.2,100.0,0.0,100.0,74.4,Medium,2
2025-08-18T21:16:52.739943,134.0,66.3,100.0,0.0,100.0,75.6,Medium,2
2025-08-18T21:16:52.785587,134.05,66.6,100.0,0.0,100.0,77.2,Medium,2
2025-08-18T21:16:52.834059,134.09,66.8,100.0,0.0,100.0,78.9,Medium,2
2025-08-18T21:16:52.891174,134.14,67.0,100.0,0.0,100.0,80.2,Medium,2
2025-08-18T21:16:52.927534,134.19,67.2,100.0,0.0,100.0,81.5,Medium,2
2025-08-18T21:16:52.994832,134.25,67.3,100.0,0.0,100.0,82.2,Medium,2
2025-08-18T21:16:53.059400,134.31,67.3,100.0,0.0,100.0,82.3,Medium,2
2025-08-18T21:16:53.110122,134.36,67.3,100.0,0.0,100.0,82.0,Medium,2
2025-08-18T21:16:53.173500,134.42,67.3,100.0,0.0,100.0,82.0,Medium,2
2025-08-18T21:16:53.227090,134.48,67.3,100.0,0.0,100.0,82.1,Medium,2
2025-08-18T21:16:53.285574,134.55,67.4,100.0,0.0,100.0,82.5,Medium,2
2025-08-18T21:16:53.353483,134.61,67.4,100.0,0.0,100.0,82.4,Medium,2
2025-08-18T21:16:53.402026,134.66,67.3,100.0,0.0,100.0,82.1,Medium,2
2025-08-18T21:16:53.444510,134.7,67.3,100.0,0.0,100.0,81.9,Medium,2
2025-08-18T21:16:53.491081,134.75,67.3,100.0,0.0,100.0,81.8,Medium,2
2025-08-18T21:16:53.547707,134.8,67.3,100.0,0.0,100.0,81.9,Medium,2
2025-08-18T21:16:53.603019,134.86,67.3,100.0,0.0,100.0,82.1,Medium,2
2025-08-18T21:16:53.653074,134.91,67.4,100.0,0.0,100.0,82.4,Medium,2
2025-08-18T21:16:53.713914,134.97,67.4,100.0,0.0,100.0,82.8,Medium,2
2025-08-18T21:16:53.762280,135.02,67.5,100.0,0.0,100.0,83.4,Medium,2
2025-08-18T21:16:53.828367,135.08,67.6,100.0,0.0,100.0,83.9,Medium,2
2025-08-18T21:16:53.879935,135.14,67.7,100.0,0.0,100.0,84.4,Medium,2
2025-08-18T21:16:53.942607,135.2,67.7,100.0,0.0,100.0,84.7,Medium,2
2025-08-18T21:16:53.985083,135.23,67.7,100.0,0.0,100.0,84.9,Medium,2
2025-08-18T21:16:54.036472,135.3,67.8,100.0,0.0,100.0,85.2,Medium,2
2025-08-18T21:16:54.081086,135.34,67.8,100.0,0.0,100.0,85.4,Medium,2
2025-08-18T21:16:54.133599,135.39,67.8,100.0,0.0,100.0,85.5,Medium,2
2025-08-18T21:16:54.184038,135.44,67.8,100.0,0.0,100.0,85.6,Medium,2
2025-08-18T21:16:54.236558,135.5,67.8,100.0,0.0,100.0,85.6,Medium,2
2025-08-18T21:16:54.284873,135.55,67.9,100.0,0.0,100.0,85.9,Medium,2
2025-08-18T21:16:54.347418,135.61,67.8,100.0,0.0,100.0,85.6,Medium,2
2025-08-18T21:16:54.393172,135.66,67.8,100.0,0.0,100.0,85.4,Medium,2
2025-08-18T21:16:54.442989,135.7,67.8,100.0,0.0,100.0,85.5,Medium,2
2025-08-18T21:16:54.492241,135.75,67.8,100.0,0.0,100.0,85.1,Medium,2
2025-08-18T21:16:54.591935,135.84,67.7,100.0,0.0,100.0,84.9,Medium,2
2025-08-18T21:16:54.664134,135.92,67.8,100.0,0.0,100.0,85.2,Medium,2
2025-08-18T21:16:54.718223,135.97,67.8,100.0,0.0,100.0,85.5,Medium,2
2025-08-18T21:16:54.783945,136.05,67.9,100.0,0.0,100.0,86.0,Medium,2
2025-08-18T21:16:54.823121,136.08,68.0,100.0,0.0,100.0,86.7,Medium,2
2025-08-18T21:16:54.871740,136.12,68.1,100.0,0.0,100.0,87.3,Medium,2
2025-08-18T21:16:54.923987,136.19,68.2,100.0,0.0,100.0,87.9,Medium,2
2025-08-18T21:16:54.976303,136.23,68.2,100.0,0.0,100.0,88.0,Medium,2
2025-08-18T21:16:55.026791,136.28,68.2,100.0,0.0,100.0,87.9,Medium,2
2025-08-18T21:16:55.071512,136.33,68.2,100.0,0.0,100.0,87.8,Medium,2
2025-08-18T21:16:55.114798,136.38,68.2,100.0,0.0,100.0,87.7,Medium,2
2025-08-18T21:16:55.161405,136.42,68.2,100.0,0.0,100.0,87.7,Medium,2
2025-08-18T21:16:55.214152,136.47,68.1,100.0,0.0,100.0,87.6,Medium,2
2025-08-18T21:16:55.251887,136.52,68.2,100.0,0.0,100.0,87.7,Medium,2
2025-08-18T21:16:55.291330,136.55,68.2,100.0,0.0,100.0,87.9,Medium,2
2025-08-18T21:16:55.348982,136.61,68.2,100.0,0.0,100.0,87.9,Medium,2
2025-08-18T21:16:55.394272,136.66,68.2,100.0,0.0,100.0,87.8,Medium,2
2025-08-18T21:16:55.443313,136.7,68.1,100.0,0.0,100.0,87.4,Medium,2
2025-08-18T21:16:55.508831,136.77,68.1,100.0,0.0,100.0,87.1,Medium,2
2025-08-18T21:16:55.566708,136.83,68.0,100.0,0.0,100.0,86.8,Medium,2
2025-08-18T21:16:55.610966,136.88,68.0,100.0,0.0,100.0,86.6,Medium,2
2025-08-18T21:16:55.677861,136.94,68.0,100.0,0.0,100.0,86.4,Medium,2
2025-08-18T21:16:55.725645,136.98,68.0,100.0,0.0,100.0,86.4,Medium,2
2025-08-18T21:16:55.775063,137.03,68.0,100.0,0.0,100.0,86.5,Medium,2
2025-08-18T21:16:55.828990,137.08,67.8,100.0,0.0,100.0,85.6,Medium,2
2025-08-18T21:16:55.901901,137.16,67.7,100.0,0.0,100.0,84.7,Medium,2
2025-08-18T21:16:55.952952,137.2,67.6,100.0,0.0,100.0,84.0,Medium,2
2025-08-18T21:16:55.999192,137.25,67.5,100.0,0.0,100.0,83.2,Medium,2
2025-08-18T21:16:56.049827,137.31,67.3,100.0,0.0,100.0,82.0,Medium,2
2025-08-18T21:16:56.095358,137.36,67.1,100.0,0.0,100.0,81.0,Medium,2
2025-08-18T21:16:56.141497,137.39,67.0,100.0,0.0,100.0,79.8,Medium,2
2025-08-18T21:16:56.203639,137.45,66.8,100.0,0.0,100.0,79.0,Medium,2
2025-08-18T21:16:56.265343,137.52,66.8,100.0,0.0,100.0,78.7,Medium,2
2025-08-18T21:16:56.304317,137.56,66.8,100.0,0.0,100.0,78.7,Medium,2
2025-08-18T21:16:56.365082,137.62,66.8,100.0,0.0,100.0,78.8,Medium,2
2025-08-18T21:16:56.419489,137.67,66.9,100.0,0.0,100.0,79.1,Medium,2
2025-08-18T21:16:56.459624,137.72,66.9,100.0,0.0,100.0,79.6,Medium,2
2025-08-18T21:16:56.525174,137.78,67.0,100.0,0.0,100.0,79.9,Medium,2
2025-08-18T21:16:56.562351,137.81,67.0,100.0,0.0,100.0,80.2,Medium,2
2025-08-18T21:16:56.625620,137.88,67.0,100.0,0.0,100.0,80.3,Medium,2
2025-08-18T21:16:56.661323,137.92,67.1,100.0,0.0,100.0,80.4,Medium,2
2025-08-18T21:16:56.711508,137.97,67.1,100.0,0.0,100.0,80.4,Medium,2
2025-08-18T21:16:56.758251,138.02,67.0,100.0,0.0,100.0,80.1,Medium,2
2025-08-18T21:16:56.813939,138.08,67.0,100.0,0.0,100.0,79.9,Medium,2
2025-08-18T21:16:56.884404,138.14,66.9,100.0,0.0,100.0,79.6,Medium,2
2025-08-18T21:16:56.935994,138.19,66.9,100.0,0.0,100.0,79.3,Medium,2
2025-08-18T21:16:56.974958,138.23,66.9,100.0,0.0,100.0,79.2,Medium,2
2025-08-18T21:16:57.015013,138.27,66.9,100.0,0.0,100.0,79.3,Medium,2
2025-08-18T21:16:57.079626,138.33,66.9,100.0,0.0,100.0,79.6,Medium,2
2025-08-18T21:16:57.130084,138.39,66.9,100.0,0.0,100.0,79.7,Medium,2
2025-08-18T21:16:57.196007,138.45,66.8,100.0,0.0,100.0,78.8,Medium,2
2025-08-18T21:16:57.230703,138.48,66.7,100.0,0.0,100.0,78.2,Medium,2
2025-08-18T21:16:57.264428,138.52,66.6,100.0,0.0,100.0,77.3,Medium,2
2025-08-18T21:16:57.319735,138.58,66.5,100.0,0.0,100.0,76.6,Medium,2
2025-08-18T21:16:57.361549,138.62,66.4,100.0,0.0,100.0,76.2,Medium,2
2025-08-18T21:16:57.424315,138.69,66.4,100.0,0.0,100.0,76.1,Medium,2
2025-08-18T21:16:57.467769,138.72,66.5,100.0,0.0,100.0,76.4,Medium,2
2025-08-18T21:16:57.520447,138.78,66.5,100.0,0.0,100.0,76.9,Medium,2
2025-08-18T21:16:57.560763,138.81,66.6,100.0,0.0,100.0,77.4,Medium,2
2025-08-18T21:16:57.626352,138.89,66.6,100.0,0.0,100.0,77.5,Medium,2
2025-08-18T21:16:57.669137,138.92,66.7,100.0,0.0,100.0,77.7,Medium,2
2025-08-18T21:16:57.721594,138.98,66.7,100.0,0.0,100.0,78.0,Medium,2
2025-08-18T21:16:57.771618,139.03,66.8,100.0,0.0,100.0,78.6,Medium,2
2025-08-18T21:16:57.808769,139.06,66.9,100.0,0.0,100.0,79.3,Medium,2
2025-08-18T21:16:57.862680,139.12,67.0,100.0,0.0,100.0,80.2,Medium,2
2025-08-18T21:16:57.910122,139.17,67.1,100.0,0.0,100.0,80.8,Medium,2
2025-08-18T21:16:57.953199,139.2,67.2,100.0,0.0,100.0,81.3,Medium,2
2025-08-18T21:16:58.012330,139.27,67.3,100.0,0.0,100.0,81.9,Medium,2
2025-08-18T21:16:58.053105,139.31,67.3,100.0,0.0,100.0,82.1,Medium,2
2025-08-18T21:16:58.123533,139.38,67.3,100.0,0.0,100.0,82.3,Medium,2
2025-08-18T21:16:58.159783,139.42,67.4,100.0,0.0,100.0,82.3,Medium,2
2025-08-18T21:16:58.206954,139.47,67.3,100.0,0.0,100.0,82.0,Medium,2
2025-08-18T21:16:58.258519,139.52,67.2,100.0,0.0,100.0,81.7,Medium,2
2025-08-18T21:16:58.309953,139.56,67.2,100.0,0.0,100.0,81.4,Medium,2
2025-08-18T21:16:58.380428,139.64,67.2,100.0,0.0,100.0,81.1,Medium,2
2025-08-18T21:16:58.433205,139.69,67.2,100.0,0.0,100.0,81.0,Medium,2
2025-08-18T21:16:58.480538,139.73,67.1,100.0,0.0,100.0,81.0,Medium,2
2025-08-18T21:16:58.532631,139.8,67.1,100.0,0.0,100.0,80.8,Medium,2
2025-08-18T21:16:58.564338,139.83,67.1,100.0,0.0,100.0,80.6,Medium,2
2025-08-18T21:16:58.625723,139.88,67.1,100.0,0.0,100.0,80.7,Medium,2
2025-08-18T21:16:58.684098,139.94,67.1,100.0,0.0,100.0,80.8,Medium,2
2025-08-18T21:16:58.739413,140.0,67.2,100.0,0.0,100.0,81.1,Medium,2
2025-08-18T21:16:58.780960,140.03,67.2,100.0,0.0,100.0,81.5,Medium,2
2025-08-18T21:16:58.839641,140.09,67.3,100.0,0.0,100.0,82.3,Medium,2
2025-08-18T21:16:58.888466,140.14,67.4,100.0,0.0,100.0,83.0,Medium,2
2025-08-18T21:16:58.939733,140.19,67.5,100.0,0.0,100.0,83.4,Medium,2
2025-08-18T21:16:58.986937,140.25,67.5,100.0,0.0,100.0,83.3,Medium,2
2025-08-18T21:16:59.021640,140.28,67.4,100.0,0.0,100.0,82.9,Medium,2
2025-08-18T21:16:59.089972,140.34,67.4,100.0,0.0,100.0,82.5,Medium,2
2025-08-18T21:16:59.141550,140.39,67.3,100.0,0.0,100.0,81.9,Medium,2
2025-08-18T21:16:59.179405,140.44,67.3,100.0,0.0,100.0,81.9,Medium,2
2025-08-18T21:16:59.258561,140.52,67.3,100.0,0.0,100.0,82.0,Medium,2
2025-08-18T21:16:59.305982,140.56,67.3,100.0,0.0,100.0,81.7,Medium,2
2025-08-18T21:16:59.363192,140.62,67.2,100.0,0.0,100.0,81.4,Medium,2
2025-08-18T21:16:59.411145,140.67,67.2,100.0,0.0,100.0,81.3,Medium,2
2025-08-18T21:16:59.473274,140.73,67.2,100.0,0.0,100.0,81.3,Medium,2
2025-08-18T21:16:59.524090,140.78,67.2,100.0,0.0,100.0,81.5,Medium,2
2025-08-18T21:16:59.560808,140.81,67.3,100.0,0.0,100.0,81.7,Medium,2
2025-08-18T21:16:59.605945,140.86,67.3,100.0,0.0,100.0,81.8,Medium,2
2025-08-18T21:16:59.653794,140.91,67.2,100.0,0.0,100.0,81.7,Medium,2
2025-08-18T21:16:59.723452,140.97,67.2,100.0,0.0,100.0,81.4,Medium,2
2025-08-18T21:16:59.775525,141.03,67.2,100.0,0.0,100.0,81.1,Medium,2
2025-08-18T21:16:59.818462,141.08,67.1,100.0,0.0,100.0,81.0,Medium,2
2025-08-18T21:16:59.859450,141.11,67.1,100.0,0.0,100.0,81.0,Medium,2
2025-08-18T21:16:59.923351,141.19,67.1,100.0,0.0,100.0,80.5,Medium,2
2025-08-18T21:16:59.970915,141.22,66.9,100.0,0.0,100.0,79.6,Medium,2
2025-08-18T21:17:00.031914,141.28,66.9,100.0,0.0,100.0,79.0,Medium,2
2025-08-18T21:17:00.076164,141.33,66.8,100.0,0.0,100.0,78.5,Medium,2
2025-08-18T21:17:00.109803,141.36,66.8,100.0,0.0,100.0,78.6,Medium,2
2025-08-18T21:17:00.167457,141.42,66.8,100.0,0.0,100.0,78.7,Medium,2
2025-08-18T21:17:00.213590,141.47,66.7,100.0,0.0,100.0,78.1,Medium,2
2025-08-18T21:17:00.259972,141.52,66.7,100.0,0.0,100.0,78.0,Medium,2
2025-08-18T21:17:00.324552,141.58,66.7,100.0,0.0,100.0,78.0,Medium,2
2025-08-18T21:17:00.365551,141.62,66.7,100.0,0.0,100.0,77.8,Medium,2
2025-08-18T21:17:00.404450,141.66,66.7,100.0,0.0,100.0,78.2,Medium,2
2025-08-18T21:17:00.444966,141.7,66.8,100.0,0.0,100.0,78.6,Medium,2
2025-08-18T21:17:00.488410,141.75,66.8,100.0,0.0,100.0,78.8,Medium,2
2025-08-18T21:17:00.542111,141.8,66.8,100.0,0.0,100.0,78.9,Medium,2
2025-08-18T21:17:00.591307,141.84,66.8,100.0,0.0,100.0,79.0,Medium,2
2025-08-18T21:17:00.631725,141.89,66.8,100.0,0.0,100.0,79.0,Medium,2
2025-08-18T21:17:00.679440,141.94,66.8,100.0,0.0,100.0,78.9,Medium,2
2025-08-18T21:17:00.731945,141.98,66.8,100.0,0.0,100.0,78.7,Medium,2
2025-08-18T21:17:00.787089,142.05,66.8,100.0,0.0,100.0,78.7,Medium,2
2025-08-18T21:17:00.832621,142.09,66.8,100.0,0.0,100.0,78.5,Medium,2
2025-08-18T21:17:00.875148,142.12,66.7,100.0,0.0,100.0,78.1,Medium,2
2025-08-18T21:17:00.916413,142.17,66.6,100.0,0.0,100.0,77.7,Medium,2
2025-08-18T21:17:00.950123,142.2,66.6,100.0,0.0,100.0,77.4,Medium,2
2025-08-18T21:17:01.000998,142.25,66.6,100.0,0.0,100.0,77.5,Medium,2
2025-08-18T21:17:01.033803,142.28,66.6,100.0,0.0,100.0,77.4,Medium,2
2025-08-18T21:17:01.076254,142.33,66.6,100.0,0.0,100.0,77.3,Medium,2
2025-08-18T21:17:01.122924,142.38,66.5,100.0,0.0,100.0,76.7,Medium,2
2025-08-18T21:17:01.162034,142.42,66.2,100.0,0.0,100.0,74.5,Medium,2
2025-08-18T21:17:01.211963,142.47,65.8,100.0,0.0,100.0,72.3,Medium,2
2025-08-18T21:17:01.253662,142.52,66.1,100.0,0.0,100.0,73.8,Medium,2
2025-08-18T21:17:01.303574,142.56,66.3,100.0,0.0,100.0,75.3,Medium,2
2025-08-18T21:17:01.364048,142.62,66.5,100.0,0.0,100.0,76.7,Medium,2
2025-08-18T21:17:01.402701,142.66,66.6,100.0,0.0,100.0,77.6,Medium,2
2025-08-18T21:17:01.445498,142.7,66.6,100.0,0.0,100.0,77.2,Medium,2
2025-08-18T21:17:01.509446,142.77,66.5,100.0,0.0,100.0,76.9,Medium,2
2025-08-18T21:17:01.551988,142.81,67.2,100.0,0.0,100.0,81.6,Medium,2
2025-08-18T21:17:01.609653,142.86,68.3,100.0,0.0,100.0,88.6,Medium,2
2025-08-18T21:17:01.655498,142.91,68.0,100.0,0.0,100.0,86.4,Medium,2
2025-08-18T21:17:01.707432,142.97,67.6,100.0,0.0,100.0,83.7,Medium,2
2025-08-18T21:17:01.755120,143.02,67.1,100.0,0.0,100.0,80.3,Medium,2
2025-08-18T21:17:01.800483,143.06,66.6,100.0,0.0,100.0,77.6,Medium,2
2025-08-18T21:17:01.846309,143.11,66.2,100.0,0.0,100.0,74.9,Medium,2
2025-08-18T21:17:01.896808,143.16,66.0,100.0,0.0,100.0,73.2,Medium,2
2025-08-18T21:17:01.933205,143.19,65.8,100.0,0.0,100.0,71.8,Medium,2
2025-08-18T21:17:01.987435,143.25,65.6,100.0,0.0,100.0,70.9,Medium,2
2025-08-18T21:17:02.037733,143.3,65.6,100.0,0.0,100.0,70.5,Medium,2
2025-08-18T21:17:02.079184,143.34,65.5,100.0,0.0,100.0,69.8,Medium,4
2025-08-18T21:17:02.128936,143.39,65.4,100.0,0.0,100.0,69.5,Medium,4
2025-08-18T21:17:02.172868,143.42,65.4,100.0,0.0,100.0,69.3,Medium,4
2025-08-18T21:17:02.216474,143.47,65.4,100.0,0.0,100.0,69.6,Medium,4
2025-08-18T21:17:02.257688,143.52,65.5,100.0,0.0,100.0,69.8,Medium,4
2025-08-18T21:17:02.320652,143.58,65.4,100.0,0.0,100.0,69.6,Medium,4
2025-08-18T21:17:02.369971,143.62,65.5,100.0,0.0,100.0,69.7,Medium,4
2025-08-18T21:17:02.415130,143.67,65.5,100.0,0.0,100.0,69.9,Medium,4
2025-08-18T21:17:02.463998,143.72,65.4,100.0,0.0,100.0,69.5,Medium,4
2025-08-18T21:17:02.508284,143.77,65.4,100.0,0.0,100.0,69.0,Medium,4
2025-08-18T21:17:02.552805,143.81,65.3,100.0,0.0,100.0,68.4,Medium,4
2025-08-18T21:17:02.616527,143.88,65.2,100.0,0.0,100.0,67.9,Medium,4
2025-08-18T21:17:02.675298,143.94,65.1,100.0,0.0,100.0,67.5,Medium,4
2025-08-18T21:17:02.727544,143.98,65.1,100.0,0.0,100.0,67.2,Medium,4
2025-08-18T21:17:02.778030,144.03,65.0,100.0,0.0,100.0,66.9,Medium,4
2025-08-18T21:17:02.819856,144.08,65.0,100.0,0.0,100.0,66.7,Medium,4
2025-08-18T21:17:02.864073,144.12,65.0,100.0,0.0,100.0,67.0,Medium,4
2025-08-18T21:17:02.916278,144.17,65.1,100.0,0.0,100.0,67.4,Medium,4
2025-08-18T21:17:02.972344,144.23,65.1,100.0,0.0,100.0,67.6,Medium,4
2025-08-18T21:17:03.006642,144.27,65.2,100.0,0.0,100.0,67.7,Medium,4
2025-08-18T21:17:03.057720,144.31,65.2,100.0,0.0,100.0,67.8,Medium,4
2025-08-18T21:17:03.098423,144.36,65.2,100.0,0.0,100.0,68.1,Medium,4
2025-08-18T21:17:03.166260,144.42,65.3,100.0,0.0,100.0,68.5,Medium,4
2025-08-18T21:17:03.211804,144.47,65.3,100.0,0.0,100.0,68.7,Medium,4
2025-08-18T21:17:03.259696,144.52,65.3,100.0,0.0,100.0,68.8,Medium,4
2025-08-18T21:17:03.321739,144.58,65.3,100.0,0.0,100.0,68.7,Medium,4
2025-08-18T21:17:03.380129,144.64,65.3,100.0,0.0,100.0,68.9,Medium,4
2025-08-18T21:17:03.435241,144.69,65.4,100.0,0.0,100.0,69.0,Medium,4
2025-08-18T21:17:03.475144,144.73,65.3,100.0,0.0,100.0,68.9,Medium,4
2025-08-18T21:17:03.508672,144.77,65.3,100.0,0.0,100.0,68.7,Medium,4
2025-08-18T21:17:03.549183,144.81,65.3,100.0,0.0,100.0,68.5,Medium,4
2025-08-18T21:17:03.585798,144.84,65.3,100.0,0.0,100.0,68.5,Medium,4
2025-08-18T21:17:03.621536,144.88,65.3,100.0,0.0,100.0,68.7,Medium,4
2025-08-18T21:17:03.660244,144.92,65.3,100.0,0.0,100.0,68.9,Medium,4
2025-08-18T21:17:03.694062,144.95,65.4,100.0,0.0,100.0,69.1,Medium,4
2025-08-18T21:17:03.728288,144.98,65.4,100.0,0.0,100.0,69.2,Medium,4
2025-08-18T21:17:03.769002,145.03,65.4,100.0,0.0,100.0,69.4,Medium,4
2025-08-18T21:17:03.809599,145.06,65.5,100.0,0.0,100.0,69.8,Medium,4
2025-08-18T21:17:03.843062,145.09,65.5,100.0,0.0,100.0,70.2,Medium,2
2025-08-18T21:17:03.879657,145.14,65.6,100.0,0.0,100.0,70.7,Medium,2
2025-08-18T21:17:03.918880,145.17,65.7,100.0,0.0,100.0,71.4,Medium,2
2025-08-18T21:17:03.956812,145.22,65.8,100.0,0.0,100.0,71.7,Medium,2
2025-08-18T21:17:04.001954,145.27,65.8,100.0,0.0,100.0,72.0,Medium,2
2025-08-18T21:17:04.031445,145.28,65.8,100.0,0.0,100.0,72.3,Medium,2
2025-08-18T21:17:04.063007,145.31,65.9,100.0,0.0,100.0,72.6,Medium,2
2025-08-18T21:17:04.100449,145.36,65.9,100.0,0.0,100.0,73.0,Medium,2
2025-08-18T21:17:04.127013,145.39,66.0,100.0,0.0,100.0,73.2,Medium,2
2025-08-18T21:17:04.170093,145.42,66.0,100.0,0.0,100.0,73.4,Medium,2
2025-08-18T21:17:04.216955,145.47,66.1,100.0,0.0,100.0,73.9,Medium,2
2025-08-18T21:17:04.244681,145.5,66.1,100.0,0.0,100.0,74.0,Medium,2
2025-08-18T21:17:04.278779,145.53,66.1,100.0,0.0,100.0,73.9,Medium,2
2025-08-18T21:17:04.311889,145.56,66.1,100.0,0.0,100.0,73.9,Medium,2
